time_s,latency_ms
0.009439,9.4387
0.010655,1.1704
0.011852,1.1899
0.013045,1.1693
0.014545,1.4795
0.016010,1.4580
0.017560,1.5283
0.018826,1.2590
0.019999,1.1656
0.021303,1.2992
0.022544,1.2362
0.023590,1.0375
0.024748,1.1551
0.026083,1.3321
0.027359,1.2724
0.028662,1.2978
0.029711,1.0261
0.031153,1.4356
0.032374,1.2152
0.033737,1.3575
0.034910,1.1689
0.036115,1.2004
0.037447,1.3269
0.038649,1.1990
0.039782,1.1295
0.040737,0.9495
0.041979,1.2373
0.043163,1.1778
0.044526,1.3574
0.045841,1.2923
0.047045,1.1970
0.048537,1.4874
0.049774,1.2195
0.050871,1.0908
0.052148,1.2718
0.053931,1.7652
0.055454,1.5012
0.056938,1.4689
0.058431,1.4726
0.059797,1.3480
0.061438,1.6220
0.062642,1.1859
0.064123,1.4664
0.065866,1.7219
0.067428,1.5417
0.068936,1.4884
0.070456,1.4984
0.071768,1.2931
0.072792,1.0030
0.073684,0.8853
0.074889,1.2010
0.076077,1.1830
0.077790,1.7088
0.079439,1.6291
0.081038,1.5837
0.082423,1.3628
0.084046,1.6083
0.085342,1.2744
0.086677,1.3273
0.087910,1.2198
0.089433,1.5164
0.091027,1.5759
0.092418,1.3696
0.093679,1.2400
0.094641,0.9574
0.095536,0.8911
0.096707,1.1680
0.097915,1.2030
0.099432,1.5120
0.101133,1.6820
0.102532,1.3815
0.103822,1.2743
0.105037,1.2083
0.106149,1.1069
0.107231,1.0608
0.108596,1.3470
0.110139,1.5274
0.111862,1.7022
0.112993,1.1137
0.114314,1.3140
0.115858,1.5248
0.117448,1.5685
0.118862,1.3994
0.120436,1.5548
0.121873,1.4155
0.123138,1.2419
0.124293,1.1484
0.125712,1.4138
0.127357,1.6235
0.128844,1.4664
0.130259,1.3981
0.131930,1.6547
0.133241,1.2921
0.134589,1.3415
0.135860,1.2571
0.137110,1.2427
0.138221,1.1061
0.139539,1.3130
0.140843,1.2810
0.142063,1.2131
0.143244,1.1754
0.144599,1.3496
0.146110,1.4960
0.147610,1.4775
0.149036,1.4108
0.150372,1.3150
0.151840,1.4368
0.153103,1.2420
0.154527,1.4024
0.155771,1.2298
0.157179,1.3861
0.158736,1.5361
0.159910,1.1531
0.160950,1.0327
0.162144,1.1894
0.163133,0.9843
0.164137,0.9986
0.165341,1.2004
0.166656,1.3098
0.167941,1.2646
0.169171,1.2230
0.170373,1.1976
0.171680,1.3023
0.172785,1.0881
0.173950,1.1586
0.175419,1.4493
0.176958,1.5188
0.178293,1.3127
0.179906,1.5923
0.181324,1.3962
0.182622,1.2759
0.184085,1.4486
0.185211,1.1073
0.186612,1.3837
0.188048,1.4235
0.189504,1.4344
0.190919,1.4015
0.192561,1.6209
0.193856,1.2815
0.195445,1.5669
0.196504,1.0452
0.197722,1.2132
0.198963,1.2355
0.200432,1.4647
0.201718,1.2719
0.202864,1.1417
0.204112,1.2422
0.205339,1.2225
0.206484,1.1408
0.207342,0.8538
0.208537,1.1926
0.209711,1.1703
0.210940,1.2242
0.212153,1.2086
0.213535,1.3768
0.214902,1.3481
0.216271,1.3564
0.217953,1.6575
0.219220,1.2442
0.220595,1.3548
0.221935,1.3256
0.223177,1.2195
0.224210,1.0236
0.225326,1.1110
0.226838,1.4870
0.228236,1.3761
0.229647,1.3890
0.230963,1.2962
0.232448,1.4630
0.233876,1.4070
0.234925,1.0376
0.236663,1.7158
0.237880,1.2044
0.239100,1.2132
0.240563,1.4342
0.241741,1.1651
0.242721,0.9733
0.243813,1.0892
0.244909,1.0906
0.246224,1.3104
0.247652,1.3975
0.249110,1.4455
0.250430,1.2980
0.251675,1.2252
0.253118,1.4302
0.254425,1.2855
0.255911,1.4726
0.257440,1.5063
0.258849,1.3957
0.260415,1.5541
0.261837,1.4082
0.263248,1.3911
0.264340,1.0713
0.265380,1.0201
0.266756,1.3469
0.268019,1.2421
0.269443,1.4171
0.271049,1.5937
0.272849,1.7761
0.274445,1.5727
0.275823,1.3646
0.277351,1.5036
0.278973,1.5987
0.280310,1.3170
0.281899,1.5687
0.283504,1.5807
0.284843,1.3264
0.286473,1.6139
0.288059,1.5735
0.289507,1.4288
0.291054,1.5319
0.292464,1.3864
0.293965,1.4835
0.295281,1.2957
0.296636,1.3346
0.297939,1.2903
0.299493,1.5308
0.300773,1.2668
0.302417,1.6291
0.303919,1.4901
0.305417,1.4746
0.306897,1.4671
0.308196,1.2759
0.309608,1.3919
0.311287,1.6664
0.312769,1.4612
0.314370,1.5796
0.315975,1.5633
0.317495,1.4998
0.318934,1.4264
0.320422,1.4676
0.322236,1.7943
0.323717,1.4593
0.324986,1.2452
0.326422,1.4164
0.327871,1.4267
0.329429,1.5352
0.330706,1.2573
0.332229,1.5039
0.334007,1.7561
0.335431,1.3998
0.336752,1.3084
0.338341,1.5658
0.339917,1.5508
0.341470,1.5304
0.342872,1.3897
0.344328,1.4379
0.345921,1.5691
0.347372,1.4303
0.348800,1.3945
0.350088,1.2645
0.351520,1.4114
0.353157,1.6233
0.354261,1.0806
0.355404,1.1233
0.356771,1.3410
0.358360,1.5674
0.360076,1.6938
0.361114,1.0199
0.362161,1.0313
0.363595,1.4131
0.365044,1.4367
0.366220,1.1539
0.367412,1.1853
0.368928,1.5055
0.370442,1.4927
0.371764,1.3065
0.373349,1.5637
0.374899,1.5273
0.376365,1.4433
0.377605,1.1984
0.378628,1.0091
0.379904,1.2632
0.381506,1.5961
0.382798,1.2685
0.384238,1.4223
0.385510,1.2506
0.386705,1.1819
0.387864,1.1525
0.389045,1.1755
0.390200,1.1509
0.391426,1.2114
0.392677,1.2416
0.393851,1.1693
0.395111,1.2552
0.396334,1.2181
0.398065,1.7262
0.399585,1.4982
0.400901,1.3001
0.402385,1.4651
0.404027,1.6037
0.405515,1.4643
0.406966,1.4358
0.408309,1.3212
0.409879,1.5525
0.411302,1.4003
0.412832,1.5110
0.414564,1.7101
0.415962,1.3837
0.417403,1.4194
0.418937,1.5119
0.420427,1.4694
0.421946,1.5050
0.423445,1.4783
0.425229,1.7622
0.426566,1.3151
0.428088,1.5088
0.429889,1.7772
0.431471,1.5655
0.432952,1.4600
0.434423,1.4517
0.435833,1.3971
0.437436,1.5793
0.438866,1.4169
0.440379,1.4914
0.441726,1.3102
0.443134,1.3862
0.444331,1.1761
0.445854,1.5011
0.447441,1.5641
0.449122,1.6687
0.450435,1.2909
0.451729,1.2814
0.453112,1.3706
0.454089,0.9537
0.455111,1.0000
0.456443,1.3253
0.457832,1.3765
0.459297,1.4484
0.460861,1.5430
0.462491,1.6084
0.463927,1.4233
0.465412,1.4622
0.466654,1.2253
0.467773,1.1060
0.468785,0.9914
0.469844,1.0412
0.471451,1.6004
0.472897,1.4316
0.474408,1.4874
0.475858,1.4286
0.477514,1.6352
0.478427,0.8916
0.479339,0.9093
0.480502,1.1599
0.481680,1.1713
0.482869,1.1867
0.483999,1.1253
0.485502,1.4980
0.486950,1.4271
0.488417,1.4457
0.489875,1.4431
0.491491,1.5946
0.492874,1.3682
0.494523,1.6273
0.496011,1.4737
0.497567,1.5350
0.498972,1.3915
0.500496,1.5020
0.501640,1.1306
0.502603,0.9487
0.503551,0.9341
0.504714,1.1585
0.505976,1.2575
0.507446,1.4644
0.508881,1.4125
0.510439,1.5398
0.511705,1.2486
0.512942,1.2176
0.514300,1.3367
0.515677,1.3595
0.517075,1.3847
0.518014,0.9187
0.519009,0.9882
0.520367,1.3360
0.522207,1.8030
0.523944,1.7129
0.525230,1.2688
0.526729,1.4745
0.528328,1.5765
0.529724,1.3734
0.530961,1.2181
0.532344,1.3654
0.533937,1.5716
0.535448,1.4901
0.536783,1.3126
0.538112,1.3085
0.539578,1.4441
0.541244,1.6530
0.542785,1.5177
0.544381,1.5725
0.545936,1.5202
0.547267,1.3074
0.548365,1.0763
0.549894,1.4965
0.551422,1.5069
0.552960,1.5241
0.554288,1.3054
0.555911,1.6043
0.557499,1.5643
0.558748,1.2352
0.560167,1.4054
0.561543,1.3540
0.562817,1.2612
0.564342,1.5190
0.565803,1.4397
0.567332,1.5075
0.568828,1.4747
0.569990,1.1409
0.571638,1.6276
0.573097,1.4450
0.574619,1.5006
0.576085,1.4526
0.577588,1.4822
0.579290,1.6885
0.580710,1.3969
0.581903,1.1722
0.582875,0.9545
0.584113,1.2213
0.585587,1.4531
0.586993,1.3926
0.588432,1.4184
0.590237,1.7900
0.591599,1.3411
0.593059,1.4466
0.594098,1.0183
0.595475,1.3591
0.596943,1.4460
0.598526,1.5598
0.599974,1.4352
0.601426,1.4317
0.602754,1.3114
0.604295,1.5193
0.605415,1.0978
0.606429,0.9961
0.607775,1.3406
0.609165,1.3849
0.610350,1.1642
0.611599,1.2275
0.612861,1.2485
0.614348,1.4806
0.615897,1.5320
0.617383,1.4673
0.619183,1.7654
0.620618,1.4146
0.622031,1.3985
0.622930,0.8784
0.624159,1.2244
0.626084,1.9196
0.627728,1.6191
0.629378,1.6264
0.630814,1.4062
0.632423,1.5862
0.633959,1.5211
0.635417,1.4352
0.636895,1.4632
0.638500,1.5816
0.639717,1.1951
0.641358,1.6179
0.642882,1.4999
0.644519,1.6139
0.646164,1.6317
0.647603,1.4142
0.649085,1.4688
0.650248,1.1384
0.651343,1.0727
0.652937,1.5714
0.654417,1.4584
0.655980,1.5441
0.657300,1.2986
0.658864,1.5425
0.660282,1.3948
0.661745,1.4408
0.663373,1.6053
0.665051,1.6401
0.666431,1.3603
0.667858,1.4142
0.669099,1.2198
0.670216,1.1010
0.671377,1.1413
0.672637,1.2127
0.673620,0.9766
0.674648,1.0243
0.675841,1.1885
0.677007,1.1612
0.678328,1.3169
0.679865,1.5136
0.681415,1.5269
0.682965,1.5326
0.684450,1.4645
0.685946,1.4748
0.687368,1.4045
0.688919,1.5089
0.690364,1.4230
0.691884,1.5001
0.693277,1.3716
0.694770,1.4702
0.696247,1.4566
0.697288,1.0210
0.698859,1.5509
0.700452,1.5686
0.701627,1.1621
0.703096,1.4561
0.704429,1.3100
0.705642,1.1961
0.706827,1.1716
0.708083,1.2489
0.709418,1.3123
0.710663,1.2293
0.711722,1.0464
0.712587,0.8588
0.713497,0.9040
0.714548,1.0478
0.715667,1.1149
0.716781,1.1107
0.717970,1.1843
0.719291,1.3169
0.720611,1.2995
0.722112,1.4853
0.723366,1.2369
0.724754,1.3574
0.726415,1.6384
0.727845,1.4155
0.729433,1.5665
0.731257,1.8100
0.732342,1.0637
0.733908,1.5433
0.735436,1.5043
0.736723,1.2715
0.738149,1.4057
0.739565,1.3997
0.740812,1.2306
0.742299,1.4671
0.743607,1.2824
0.744843,1.2230
0.746346,1.4968
0.747927,1.5580
0.749467,1.5171
0.750982,1.4937
0.752305,1.3056
0.753985,1.6576
0.755307,1.3018
0.756729,1.3996
0.758144,1.3923
0.759422,1.2549
0.760409,0.9788
0.761538,1.1220
0.762744,1.2033
0.763907,1.1576
0.764998,1.0869
0.766436,1.4214
0.767705,1.2536
0.768858,1.1463
0.770456,1.5938
0.771807,1.3358
0.773379,1.5541
0.774982,1.5619
0.776446,1.4430
0.778229,1.7689
0.779631,1.3806
0.781123,1.4775
0.782410,1.2674
0.783863,1.4326
0.785519,1.6353
0.787040,1.5066
0.788565,1.5032
0.789987,1.4078
0.791299,1.3052
0.792748,1.4296
0.794040,1.2701
0.795426,1.3792
0.797274,1.8338
0.798596,1.2997
0.799649,1.0388
0.800867,1.2117
0.802083,1.2117
0.803472,1.3838
0.804875,1.3869
0.806425,1.5295
0.807733,1.2884
0.808740,0.9921
0.809906,1.1598
0.810962,1.0505
0.812179,1.2116
0.813971,1.7880
0.815308,1.3170
0.816679,1.3501
0.817892,1.1918
0.819085,1.1865
0.820297,1.1929
0.821379,1.0649
0.822868,1.4516
0.824600,1.7109
0.825756,1.1414
0.826774,1.0098
0.827957,1.1782
0.829372,1.3908
0.830858,1.4480
0.832227,1.3478
0.833648,1.3995
0.835016,1.3550
0.836504,1.4673
0.837538,1.0191
0.838778,1.2275
0.840089,1.2894
0.841302,1.1957
0.842583,1.2613
0.843406,0.8120
0.844731,1.3158
0.846058,1.3056
0.847512,1.4347
0.848924,1.4014
0.850463,1.5180
0.851865,1.3834
0.853412,1.5236
0.854576,1.1437
0.855558,0.9708
0.856962,1.3916
0.858652,1.6680
0.860220,1.5560
0.861625,1.3891
0.863065,1.4279
0.864407,1.3194
0.865910,1.4889
0.867425,1.4932
0.868595,1.1492
0.870202,1.5956
0.871773,1.5508
0.873291,1.4943
0.874642,1.3277
0.876070,1.4169
0.877409,1.3157
0.878810,1.3853
0.880330,1.4990
0.881734,1.3807
0.883149,1.3931
0.884421,1.2519
0.885853,1.4074
0.887103,1.2299
0.888422,1.2960
0.889898,1.4530
0.890948,1.0263
0.892149,1.1828
0.893562,1.3898
0.894839,1.2661
0.896383,1.5208
0.897719,1.3100
0.898654,0.9160
0.899580,0.9151
0.900932,1.3402
0.902372,1.4171
0.903662,1.2589
0.905311,1.6386
0.906617,1.2842
0.907923,1.2948
0.909367,1.4215
0.910383,0.9831
0.911377,0.9636
0.912946,1.5361
0.914356,1.3863
0.916016,1.6398
0.917398,1.3564
0.918731,1.3122
0.920065,1.3119
0.921467,1.3814
0.922723,1.2381
0.924078,1.3301
0.925355,1.2531
0.926632,1.2599
0.927979,1.3366
0.929467,1.4676
0.930725,1.2354
0.932120,1.3709
0.933105,0.9675
0.933956,0.8306
0.935139,1.1640
0.936440,1.2771
0.937841,1.3806
0.939427,1.5655
0.940749,1.3051
0.942128,1.3561
0.943359,1.2079
0.944746,1.3669
0.945625,0.8615
0.946573,0.9369
0.948081,1.4968
0.949648,1.5416
0.951007,1.3485
0.952408,1.3813
0.953816,1.3943
0.955218,1.3770
0.956897,1.6555
0.957835,0.9169
0.958946,1.0932
0.960352,1.3825
0.961743,1.3703
0.963212,1.4474
0.964747,1.5163
0.966050,1.2833
0.967506,1.4321
0.968698,1.1807
0.969658,0.9483
0.970619,0.9493
0.971891,1.2492
0.973475,1.5619
0.974961,1.4639
0.976058,1.0737
0.977433,1.3573
0.978896,1.4465
0.980330,1.4111
0.981348,0.9966
0.982875,1.5112
0.984301,1.4064
0.985836,1.5170
0.987334,1.4759
0.988662,1.3046
0.990030,1.3577
0.991503,1.4524
0.992914,1.3999
0.994376,1.4383
0.995893,1.4789
0.997355,1.4361
0.998773,1.3945
1.000127,1.3326
1.001758,1.6111
1.002958,1.1807
1.003950,0.9703
1.005212,1.2476
1.006547,1.3121
1.007701,1.1436
1.009079,1.3558
1.010434,1.3367
1.011691,1.2401
1.012989,1.2870
1.013858,0.8501
1.014694,0.8155
1.015626,0.9145
1.017061,1.4244
1.018471,1.3884
1.019728,1.2366
1.021096,1.3452
1.022442,1.3236
1.023717,1.2650
1.025095,1.3594
1.026246,1.1285
1.027354,1.0901
1.028668,1.2950
1.029971,1.2928
1.031435,1.4418
1.032876,1.4203
1.034305,1.4062
1.035631,1.3036
1.036700,1.0584
1.037610,0.8925
1.038907,1.2864
1.040290,1.3620
1.041611,1.2979
1.043067,1.4345
1.044479,1.3917
1.045937,1.4411
1.047333,1.3767
1.048881,1.5280
1.049764,0.8630
1.050790,1.0006
1.052365,1.5527
1.053591,1.2067
1.054857,1.2555
1.056409,1.5187
1.057427,1.0073
1.058564,1.1193
1.059628,1.0577
1.060597,0.9644
1.061313,0.7130
1.062234,0.9175
1.063293,1.0547
1.064595,1.2968
1.065880,1.2709
1.067485,1.5855
1.068880,1.3823
1.070336,1.4305
1.071603,1.2473
1.072956,1.3402
1.074419,1.4389
1.075691,1.2597
1.077316,1.6055
1.078842,1.5039
1.080005,1.1405
1.081332,1.3066
1.083032,1.6774
1.083911,0.8605
1.085267,1.3363
1.086834,1.5435
1.088180,1.3246
1.089301,1.1053
1.090565,1.2475
1.091748,1.1720
1.093163,1.3970
1.094549,1.3665
1.095340,0.7800
1.096172,0.8277
1.097462,1.2719
1.099016,1.5313
1.100493,1.4546
1.102037,1.5321
1.103447,1.3881
1.104868,1.3994
1.106344,1.4557
1.107334,0.9683
1.108207,0.8517
1.109436,1.2113
1.110989,1.5358
1.112474,1.4632
1.113890,1.3957
1.115298,1.3859
1.116904,1.5813
1.118404,1.4767
1.119404,0.9772
1.120252,0.8339
1.121329,1.0642
1.122611,1.2623
1.123875,1.2531
1.125377,1.4803
1.127065,1.6526
1.128559,1.4691
1.129908,1.3385
1.131154,1.2239
1.132013,0.8388
1.133360,1.3253
1.134586,1.2042
1.135923,1.3262
1.137472,1.5269
1.138881,1.3979
1.140366,1.4626
1.141563,1.1534
1.142795,1.2211
1.143900,1.0879
1.145174,1.2559
1.146427,1.2310
1.147855,1.4159
1.149185,1.3074
1.150520,1.3169
1.151775,1.2446
1.153093,1.2977
1.154424,1.3084
1.155286,0.8492
1.156299,1.0010
1.157547,1.2316
1.158889,1.3315
1.160262,1.3502
1.161561,1.2770
1.162877,1.3050
1.164337,1.4384
1.165594,1.2369
1.166949,1.3449
1.168431,1.4575
1.169906,1.4597
1.171626,1.6985
1.172847,1.2098
1.174285,1.4157
1.175542,1.2344
1.176737,1.1838
1.177935,1.1842
1.178936,0.9828
1.180282,1.3240
1.181574,1.2705
1.182934,1.3483
1.184349,1.3951
1.185590,1.2184
1.186901,1.3009
1.188641,1.7189
1.189605,0.9541
1.190370,0.7540
1.191170,0.7959
1.192416,1.2247
1.193883,1.4522
1.195317,1.4116
1.196627,1.2920
1.197868,1.2308
1.199326,1.4387
1.200691,1.3458
1.201806,1.1039
1.202912,1.0885
1.204436,1.5026
1.205668,1.2150
1.206991,1.3126
1.208426,1.4120
1.209779,1.3421
1.211240,1.4408
1.212536,1.2743
1.213323,0.7763
1.214367,1.0392
1.215681,1.2829
1.217060,1.3683
1.218483,1.4015
1.219912,1.4119
1.221258,1.3237
1.222567,1.2870
1.223901,1.3225
1.225237,1.3193
1.226453,1.1969
1.227935,1.4598
1.229292,1.3393
1.230958,1.6443
1.232501,1.5236
1.233889,1.3682
1.235434,1.5211
1.236613,1.1547
1.237415,0.7908
1.238543,1.1171
1.239960,1.4060
1.241265,1.2796
1.242526,1.2392
1.243832,1.2946
1.245188,1.3331
1.246420,1.2096
1.248302,1.8717
1.249958,1.6409
1.251422,1.4470
1.252609,1.1696
1.253847,1.2275
1.254997,1.1437
1.256264,1.2622
1.257622,1.3541
1.259106,1.4704
1.260374,1.2475
1.261797,1.3843
1.263329,1.5099
1.264742,1.3927
1.265708,0.9460
1.266957,1.2412
1.268099,1.1373
1.269618,1.4973
1.270874,1.2427
1.272122,1.2417
1.273749,1.6230
1.274941,1.1697
1.276207,1.2596
1.277996,1.7842
1.279535,1.5207
1.280843,1.2928
1.282189,1.3402
1.283598,1.4030
1.284892,1.2789
1.286419,1.5201
1.287942,1.5044
1.289308,1.3454
1.290945,1.6161
1.292380,1.4161
1.293744,1.3344
1.295464,1.6983
1.296816,1.3359
1.298381,1.5469
1.299669,1.2545
1.300887,1.2139
1.302084,1.1926
1.303368,1.2790
1.304730,1.3573
1.305819,1.0849
1.306986,1.1620
1.308176,1.1852
1.309615,1.4348
1.310834,1.2010
1.311999,1.1583
1.313244,1.2407
1.314712,1.4632
1.316227,1.4956
1.317641,1.3935
1.319292,1.6360
1.320916,1.6041
1.322024,1.0869
1.323441,1.4108
1.324923,1.4644
1.325971,1.0424
1.327213,1.2373
1.328547,1.3298
1.329981,1.4181
1.331592,1.5916
1.333111,1.5034
1.334544,1.4129
1.335802,1.2432
1.336828,1.0202
1.338042,1.2084
1.339319,1.2725
1.340748,1.4099
1.342453,1.6850
1.343804,1.3293
1.345002,1.1922
1.346216,1.2091
1.347327,1.1058
1.349073,1.7244
1.350429,1.3359
1.351712,1.2676
1.352900,1.1823
1.354372,1.4676
1.355751,1.3462
1.356927,1.1569
1.358357,1.4240
1.360170,1.7931
1.361724,1.5355
1.363019,1.2775
1.364063,1.0375
1.365560,1.4923
1.367081,1.5059
1.368537,1.4366
1.369959,1.4073
1.371574,1.5956
1.372762,1.1736
1.373725,0.9565
1.374911,1.1828
1.376381,1.4643
1.377971,1.5557
1.379268,1.2787
1.380292,1.0176
1.381662,1.3485
1.382913,1.2362
1.384502,1.5830
1.385861,1.3444
1.387409,1.5275
1.388987,1.5565
1.390295,1.2856
1.391885,1.5697
1.393447,1.5402
1.394976,1.5166
1.396097,1.0889
1.397554,1.4505
1.399040,1.4722
1.400228,1.1671
1.401425,1.1908
1.402507,1.0761
1.403779,1.2685
1.404962,1.1786
1.406319,1.3533
1.407582,1.2586
1.408725,1.1378
1.409952,1.2229
1.411458,1.5016
1.413057,1.5816
1.414333,1.2532
1.415615,1.2761
1.417015,1.3829
1.418283,1.2614
1.419992,1.6874
1.421205,1.1923
1.422574,1.3504
1.423905,1.3172
1.425157,1.2335
1.426412,1.2338
1.427870,1.4337
1.429421,1.5313
1.430813,1.3707
1.431955,1.1219
1.433450,1.4757
1.435083,1.6123
1.436462,1.3573
1.438001,1.5194
1.439285,1.2621
1.440822,1.5154
1.442095,1.2517
1.443448,1.3317
1.444811,1.3500
1.445855,1.0236
1.447224,1.3504
1.448359,1.1168
1.449592,1.2149
1.450384,0.7823
1.451368,0.9599
1.452656,1.2751
1.453631,0.9650
1.454695,1.0591
1.455678,0.9803
1.456775,1.0920
1.457651,0.8550
1.458577,0.9144
1.460063,1.4751
1.461059,0.9757
1.462680,1.6023
1.464057,1.3669
1.465408,1.3285
1.466872,1.4525
1.468371,1.4760
1.469669,1.2590
1.471058,1.3778
1.472439,1.3590
1.473767,1.3149
1.475078,1.2883
1.476429,1.3283
1.478074,1.6334
1.479449,1.3505
1.480595,1.1267
1.481651,1.0450
1.482879,1.2173
1.484373,1.4714
1.485699,1.2888
1.487026,1.3052
1.488293,1.2443
1.489666,1.3552
1.491042,1.3654
1.492318,1.2534
1.493626,1.2927
1.495071,1.4339
1.496441,1.3476
1.497685,1.2338
1.498977,1.2811
1.500438,1.4368
1.501729,1.2682
1.502864,1.1136
1.504485,1.6017
1.506041,1.5335
1.507421,1.3588
1.508921,1.4896
1.510431,1.4916
1.511905,1.4635
1.513425,1.4974
1.514968,1.5216
1.516279,1.2935
1.517787,1.4910
1.519416,1.6072
1.521051,1.6127
1.522436,1.3640
1.523805,1.3587
1.525240,1.4132
1.526333,1.0868
1.527803,1.4475
1.529404,1.5800
1.530664,1.2398
1.531683,1.0058
1.532844,1.1551
1.533991,1.1420
1.535232,1.2371
1.536424,1.1872
1.537634,1.2055
1.538879,1.2424
1.540074,1.1907
1.541626,1.5472
1.542880,1.2376
1.544121,1.2355
1.545346,1.2207
1.546924,1.5729
1.548173,1.2269
1.549813,1.6198
1.551450,1.6177
1.552942,1.4725
1.554446,1.4861
1.555869,1.4075
1.557433,1.5443
1.558950,1.4946
1.560213,1.2421
1.561327,1.0952
1.562825,1.4780
1.564094,1.2473
1.565312,1.2112
1.566540,1.2236
1.568028,1.4838
1.569192,1.1576
1.570682,1.4690
1.571853,1.1571
1.572877,1.0176
1.574437,1.5553
1.575836,1.3852
1.577231,1.3764
1.578534,1.2968
1.580090,1.5342
1.581237,1.1242
1.582605,1.3628
1.583636,1.0165
1.584907,1.2664
1.586113,1.2008
1.587354,1.2366
1.588669,1.3113
1.589986,1.3007
1.591487,1.4955
1.592983,1.4745
1.594445,1.4419
1.595985,1.5213
1.597134,1.1292
1.598503,1.3635
1.599979,1.4570
1.601327,1.3305
1.603036,1.6871
1.604427,1.3691
1.605917,1.4760
1.607128,1.1900
1.608088,0.9535
1.609526,1.4325
1.610678,1.1379
1.612002,1.3196
1.613576,1.5691
1.614977,1.3829
1.616435,1.4371
1.617814,1.3649
1.618949,1.1140
1.620363,1.3922
1.621765,1.3819
1.623137,1.3548
1.624359,1.2018
1.625821,1.4435
1.627326,1.4840
1.628624,1.2773
1.629558,0.9222
1.630811,1.2402
1.632205,1.3760
1.633644,1.4183
1.635004,1.3477
1.636448,1.4242
1.638067,1.6053
1.639377,1.2892
1.640758,1.3512
1.642098,1.3202
1.643342,1.2239
1.644740,1.3808
1.645711,0.9540
1.646741,1.0090
1.648227,1.4748
1.649453,1.2055
1.650586,1.1296
1.651684,1.0931
1.652751,1.0630
1.653688,0.9307
1.654824,1.1328
1.656007,1.1785
1.657487,1.4753
1.658942,1.4354
1.660315,1.3528
1.661924,1.5897
1.663422,1.4771
1.664575,1.1401
1.665651,1.0566
1.666908,1.2435
1.668366,1.4523
1.669937,1.5387
1.671454,1.4946
1.672808,1.3350
1.674442,1.6136
1.676121,1.6641
1.677538,1.3952
1.678994,1.4439
1.680475,1.4604
1.682105,1.6130
1.683414,1.2877
1.684771,1.3442
1.686189,1.3976
1.687667,1.4573
1.688729,1.0496
1.690412,1.6633
1.691747,1.3218
1.693201,1.4339
1.694863,1.6445
1.695940,1.0600
1.696914,0.9586
1.698461,1.5260
1.699773,1.2889
1.701060,1.2691
1.702421,1.3424
1.703840,1.4030
1.705221,1.3600
1.706399,1.1575
1.708031,1.6151
1.709516,1.4645
1.710796,1.2681
1.711864,1.0477
1.713202,1.3315
1.714362,1.1417
1.715809,1.4396
1.716911,1.0837
1.717855,0.9249
1.719273,1.3944
1.720683,1.3884
1.722204,1.5089
1.723515,1.2905
1.724749,1.2215
1.725903,1.1338
1.727133,1.2241
1.728245,1.0911
1.729680,1.4130
1.731153,1.4565
1.732753,1.5798
1.733840,1.0673
1.735329,1.4819
1.736795,1.4463
1.738377,1.5546
1.740064,1.6533
1.741473,1.3865
1.743033,1.5400
1.744182,1.1283
1.745646,1.4461
1.747261,1.6027
1.748664,1.3830
1.750192,1.5153
1.751600,1.3909
1.753028,1.4161
1.754214,1.1654
1.755242,1.0224
1.756663,1.3985
1.758046,1.3702
1.759450,1.3846
1.761084,1.6192
1.762546,1.4425
1.763983,1.4242
1.765429,1.4252
1.766663,1.2168
1.767735,1.0601
1.769440,1.6832
1.770887,1.4339
1.772427,1.5194
1.773884,1.4433
1.775403,1.5020
1.776744,1.3277
1.778069,1.3051
1.779420,1.3310
1.780775,1.3428
1.782290,1.4932
1.783744,1.4356
1.785199,1.4331
1.786586,1.3684
1.788221,1.6224
1.789417,1.1757
1.790608,1.1769
1.792010,1.3896
1.793354,1.3223
1.794890,1.5196
1.796378,1.4677
1.797920,1.5048
1.799436,1.4945
1.800752,1.2958
1.801840,1.0674
1.803128,1.2684
1.804638,1.4938
1.806162,1.5110
1.807331,1.1476
1.808713,1.3737
1.810188,1.4589
1.811399,1.1949
1.812894,1.4765
1.814337,1.4206
1.815912,1.5566
1.817764,1.8295
1.819338,1.5535
1.820879,1.5201
1.822277,1.3772
1.823267,0.9714
1.824594,1.3073
1.825545,0.9377
1.826814,1.2635
1.827992,1.1729
1.829457,1.4612
1.830760,1.2877
1.831934,1.1536
1.833145,1.2054
1.835038,1.8889
1.836267,1.1937
1.837424,1.1379
1.838607,1.1612
1.839881,1.2696
1.841456,1.5698
1.842917,1.4403
1.844414,1.4770
1.845894,1.4645
1.847446,1.5302
1.849069,1.6068
1.850627,1.5347
1.852166,1.5260
1.853638,1.4472
1.854895,1.2428
1.856460,1.5426
1.857830,1.3574
1.859197,1.3494
1.860602,1.3871
1.862082,1.4663
1.863834,1.7319
1.865586,1.7298
1.867076,1.4770
1.868513,1.4206
1.870024,1.4968
1.871074,1.0332
1.872529,1.4486
1.874016,1.4734
1.875268,1.2320
1.876553,1.2791
1.878033,1.4665
1.879296,1.2380
1.880580,1.2774
1.882071,1.4775
1.883541,1.4490
1.884808,1.2529
1.886364,1.5498
1.887918,1.5336
1.889376,1.4380
1.890660,1.2558
1.892121,1.4477
1.893406,1.2629
1.894516,1.1029
1.895690,1.1704
1.896692,0.9968
1.897807,1.1121
1.898912,1.0996
1.900359,1.4430
1.901857,1.4736
1.903466,1.5926
1.904998,1.5175
1.906215,1.1961
1.907582,1.3495
1.909054,1.4566
1.910585,1.5114
1.912357,1.7568
1.913965,1.5912
1.915414,1.4269
1.916933,1.5042
1.918160,1.2073
1.925101,6.9182
1.926605,1.4802
1.928156,1.5329
1.929361,1.1841
1.930733,1.3516
1.932424,1.6687
1.934024,1.5855
1.935416,1.3741
1.937229,1.7947
1.938660,1.4088
1.940182,1.5067
1.941273,1.0695
1.942347,1.0536
1.943738,1.3707
1.945245,1.4887
1.946625,1.3665
1.948120,1.4813
1.949596,1.4533
1.951098,1.4891
1.952340,1.2193
1.953767,1.4107
1.955377,1.5857
1.956832,1.4166
1.958365,1.5126
1.959778,1.3815
1.961361,1.5669
1.963090,1.7060
1.964255,1.1435
1.965329,1.0549
1.966885,1.5359
1.968439,1.5321
1.970068,1.6159
1.971353,1.2623
1.972960,1.5842
1.974431,1.4488
1.975995,1.5480
1.977526,1.5084
1.978860,1.3214
1.980440,1.5580
1.982309,1.8478
1.983706,1.3744
1.985275,1.5473
1.987027,1.7327
1.988235,1.1870
1.989594,1.3419
1.991059,1.4524
1.992352,1.2721
1.993979,1.6047
1.995426,1.4246
1.996994,1.5481
1.998354,1.3374
1.999624,1.2515
2.001058,1.4227
2.002530,1.4495
2.004015,1.4724
2.005329,1.2924
2.006820,1.4847
2.008428,1.5845
2.009980,1.5363
2.011136,1.1341
2.012254,1.0993
2.013652,1.3779
2.014854,1.1893
2.015862,1.0016
2.016998,1.1187
2.018270,1.2526
2.019432,1.1435
2.020654,1.2162
2.021829,1.1702
2.022940,1.1061
2.024232,1.2873
2.025630,1.3820
2.027090,1.4475
2.028534,1.4187
2.029652,1.1042
2.030827,1.1712
2.032174,1.3426
2.033381,1.2023
2.034635,1.2169
2.035746,1.0980
2.037076,1.3120
2.038582,1.4833
2.040037,1.4419
2.041352,1.2944
2.042420,1.0619
2.043789,1.3555
2.045407,1.5954
2.046645,1.2209
2.047872,1.2139
2.049455,1.5606
2.050943,1.4677
2.052379,1.4144
2.053724,1.3174
2.055331,1.5861
2.056909,1.5569
2.058200,1.2682
2.059568,1.3451
2.060991,1.4106
2.062468,1.4531
2.063937,1.4558
2.065405,1.4441
2.066856,1.4371
2.068345,1.4665
2.069629,1.2613
2.070588,0.9474
2.071833,1.2320
2.073354,1.5136
2.074964,1.5895
2.076263,1.2746
2.077648,1.3638
2.079311,1.6514
2.080858,1.5258
2.081931,1.0527
2.083337,1.3881
2.084764,1.4055
2.086263,1.4765
2.087633,1.3462
2.089085,1.4401
2.090424,1.3159
2.091893,1.4574
2.093282,1.3666
2.094315,1.0116
2.095879,1.5441
2.097439,1.5375
2.098881,1.4208
2.100468,1.5640
2.101881,1.4008
2.103458,1.5505
2.104931,1.4529
2.106531,1.5756
2.107822,1.2709
2.109283,1.4453
2.110584,1.2766
2.112082,1.4858
2.113372,1.2696
2.114897,1.4844
2.116291,1.3710
2.117710,1.3987
2.119371,1.6392
2.120696,1.2835
2.122266,1.5476
2.123550,1.2675
2.124742,1.1795
2.125944,1.1963
2.127638,1.6893
2.128950,1.2981
2.130503,1.5303
2.131960,1.4446
2.133379,1.3956
2.134679,1.2706
2.136156,1.4646
2.137369,1.1904
2.138424,1.0474
2.139421,0.9851
2.140579,1.1511
2.141698,1.1162
2.142887,1.1867
2.144394,1.5021
2.145730,1.3312
2.147379,1.6298
2.149028,1.6100
2.150413,1.3674
2.151786,1.3575
2.153378,1.5748
2.155065,1.6579
2.156427,1.3378
2.157773,1.3309
2.159383,1.5874
2.160961,1.5373
2.162067,1.0838
2.163354,1.2680
2.164677,1.3024
2.166315,1.6252
2.167878,1.5435
2.169354,1.4545
2.170675,1.3007
2.172261,1.5728
2.173672,1.3913
2.175365,1.6735
2.176867,1.4680
2.178455,1.5647
2.179818,1.3477
2.181384,1.5432
2.182843,1.4243
2.184314,1.4477
2.185576,1.2394
2.186853,1.2649
2.188184,1.3085
2.189643,1.4399
2.190954,1.2987
2.192540,1.5635
2.194242,1.6901
2.195663,1.3993
2.197084,1.4077
2.198485,1.3775
2.199987,1.4892
2.201435,1.4255
2.202943,1.4921
2.204413,1.4480
2.205949,1.5240
2.207440,1.4670
2.208625,1.1727
2.209747,1.1090
2.211457,1.6905
2.212945,1.4764
2.214418,1.4503
2.215848,1.4171
2.217375,1.5040
2.218602,1.1994
2.220012,1.3981
2.221443,1.4103
2.223046,1.5846
2.224475,1.4152
2.225965,1.4735
2.227290,1.3029
2.228721,1.4131
2.230217,1.4750
2.231346,1.1081
2.232890,1.5231
2.234477,1.5687
2.235746,1.2552
2.237355,1.5843
2.238948,1.5738
2.240506,1.5355
2.241799,1.2780
2.243448,1.6268
2.244908,1.4399
2.246310,1.3796
2.247688,1.3594
2.249071,1.3617
2.250551,1.4590
2.251960,1.3965
2.253336,1.3547
2.254676,1.3193
2.256124,1.4355
2.257687,1.5433
2.259140,1.4310
2.260683,1.5221
2.262356,1.6523
2.263787,1.4106
2.265364,1.5555
2.266896,1.4941
2.268366,1.4575
2.269890,1.4830
2.271010,1.0995
2.272159,1.1435
2.273617,1.4516
2.274854,1.2241
2.275858,0.9978
2.277142,1.2613
2.278519,1.3545
2.279755,1.2238
2.280900,1.1400
2.282412,1.5063
2.284169,1.7355
2.285538,1.3468
2.286821,1.2690
2.288068,1.2288
2.289514,1.4291
2.291230,1.7022
2.292764,1.5119
2.294335,1.5508
2.295936,1.5822
2.297377,1.4188
2.298954,1.5481
2.300094,1.1190
2.301224,1.1130
2.302710,1.4677
2.304235,1.5024
2.305418,1.1614
2.306882,1.4489
2.308491,1.5849
2.310127,1.6147
2.311630,1.4851
2.312718,1.0749
2.313978,1.2379
2.315429,1.4281
2.316721,1.2786
2.318368,1.6247
2.319911,1.5272
2.321601,1.6659
2.322783,1.1691
2.324076,1.2752
2.325343,1.2493
2.326799,1.4364
2.328177,1.3608
2.329555,1.3552
2.331007,1.4331
2.332511,1.4837
2.333922,1.3900
2.335003,1.0601
2.336154,1.1322
2.337549,1.3780
2.339232,1.6703
2.340641,1.3891
2.341892,1.2388
2.343318,1.4196
2.344939,1.6009
2.346430,1.4671
2.347619,1.1764
2.348856,1.2248
2.350404,1.5255
2.351738,1.3132
2.353274,1.5186
2.354860,1.5671
2.356414,1.5318
2.358141,1.7140
2.359180,1.0163
2.360413,1.2256
2.361941,1.5147
2.363468,1.5042
2.364955,1.4748
2.366353,1.3755
2.367898,1.5261
2.369518,1.5995
2.370644,1.1134
2.371907,1.2508
2.373438,1.5088
2.374780,1.3263
2.376511,1.7065
2.377961,1.4379
2.379280,1.2971
2.380726,1.4281
2.382022,1.2752
2.383221,1.1812
2.384577,1.3359
2.386060,1.4709
2.387806,1.7268
2.389031,1.2074
2.390459,1.4107
2.392017,1.5447
2.393364,1.3272
2.394576,1.1924
2.395643,1.0551
2.396888,1.2329
2.398187,1.2929
2.399558,1.3471
2.401037,1.4663
2.402358,1.2965
2.403910,1.5300
2.405501,1.5684
2.406679,1.1618
2.407627,0.9362
2.408798,1.1587
2.410170,1.3651
2.411634,1.4443
2.413076,1.4298
2.414619,1.5195
2.416046,1.4140
2.417103,1.0366
2.418202,1.0933
2.419617,1.3948
2.421101,1.4613
2.422554,1.4327
2.423892,1.3263
2.425448,1.5331
2.426969,1.5058
2.428513,1.5234
2.429874,1.3480
2.431296,1.4022
2.432789,1.4729
2.434529,1.7191
2.436054,1.5073
2.437508,1.4310
2.438943,1.4226
2.440430,1.4651
2.441849,1.4055
2.443315,1.4466
2.445037,1.7013
2.446320,1.2598
2.447872,1.5365
2.449459,1.5645
2.450939,1.4671
2.452369,1.4090
2.453961,1.5521
2.455369,1.3879
2.456965,1.5585
2.458435,1.4525
2.459849,1.3931
2.461307,1.4344
2.462554,1.2246
2.464099,1.5328
2.465168,1.0463
2.466172,0.9904
2.467557,1.3663
2.468801,1.2318
2.470319,1.5105
2.472160,1.8187
2.473370,1.1909
2.474923,1.5458
2.476495,1.5494
2.477657,1.1493
2.478903,1.2283
2.480490,1.5641
2.482059,1.5572
2.483518,1.4360
2.484769,1.2386
2.486310,1.5225
2.487884,1.5520
2.489297,1.3897
2.490905,1.5888
2.492513,1.5847
2.493978,1.4529
2.495363,1.3625
2.496669,1.2859
2.497974,1.2930
2.499199,1.2065
2.500583,1.3659
2.502076,1.4808
2.503500,1.4183
2.505071,1.5577
2.506370,1.2754
2.507852,1.4472
2.509375,1.5000
2.510951,1.5367
2.512332,1.3598
2.513907,1.5532
2.515414,1.4842
2.516574,1.1473
2.518023,1.4368
2.519229,1.1875
2.521069,1.8335
2.522242,1.1518
2.523300,1.0376
2.524890,1.5676
2.526446,1.5359
2.527679,1.2190
2.529365,1.6740
2.530949,1.5438
2.532334,1.3635
2.533774,1.4193
2.535422,1.6337
2.536931,1.4877
2.538418,1.4672
2.539784,1.3490
2.541339,1.5328
2.542901,1.5402
2.544403,1.4859
2.545592,1.1694
2.546841,1.2358
2.548302,1.4413
2.549920,1.5963
2.551510,1.5704
2.552966,1.4434
2.554450,1.4621
2.555827,1.3649
2.556979,1.1292
2.557995,0.9978
2.559383,1.3682
2.560880,1.4575
2.562380,1.4830
2.563662,1.2529
2.565275,1.6004
2.566954,1.6569
2.568416,1.4415
2.569916,1.4794
2.571379,1.4429
2.572971,1.5503
2.574269,1.2762
2.575631,1.3424
2.576936,1.2923
2.578493,1.5369
2.579780,1.2740
2.581111,1.3113
2.582529,1.3993
2.583847,1.3053
2.585454,1.5881
2.586971,1.5019
2.588384,1.3907
2.589913,1.4986
2.591476,1.5409
2.592667,1.1786
2.593680,1.0011
2.595092,1.3992
2.596553,1.4388
2.597888,1.3233
2.599417,1.5084
2.600724,1.2948
2.602152,1.4072
2.603333,1.1583
2.604323,0.9832
2.605300,0.9554
2.606449,1.1431
2.607651,1.1987
2.608840,1.1843
2.609828,0.9835
2.611379,1.5462
2.612879,1.4584
2.614405,1.5053
2.616101,1.6732
2.617472,1.3474
2.618872,1.3776
2.620089,1.1970
2.621378,1.2677
2.622909,1.4879
2.624122,1.1948
2.625553,1.4246
2.626719,1.1534
2.627652,0.9160
2.628713,1.0545
2.629903,1.1848
2.631413,1.5061
2.633000,1.5596
2.634187,1.1665
2.635591,1.3855
2.637016,1.4123
2.638361,1.3224
2.639606,1.2264
2.640698,1.0800
2.641890,1.1690
2.643377,1.4815
2.644725,1.3131
2.646383,1.6460
2.647897,1.4825
2.649506,1.5867
2.650812,1.2894
2.651918,1.0847
2.653221,1.2850
2.654578,1.3358
2.656074,1.4848
2.657348,1.2514
2.658763,1.4091
2.660353,1.5662
2.662123,1.7490
2.663230,1.0895
2.664721,1.4731
2.666300,1.5678
2.667824,1.5033
2.669290,1.4437
2.670889,1.5834
2.672449,1.5385
2.673812,1.3406
2.675147,1.3124
2.676329,1.1616
2.677692,1.3558
2.679066,1.3552
2.680370,1.2839
2.681868,1.4916
2.683399,1.5127
2.684678,1.2587
2.685955,1.2643
2.687171,1.2001
2.688627,1.4340
2.690142,1.5026
2.691250,1.0860
2.692890,1.6332
2.694492,1.5822
2.695793,1.2882
2.697421,1.6072
2.698877,1.4366
2.700197,1.3012
2.701555,1.3386
2.702958,1.3904
2.704478,1.4967
2.705859,1.3687
2.707432,1.5522
2.708993,1.5485
2.710650,1.6397
2.712119,1.4573
2.713602,1.4626
2.715077,1.4635
2.716577,1.4774
2.718103,1.5118
2.719598,1.4739
2.721072,1.4614
2.722337,1.2423
2.723730,1.3755
2.725360,1.6080
2.726954,1.5725
2.728301,1.3297
2.729851,1.5274
2.731437,1.5635
2.732892,1.4347
2.734409,1.4951
2.735771,1.3495
2.737310,1.5184
2.738876,1.5432
2.740203,1.3054
2.741542,1.3152
2.743009,1.4537
2.744206,1.1754
2.745555,1.3308
2.746911,1.3434
2.748371,1.4383
2.749942,1.5217
2.751439,1.4735
2.752929,1.4782
2.754499,1.5476
2.755589,1.0784
2.756583,0.9812
2.757755,1.1680
2.759171,1.4100
2.760539,1.3636
2.762060,1.5079
2.763313,1.2347
2.764862,1.5430
2.766512,1.6302
2.767716,1.1828
2.769456,1.7179
2.770941,1.4636
2.772479,1.5160
2.774043,1.5436
2.775153,1.0964
2.776666,1.4902
2.778378,1.6998
2.779632,1.2207
2.781118,1.4736
2.782597,1.4565
2.784060,1.4509
2.785543,1.4598
2.786672,1.1174
2.787923,1.2458
2.789419,1.4913
2.790576,1.1344
2.791674,1.0833
2.792724,1.0448
2.793889,1.1601
2.795409,1.5160
2.796883,1.4513
2.798370,1.4708
2.799748,1.3514
2.801367,1.5973
2.802599,1.1920
2.803681,1.0690
2.804970,1.2672
2.806506,1.5297
2.807741,1.2151
2.809155,1.3914
2.810164,0.9891
2.811567,1.3935
2.813233,1.6532
2.814326,1.0713
2.815309,0.9636
2.816713,1.3833
2.818298,1.5624
2.819711,1.3968
2.821309,1.5749
2.822935,1.6031
2.824504,1.5467
2.825937,1.4103
2.827495,1.5365
2.828887,1.3783
2.830407,1.4987
2.831899,1.4769
2.833416,1.4973
2.834960,1.5314
2.836442,1.4604
2.837600,1.1392
2.838777,1.1649
2.840174,1.3768
2.841659,1.4656
2.843155,1.4837
2.844351,1.1783
2.845866,1.5076
2.847420,1.5319
2.848664,1.2258
2.849952,1.2756
2.851419,1.4497
2.853014,1.5785
2.854617,1.5840
2.855895,1.2652
2.857281,1.3643
2.858654,1.3532
2.859852,1.1860
2.860925,1.0508
2.861931,0.9876
2.863347,1.3972
2.864913,1.5460
2.866503,1.5687
2.868071,1.5556
2.869343,1.2527
2.870582,1.2200
2.872275,1.6809
2.873761,1.4644
2.875015,1.2319
2.876506,1.4712
2.877893,1.3755
2.879321,1.4066
2.880937,1.5910
2.882447,1.4889
2.883698,1.2290
2.885106,1.3965
2.886384,1.2557
2.887936,1.5232
2.889411,1.4547
2.890830,1.4011
2.892383,1.5319
2.893842,1.4263
2.895143,1.2804
2.896409,1.2471
2.897964,1.5431
2.899491,1.5058
2.900889,1.3864
2.902504,1.5924
2.903994,1.4781
2.905293,1.2761
2.906533,1.2201
2.907675,1.1296
2.908964,1.2770
2.910305,1.3353
2.911837,1.5111
2.913278,1.4187
2.914591,1.2924
2.915923,1.3119
2.917432,1.4878
2.918705,1.2518
2.920080,1.3535
2.921135,1.0371
2.922067,0.9261
2.922923,0.8507
2.923960,1.0314
2.925464,1.4755
2.926877,1.3957
2.928434,1.5353
2.929770,1.3237
2.931005,1.2141
2.932297,1.2698
2.933514,1.1982
2.934637,1.1116
2.935903,1.2541
2.937278,1.3690
2.938926,1.6277
2.940427,1.4784
2.941636,1.1888
2.942753,1.1045
2.944280,1.5068
2.945821,1.5237
2.947472,1.6281
2.948678,1.1863
2.950162,1.4720
2.951554,1.3712
2.952697,1.1307
2.953785,1.0812
2.955062,1.2727
2.956336,1.2518
2.957792,1.4498
2.959265,1.4549
2.960725,1.4404
2.962295,1.5476
2.963784,1.4666
2.965416,1.6146
2.966951,1.5180
2.968430,1.4571
2.969921,1.4741
2.971411,1.4702
2.972910,1.4771
2.974473,1.5422
2.975732,1.2458
2.976880,1.1292
2.978440,1.5386
2.980049,1.5866
2.981384,1.3148
2.982922,1.5046
2.984432,1.4898
2.985651,1.1974
2.986769,1.1053
2.987670,0.8951
2.988860,1.1865
2.990407,1.5420
2.991932,1.5097
2.993521,1.5670
2.995087,1.5527
2.996557,1.4498
2.997791,1.2205
2.998858,1.0502
3.000197,1.3218
3.002093,1.8751
3.003372,1.2579
3.004782,1.3801
3.006379,1.5754
3.007915,1.5039
3.009419,1.4843
3.010875,1.4426
3.012294,1.4017
3.014068,1.7541
3.015268,1.1817
3.016698,1.4095
3.018261,1.5426
3.019911,1.6293
3.021457,1.5254
3.022767,1.2928
3.024054,1.2672
3.025519,1.4434
3.026895,1.3630
3.028411,1.4979
3.029859,1.4258
3.031335,1.4593
3.032916,1.5609
3.034183,1.2466
3.035570,1.3689
3.036755,1.1729
3.038413,1.6389
3.039940,1.5087
3.041320,1.3594
3.042858,1.5182
3.044497,1.6180
3.045662,1.1526
3.047341,1.6670
3.048897,1.5352
3.050298,1.3826
3.052049,1.7309
3.053407,1.3359
3.054961,1.5355
3.056215,1.2329
3.057580,1.3458
3.059044,1.4513
3.060438,1.3738
3.061741,1.2903
3.063489,1.7267
3.064879,1.3755
3.066313,1.4139
3.067541,1.2067
3.068705,1.1513
3.069945,1.2219
3.071422,1.4711
3.072921,1.4787
3.074493,1.5551
3.075904,1.3910
3.077439,1.5180
3.078790,1.3354
3.080058,1.2497
3.081619,1.5419
3.082906,1.2738
3.084475,1.5480
3.085899,1.4111
3.087343,1.4247
3.088720,1.3562
3.089907,1.1644
3.091213,1.2901
3.092604,1.3682
3.093843,1.2262
3.095297,1.4339
3.096626,1.3119
3.097856,1.2176
3.099474,1.5969
3.100928,1.4290
3.102133,1.1853
3.103495,1.3434
3.104924,1.4129
3.106424,1.4798
3.107877,1.4352
3.109320,1.4215
3.111110,1.7693
3.112569,1.4381
3.113399,0.8180
3.114716,1.3086
3.116317,1.5836
3.117796,1.4590
3.119169,1.3520
3.120595,1.4048
3.121811,1.2029
3.123205,1.3745
3.124656,1.4299
3.126070,1.4023
3.127375,1.2849
3.129263,1.8589
3.130625,1.3416
3.132061,1.4237
3.133428,1.3471
3.134894,1.4530
3.136351,1.4365
3.137861,1.4901
3.139364,1.4827
3.140894,1.4996
3.142383,1.4738
3.143685,1.2591
3.144908,1.2109
3.146270,1.3413
3.147973,1.6826
3.149498,1.5060
3.150982,1.4690
3.152426,1.4236
3.153910,1.4714
3.155372,1.4412
3.156535,1.1300
3.157696,1.1482
3.158901,1.1935
3.160346,1.4383
3.161919,1.5509
3.163335,1.3941
3.164643,1.2876
3.166039,1.3831
3.167307,1.2469
3.168698,1.3737
3.169642,0.9209
3.170545,0.8909
3.171739,1.1901
3.173032,1.2877
3.174425,1.3886
3.176073,1.6311
3.177265,1.1758
3.178530,1.2488
3.179513,0.9696
3.180503,0.9840
3.181345,0.8388
3.182184,0.8312
3.183219,1.0303
3.184428,1.2034
3.185637,1.2016
3.186862,1.2205
3.188377,1.5107
3.189853,1.4437
3.191485,1.6125
3.192922,1.4165
3.194441,1.4998
3.195754,1.2961
3.197451,1.6764
3.199016,1.5499
3.200592,1.5552
3.202051,1.4454
3.203367,1.2958
3.204779,1.3756
3.206354,1.5567
3.207785,1.4101
3.209372,1.5692
3.210945,1.5416
3.212425,1.4613
3.214007,1.5684
3.215440,1.4103
3.216930,1.4750
3.218466,1.5199
3.219686,1.1997
3.220931,1.2323
3.222412,1.4603
3.223756,1.3302
3.224946,1.1778
3.225908,0.9510
3.226941,1.0245
3.228441,1.4945
3.229895,1.4280
3.231014,1.0947
3.232283,1.2623
3.233678,1.3719
3.234931,1.2420
3.236348,1.3952
3.237375,1.0062
3.239042,1.6346
3.240422,1.3590
3.241786,1.3529
3.243179,1.3699
3.244448,1.2504
3.245681,1.2129
3.247019,1.3266
3.248511,1.4714
3.250310,1.7876
3.251956,1.6242
3.253474,1.4966
3.254923,1.4338
3.256434,1.4908
3.257812,1.3610
3.259367,1.5347
3.260856,1.4417
3.262178,1.3037
3.263590,1.3907
3.264953,1.3516
3.266381,1.4107
3.267329,0.9117
3.268606,1.2650
3.269874,1.2582
3.271306,1.4098
3.272580,1.2540
3.273819,1.2277
3.275296,1.4575
3.276511,1.1947
3.278053,1.5314
3.279495,1.4222
3.281004,1.4955
3.282210,1.1861
3.283424,1.1938
3.284655,1.2208
3.286236,1.5699
3.287594,1.3377
3.288930,1.3248
3.290229,1.2794
3.291591,1.3413
3.292751,1.1495
3.293704,0.9342
3.295298,1.5751
3.296593,1.2741
3.297716,1.1127
3.299122,1.3857
3.300896,1.7518
3.302295,1.3766
3.303899,1.5815
3.305422,1.5023
3.306927,1.4879
3.308423,1.4735
3.309788,1.3459
3.311368,1.5561
3.312859,1.4606
3.314015,1.1365
3.315102,1.0684
3.316422,1.2983
3.317668,1.2238
3.318964,1.2850
3.320439,1.4500
3.321784,1.3299
3.323377,1.5711
3.324658,1.2545
3.325987,1.3175
3.327351,1.3434
3.328641,1.2703
3.330009,1.3467
3.331492,1.4613
3.333272,1.7642
3.334917,1.6229
3.336365,1.4257
3.337326,0.9415
3.338309,0.9655
3.339745,1.4179
3.341344,1.5813
3.342721,1.3548
3.344043,1.3006
3.345509,1.4438
3.346938,1.4181
3.348384,1.4239
3.349716,1.2960
3.351414,1.6788
3.352761,1.3321
3.353847,1.0628
3.355407,1.5356
3.356897,1.4787
3.358104,1.1878
3.359535,1.4079
3.360600,1.0470
3.361381,0.7688
3.362570,1.1675
3.363929,1.3480
3.365319,1.3683
3.366569,1.2271
3.368036,1.4562
3.369474,1.4158
3.370879,1.3833
3.372372,1.4706
3.373733,1.3227
3.375082,1.3384
3.376368,1.2655
3.378027,1.6214
3.379626,1.5794
3.380712,1.0753
3.382098,1.3630
3.383348,1.2280
3.384659,1.2909
3.386124,1.4542
3.387407,1.2604
3.388709,1.2869
3.390072,1.3526
3.391518,1.4213
3.392728,1.1996
3.394052,1.3010
3.395379,1.3045
3.396652,1.2479
3.397887,1.2234
3.399365,1.4563
3.400615,1.2179
3.401943,1.3169
3.403242,1.2793
3.404600,1.3375
3.405407,0.7968
3.406224,0.8092
3.407050,0.8137
3.408081,1.0097
3.409379,1.2763
3.410964,1.5554
3.412442,1.4560
3.413698,1.2405
3.414678,0.9665
3.415683,0.9931
3.416780,1.0867
3.417908,1.1098
3.419399,1.4701
3.420778,1.3641
3.422458,1.6578
3.423944,1.4736
3.425368,1.4001
3.426760,1.3521
3.428199,1.4193
3.429598,1.3795
3.430949,1.3405
3.432467,1.4964
3.433883,1.3988
3.435348,1.4441
3.436638,1.2686
3.437778,1.1290
3.439062,1.2629
3.440503,1.4220
3.441752,1.2393
3.443145,1.3714
3.444606,1.4394
3.445993,1.3741
3.447337,1.3280
3.448421,1.0622
3.449857,1.4268
3.451363,1.4829
3.452878,1.4690
3.454376,1.4773
3.455638,1.2273
3.457021,1.3715
3.458414,1.3686
3.459643,1.2049
3.461062,1.4078
3.462504,1.4213
3.464062,1.5471
3.465405,1.3237
3.466859,1.4322
3.468146,1.2647
3.469895,1.7272
3.471378,1.4635
3.472989,1.5751
3.474423,1.4123
3.475661,1.2230
3.477061,1.3895
3.478472,1.3860
3.479663,1.1751
3.480813,1.1396
3.482419,1.5859
3.483785,1.3480
3.484876,1.0700
3.486358,1.4597
3.488088,1.7083
3.489417,1.3070
3.490748,1.3085
3.491876,1.1077
3.492807,0.9250
3.493846,1.0320
3.494820,0.9697
3.495544,0.7196
3.496224,0.6759
3.497099,0.8720
3.498376,1.2726
3.499775,1.3734
3.501354,1.5577
3.502735,1.3594
3.504291,1.5361
3.506006,1.6933
3.507383,1.3564
3.508722,1.2957
3.510293,1.5495
3.511678,1.3643
3.512988,1.2868
3.514414,1.4198
3.515711,1.2882
3.517023,1.2903
3.518231,1.2017
3.519613,1.3771
3.520948,1.3170
3.522240,1.2862
3.523637,1.3906
3.524913,1.2611
3.526379,1.4481
3.527984,1.5705
3.529153,1.1381
3.530570,1.4005
3.532041,1.4497
3.533084,1.0390
3.534432,1.3448
3.535868,1.4230
3.537464,1.5778
3.538528,1.0467
3.539701,1.1585
3.540632,0.9248
3.541796,1.1600
3.542955,1.1535
3.544194,1.2345
3.545231,1.0335
3.546634,1.3980
3.548140,1.4915
3.549871,1.7106
3.551214,1.3241
3.552604,1.3712
3.553873,1.2555
3.555062,1.1830
3.556329,1.2619
3.557956,1.6077
3.559713,1.7368
3.561200,1.4671
3.562301,1.0804
3.563910,1.5873
3.565519,1.5887
3.566625,1.0880
3.567894,1.2545
3.569112,1.2119
3.570332,1.2158
3.571712,1.3753
3.572980,1.2476
3.574436,1.4494
3.575926,1.4738
3.577691,1.7448
3.578953,1.2468
3.580428,1.4692
3.581966,1.5158
3.583277,1.2910
3.584415,1.1202
3.585943,1.5115
3.587432,1.4682
3.588874,1.4259
3.590036,1.1444
3.591421,1.3794
3.592794,1.3545
3.594314,1.5027
3.595770,1.4433
3.597087,1.2969
3.598525,1.4183
3.599782,1.2435
3.601197,1.4115
3.602648,1.4312
3.603927,1.2650
3.605232,1.2850
3.606853,1.6142
3.608319,1.4461
3.609923,1.5837
3.611342,1.4011
3.612758,1.3972
3.613930,1.1546
3.615085,1.1491
3.616605,1.5156
3.617887,1.2675
3.619415,1.5081
3.620905,1.4760
3.622237,1.3129
3.623646,1.4026
3.625359,1.6985
3.626746,1.3661
3.627950,1.1828
3.629267,1.3104
3.630304,1.0164
3.631782,1.4544
3.633281,1.4783
3.634716,1.4134
3.635978,1.2446
3.637364,1.3799
3.638975,1.5909
3.640364,1.3710
3.641734,1.3627
3.643347,1.5893
3.644945,1.5768
3.646455,1.4913
3.647866,1.3940
3.649364,1.4764
3.650897,1.4984
3.652444,1.5236
3.653761,1.3041
3.655277,1.4944
3.656652,1.3694
3.657851,1.1847
3.658829,0.9722
3.659823,0.9875
3.661096,1.2682
3.662782,1.6811
3.664022,1.2220
3.665154,1.1258
3.666734,1.5748
3.668410,1.6576
3.669925,1.4987
3.671221,1.2771
3.673057,1.8172
3.674542,1.4631
3.675931,1.3746
3.677156,1.2182
3.678141,0.9808
3.679429,1.2820
3.680662,1.2261
3.681896,1.2311
3.683037,1.1359
3.684534,1.4920
3.685716,1.1647
3.686812,1.0903
3.688006,1.1887
3.689423,1.4125
3.690797,1.3575
3.692328,1.5119
3.693918,1.5701
3.695433,1.4970
3.696735,1.2874
3.698047,1.2903
3.699398,1.3286
3.700927,1.5211
3.702148,1.2011
3.703520,1.3660
3.704694,1.1549
3.705851,1.1518
3.707182,1.3255
3.708172,0.9849
3.709283,1.1054
3.710607,1.3195
3.712080,1.4576
3.713379,1.2786
3.714705,1.2963
3.715837,1.1134
3.716955,1.1121
3.717923,0.9466
3.719418,1.4756
3.720966,1.5334
3.722450,1.4614
3.724003,1.5398
3.725517,1.4915
3.726835,1.3050
3.728146,1.2978
3.729556,1.4035
3.730905,1.3347
3.732437,1.5255
3.733941,1.4831
3.735372,1.4121
3.737101,1.6937
3.738366,1.2477
3.739830,1.4576
3.740934,1.0834
3.742025,1.0855
3.743248,1.2184
3.744405,1.1517
3.746078,1.6564
3.747587,1.4908
3.749100,1.4986
3.750292,1.1719
3.751675,1.3762
3.752993,1.3042
3.754304,1.2909
3.755827,1.5028
3.757084,1.2360
3.758454,1.3491
3.759936,1.4695
3.761433,1.4765
3.762789,1.3387
3.764539,1.7277
3.766043,1.4851
3.767525,1.4687
3.768742,1.2045
3.770194,1.4386
3.771590,1.3741
3.773106,1.5039
3.774457,1.3295
3.775860,1.3915
3.777172,1.2897
3.778575,1.3799
3.779914,1.3278
3.781178,1.2397
3.782563,1.3631
3.783784,1.2092
3.785183,1.3768
3.786156,0.9505
3.787268,1.0939
3.788565,1.2746
3.789861,1.2852
3.791301,1.4172
3.792422,1.0985
3.793741,1.3074
3.794948,1.1875
3.796339,1.3691
3.797276,0.9161
3.798597,1.3018
3.799907,1.3004
3.801376,1.4460
3.802671,1.2630
3.804041,1.3596
3.805521,1.4572
3.807094,1.5621
3.808517,1.4101
3.809759,1.2306
3.810857,1.0858
3.812355,1.4758
3.813643,1.2652
3.815091,1.4376
3.816427,1.3134
3.817684,1.2440
3.819054,1.3597
3.820493,1.4175
3.821356,0.8521
3.822222,0.8534
3.823423,1.1826
3.824766,1.3308
3.825950,1.1619
3.827145,1.1740
3.828153,0.9927
3.828990,0.8201
3.830123,1.1110
3.831298,1.1545
3.832579,1.2618
3.833356,0.7675
3.834149,0.7877
3.835381,1.2149
3.836649,1.2266
3.837684,1.0265
3.838939,1.2396
3.840467,1.5052
3.841704,1.2171
3.843083,1.3567
3.844378,1.2725
3.845356,0.9420
3.846231,0.8626
3.847702,1.4538
3.849080,1.3685
3.850497,1.3937
3.851640,1.1342
3.852879,1.2305
3.854128,1.2261
3.855450,1.2982
3.856879,1.4159
3.858078,1.1784
3.859472,1.3716
3.860866,1.3792
3.862337,1.4488
3.863584,1.2251
3.864869,1.2745
3.866276,1.3847
3.867583,1.2873
3.868369,0.7757
3.869186,0.8126
3.870412,1.2006
3.871774,1.3517
3.873067,1.2724
3.874493,1.4034
3.875877,1.3743
3.877230,1.3307
3.878383,1.1306
3.879675,1.2653
3.880531,0.8424
3.881306,0.7638
3.882946,1.6369
3.884430,1.4641
3.885852,1.4000
3.887112,1.2377
3.888531,1.3961
3.889994,1.4532
3.890916,0.9004
3.891780,0.8488
3.893076,1.2793
3.894428,1.3291
3.895576,1.1375
3.896624,1.0380
3.897935,1.3005
3.899419,1.4620
3.900665,1.2289
3.901956,1.2806
3.903151,1.1722
3.904012,0.8390
3.905216,1.1845
3.906247,1.0144
3.907574,1.3073
3.908768,1.1835
3.909892,1.1041
3.911267,1.3525
3.912379,1.0885
3.913740,1.3303
3.914817,1.0600
3.915890,1.0555
3.917164,1.2514
3.918568,1.3864
3.919880,1.3019
3.921210,1.3085
3.922359,1.1284
3.923572,1.1943
3.925045,1.4622
3.925859,0.7936
3.926694,0.8198
3.928064,1.3510
3.929362,1.2769
3.930878,1.4837
3.932205,1.3063
3.933623,1.3965
3.935402,1.7686
3.936671,1.2512
3.937850,1.1690
3.939072,1.1997
3.940422,1.3331
3.941888,1.4551
3.943428,1.5176
3.944789,1.3456
3.946311,1.5002
3.947949,1.6174
3.949226,1.2557
3.950586,1.3423
3.951897,1.3004
3.953449,1.5324
3.954947,1.4862
3.956417,1.4492
3.957934,1.4962
3.959438,1.4811
3.960653,1.2042
3.961656,0.9913
3.963044,1.3775
3.964428,1.3643
3.965854,1.4146
3.967375,1.4996
3.968611,1.1976
3.969914,1.2922
3.971506,1.5683
3.972608,1.0818
3.973413,0.7939
3.974629,1.2082
3.975960,1.3203
3.977451,1.4687
3.979069,1.5999
3.980461,1.3712
3.982082,1.6062
3.983407,1.3016
3.984708,1.2844
3.986054,1.3358
3.987464,1.3874
3.988713,1.2296
3.990070,1.3372
3.991372,1.2803
3.992621,1.2214
3.993860,1.2283
3.995104,1.2215
3.996099,0.9776
3.997384,1.2626
3.998757,1.3455
3.999879,1.1002
4.001057,1.1606
4.002509,1.4294
4.003930,1.4105
4.005501,1.5493
4.006695,1.1832
4.007550,0.8383
4.008323,0.7622
4.009587,1.2593
4.010754,1.1487
4.012193,1.4159
4.013524,1.3073
4.015074,1.5400
4.016505,1.4132
4.017869,1.3482
4.019357,1.4669
4.020622,1.2435
4.021958,1.3249
4.023379,1.3993
4.024677,1.2729
4.026195,1.5077
4.027541,1.3252
4.028851,1.2989
4.030349,1.4775
4.031716,1.3466
4.033340,1.6075
4.034670,1.3074
4.036077,1.3955
4.037318,1.2183
4.038608,1.2700
4.039976,1.3561
4.041344,1.3464
4.042268,0.9008
4.043511,1.2260
4.044680,1.1586
4.046012,1.3204
4.047431,1.3975
4.048772,1.3176
4.050270,1.4750
4.051577,1.2836
4.052721,1.1333
4.053927,1.1951
4.055366,1.4197
4.056665,1.2610
4.058019,1.3427
4.059444,1.4081
4.061062,1.6039
4.062114,1.0319
4.062939,0.8101
4.064138,1.1808
4.065444,1.2837
4.066852,1.3926
4.068305,1.4309
4.069653,1.3281
4.071107,1.4431
4.072443,1.3135
4.073808,1.3448
4.074915,1.0868
4.076364,1.4317
4.078019,1.6131
4.079382,1.3410
4.080631,1.2155
4.081958,1.3158
4.083400,1.4196
4.084692,1.2741
4.085642,0.9363
4.086562,0.9083
4.087925,1.3520
4.089170,1.2249
4.090526,1.3355
4.091687,1.1500
4.093084,1.3716
4.094413,1.3085
4.095655,1.2305
4.096792,1.1269
4.097767,0.9557
4.098886,1.1022
4.100305,1.3961
4.101422,1.0945
4.102828,1.3965
4.104500,1.6495
4.105870,1.3479
4.107169,1.2773
4.108261,1.0721
4.109116,0.8367
4.109992,0.8545
4.110840,0.8281
4.111751,0.8900
4.112760,0.9914
4.114102,1.3171
4.115434,1.3095
4.116698,1.2504
4.118088,1.3686
4.119645,1.5345
4.120764,1.1090
4.121605,0.8210
4.122358,0.7419
4.123552,1.1902
4.124761,1.1998
4.126106,1.3219
4.127497,1.3687
4.128709,1.1972
4.130039,1.3113
4.131518,1.4566
4.132799,1.2708
4.134287,1.4671
4.135831,1.5253
4.137214,1.3646
4.138851,1.6146
4.140110,1.2366
4.141419,1.2873
4.142926,1.4965
4.144193,1.2419
4.145430,1.2209
4.147215,1.7714
4.148590,1.3501
4.149948,1.3470
4.151262,1.2928
4.152355,1.0754
4.153846,1.4695
4.155107,1.2388
4.156097,0.9700
4.157436,1.3151
4.158891,1.4410
4.160329,1.4159
4.161268,0.9189
4.162573,1.2850
4.164090,1.5064
4.165450,1.3393
4.166624,1.1538
4.167403,0.7689
4.168305,0.8944
4.169635,1.3176
4.170864,1.2189
4.172338,1.4532
4.173633,1.2707
4.174949,1.3056
4.176435,1.4636
4.177730,1.2729
4.179094,1.3409
4.180532,1.4164
4.181718,1.1747
4.183106,1.3683
4.184427,1.3026
4.185622,1.1826
4.186954,1.3210
4.188420,1.4474
4.189788,1.3474
4.190878,1.0710
4.192085,1.1845
4.193417,1.3120
4.194892,1.4575
4.196365,1.4548
4.197755,1.3562
4.199218,1.4416
4.200608,1.3694
4.201704,1.0782
4.202642,0.9182
4.203580,0.9264
4.204909,1.3181
4.206482,1.5505
4.208161,1.6672
4.209404,1.2218
4.210855,1.4390
4.212337,1.4632
4.213670,1.3102
4.214842,1.1619
4.216040,1.1786
4.217419,1.3566
4.218833,1.4010
4.220338,1.4843
4.221649,1.2891
4.222879,1.2185
4.224376,1.4777
4.225700,1.2866
4.226636,0.9251
4.227591,0.9435
4.228927,1.3255
4.230153,1.2046
4.231639,1.4680
4.232960,1.3101
4.234421,1.4392
4.236055,1.6176
4.237499,1.4210
4.238414,0.8965
4.239649,1.2196
4.241005,1.3465
4.242506,1.4807
4.243931,1.4032
4.245378,1.4258
4.246687,1.2794
4.248033,1.3344
4.249446,1.3943
4.250363,0.9065
4.251342,0.9669
4.252956,1.5949
4.254356,1.3782
4.255964,1.5913
4.257432,1.4521
4.258680,1.2356
4.260139,1.4485
4.261607,1.4467
4.262857,1.2387
4.264026,1.1636
4.265301,1.2697
4.266827,1.5210
4.268463,1.6144
4.269949,1.4742
4.271417,1.4465
4.272984,1.5544
4.274441,1.4396
4.275959,1.5038
4.277333,1.3525
4.278694,1.3555
4.279961,1.2456
4.281479,1.5115
4.283200,1.7007
4.284365,1.1459
4.286089,1.6900
4.287579,1.4737
4.288818,1.2256
4.290107,1.2823
4.291308,1.1951
4.292634,1.3211
4.293950,1.3012
4.295159,1.2030
4.296255,1.0917
4.297640,1.3800
4.299010,1.3545
4.300880,1.8507
4.302533,1.6332
4.303861,1.3125
4.305185,1.3185
4.306331,1.1269
4.307662,1.3115
4.308929,1.2524
4.310157,1.2229
4.311440,1.2654
4.312721,1.2633
4.314010,1.2670
4.315384,1.3681
4.316843,1.4254
4.318406,1.5408
4.319869,1.4495
4.321532,1.6456
4.323028,1.4791
4.324219,1.1725
4.325751,1.5260
4.327355,1.5865
4.328677,1.3008
4.329638,0.9475
4.330884,1.2411
4.332038,1.1488
4.333214,1.1720
4.334511,1.2922
4.336025,1.4995
4.337309,1.2642
4.338675,1.3474
4.339812,1.1234
4.341118,1.3003
4.342698,1.5623
4.343981,1.2618
4.345299,1.3014
4.346885,1.5800
4.348164,1.2587
4.349297,1.1274
4.350764,1.4613
4.352053,1.2714
4.353285,1.2130
4.354645,1.3539
4.356047,1.3884
4.357378,1.3241
4.358920,1.5094
4.360406,1.4652
4.361920,1.4999
4.363157,1.2181
4.364368,1.1909
4.365837,1.4317
4.367049,1.1920
4.368220,1.1655
4.369535,1.3105
4.370830,1.2774
4.371976,1.1399
4.373200,1.2194
4.374313,1.0935
4.375917,1.5829
4.377255,1.3166
4.378656,1.3810
4.380118,1.4490
4.381647,1.5110
4.382879,1.2185
4.384219,1.3334
4.385367,1.1321
4.386404,0.9979
4.387711,1.2868
4.388824,1.1070
4.389908,1.0786
4.391463,1.5508
4.392758,1.2772
4.393952,1.1744
4.395043,1.0830
4.395897,0.8495
4.396935,1.0163
4.398450,1.4962
4.399962,1.4910
4.401137,1.1548
4.402277,1.1336
4.403881,1.5867
4.405208,1.3105
4.406580,1.3530
4.407510,0.9171
4.408269,0.7530
4.409458,1.1855
4.410677,1.2142
4.411901,1.2186
4.413126,1.2207
4.414542,1.4118
4.415815,1.2540
4.416972,1.1503
4.418454,1.4766
4.419668,1.1918
4.420701,1.0182
4.421868,1.1604
4.423279,1.4051
4.424679,1.3944
4.426117,1.4218
4.427366,1.2240
4.428643,1.2697
4.429848,1.1905
4.431289,1.4346
4.432536,1.2267
4.433935,1.3844
4.435072,1.1311
4.436445,1.3683
4.438040,1.5740
4.439371,1.3074
4.440793,1.3905
4.441988,1.1759
4.443128,1.1341
4.444277,1.1292
4.445733,1.4383
4.447359,1.6064
4.448876,1.4967
4.450159,1.2660
4.451378,1.2119
4.452835,1.4533
4.454372,1.5194
4.455747,1.3392
4.457097,1.3301
4.458545,1.4297
4.459828,1.2685
4.460983,1.1487
4.462187,1.1988
4.463394,1.2030
4.464742,1.3417
4.466141,1.3794
4.467346,1.1873
4.469077,1.7248
4.470550,1.4545
4.471825,1.2608
4.472949,1.1176
4.474459,1.5054
4.475945,1.4717
4.477253,1.2885
4.478378,1.1062
4.480006,1.5976
4.481433,1.4087
4.483023,1.5710
4.484370,1.3261
4.485731,1.3268
4.487325,1.5739
4.488698,1.3525
4.489907,1.1945
4.491117,1.2037
4.492314,1.1924
4.493404,1.0854
4.494568,1.1527
4.495728,1.1566
4.497143,1.4107
4.498176,1.0288
4.499266,1.0856
4.500307,1.0364
4.501931,1.6039
4.503286,1.3347
4.504865,1.5611
4.506107,1.2220
4.507134,1.0209
4.508565,1.4259
4.509873,1.2864
4.511002,1.1233
4.512168,1.1605
4.513626,1.4535
4.515057,1.4176
4.516177,1.1025
4.517037,0.8530
4.517962,0.9191
4.519214,1.2475
4.520619,1.3998
4.521838,1.2041
4.523060,1.2167
4.524075,1.0110
4.525452,1.3718
4.526993,1.5266
4.528520,1.5068
4.530026,1.4904
4.531357,1.3107
4.532729,1.3657
4.533929,1.1783
4.535508,1.5592
4.537046,1.5180
4.538339,1.2744
4.539629,1.2844
4.541136,1.4860
4.541900,0.7575
4.543006,1.0996
4.544036,1.0250
4.545427,1.3863
4.547006,1.5591
4.548183,1.1562
4.549510,1.3206
4.550527,1.0022
4.551367,0.8361
4.552626,1.2550
4.553811,1.1819
4.554924,1.1085
4.556272,1.3426
4.557652,1.3761
4.559166,1.4944
4.560630,1.4426
4.561906,1.2604
4.563424,1.5119
4.564951,1.5119
4.566194,1.2203
4.567681,1.4683
4.568961,1.2618
4.570170,1.2034
4.571521,1.3457
4.572757,1.2145
4.574103,1.3409
4.575362,1.2538
4.576643,1.2663
4.577753,1.1038
4.578695,0.9368
4.579933,1.2324
4.581181,1.2432
4.582568,1.3826
4.584266,1.6814
4.585830,1.5432
4.587180,1.3295
4.588410,1.2242
4.589696,1.2667
4.590875,1.1590
4.592065,1.1840
4.593309,1.2388
4.594550,1.2365
4.595810,1.2443
4.597333,1.5167
4.598973,1.6225
4.600418,1.4245
4.602031,1.5975
4.603415,1.3643
4.605055,1.6248
4.606165,1.0893
4.607395,1.2230
4.608725,1.3224
4.610118,1.3730
4.611522,1.3834
4.613025,1.4831
4.614413,1.3819
4.615901,1.4735
4.617432,1.5104
4.619018,1.5669
4.620299,1.2607
4.621905,1.5854
4.623212,1.2911
4.624266,1.0469
4.625346,1.0581
4.626691,1.3238
4.627871,1.1751
4.629002,1.1257
4.630470,1.4641
4.631876,1.3915
4.633359,1.4646
4.634676,1.2984
4.635912,1.2219
4.637369,1.4513
4.638699,1.3009
4.639902,1.1898
4.640739,0.8313
4.641576,0.8309
4.642713,1.1338
4.643982,1.2641
4.645457,1.4707
4.647117,1.6392
4.648366,1.2272
4.649709,1.3359
4.651320,1.5898
4.652518,1.1787
4.653862,1.3286
4.655325,1.4574
4.656719,1.3718
4.658068,1.3289
4.659119,1.0451
4.660556,1.4187
4.662090,1.5196
4.663550,1.4353
4.665095,1.5264
4.666608,1.4956
4.667852,1.2301
4.668956,1.0984
4.669970,1.0088
4.671193,1.2183
4.672426,1.2289
4.673772,1.3312
4.675058,1.2653
4.676427,1.3634
4.677968,1.5267
4.679451,1.4645
4.680714,1.2461
4.681870,1.1386
4.682978,1.1020
4.684221,1.2377
4.685623,1.3970
4.687078,1.4353
4.688373,1.2747
4.689746,1.3665
4.691003,1.2409
4.692299,1.2893
4.693579,1.2752
4.694924,1.3317
4.696220,1.2779
4.697431,1.2054
4.698841,1.4008
4.700408,1.5471
4.701690,1.2656
4.703043,1.3397
4.704426,1.3767
4.705997,1.5499
4.707271,1.2533
4.708649,1.3558
4.710135,1.4646
4.711371,1.2298
4.712649,1.2463
4.713731,1.0683
4.714653,0.9166
4.715840,1.1830
4.716851,1.0063
4.717673,0.8168
4.718764,1.0880
4.719937,1.1687
4.721201,1.2594
4.722592,1.3864
4.724086,1.4773
4.725154,1.0475
4.726446,1.2863
4.727719,1.2576
4.728882,1.1570
4.730213,1.3265
4.731740,1.5064
4.733172,1.4113
4.734621,1.4296
4.736030,1.3949
4.737411,1.3743
4.739004,1.5725
4.740321,1.2972
4.741919,1.5764
4.743375,1.4371
4.744961,1.5514
4.746416,1.4351
4.747698,1.2680
4.748628,0.9107
4.749852,1.2190
4.750984,1.1277
4.752174,1.1854
4.753997,1.8185
4.755426,1.4083
4.756807,1.3665
4.758309,1.4830
4.759519,1.1889
4.760515,0.9821
4.761788,1.2685
4.762983,1.1902
4.764279,1.2913
4.765611,1.3279
4.767176,1.5491
4.768638,1.4419
4.770209,1.5559
4.771780,1.5526
4.773219,1.4218
4.774695,1.4558
4.776008,1.2909
4.777423,1.4090
4.779033,1.5958
4.780496,1.4449
4.782030,1.5119
4.783633,1.5835
4.785127,1.4802
4.786445,1.2999
4.787980,1.5214
4.789400,1.4037
4.791015,1.6009
4.792636,1.6002
4.793926,1.2769
4.795290,1.3457
4.796677,1.3667
4.797977,1.2866
4.799345,1.3616
4.800662,1.3124
4.802188,1.5117
4.803353,1.1591
4.804675,1.3178
4.805679,0.9887
4.806964,1.2808
4.808307,1.3381
4.809835,1.5104
4.811179,1.3240
4.812507,1.3068
4.813907,1.3865
4.815307,1.3785
4.816609,1.2818
4.817577,0.9551
4.818842,1.2521
4.820336,1.4781
4.821662,1.3076
4.823016,1.3422
4.824495,1.4582
4.826059,1.5462
4.827321,1.2460
4.828346,1.0069
4.830022,1.6594
4.831512,1.4703
4.832839,1.3102
4.834326,1.4647
4.835844,1.4987
4.837194,1.3300
4.838553,1.3422
4.839956,1.3917
4.841350,1.3718
4.842593,1.2234
4.843968,1.3631
4.845476,1.4864
4.846992,1.5036
4.848640,1.6284
4.850063,1.4118
4.851380,1.2948
4.852757,1.3437
4.854225,1.4455
4.855587,1.3396
4.856848,1.2501
4.858375,1.5068
4.859895,1.4828
4.861071,1.1540
4.862385,1.2980
4.863871,1.4578
4.865160,1.2670
4.866520,1.3377
4.867846,1.3147
4.869211,1.3440
4.870288,1.0546
4.871830,1.5220
4.872842,0.9903
4.874319,1.4578
4.875594,1.2569
4.877068,1.4626
4.878455,1.3621
4.879926,1.4565
4.881348,1.4002
4.882330,0.9630
4.883341,0.9826
4.884601,1.2426
4.885951,1.3391
4.887418,1.4423
4.888701,1.2713
4.889910,1.1877
4.891375,1.4447
4.892683,1.2696
4.894237,1.5432
4.895861,1.6044
4.897253,1.3701
4.898913,1.6371
4.900433,1.4978
4.901877,1.4321
4.903326,1.4286
4.904680,1.3316
4.905897,1.2062
4.907384,1.4695
4.908685,1.2640
4.910006,1.3099
4.911444,1.4183
4.912872,1.4120
4.914374,1.4819
4.915771,1.3742
4.916639,0.8481
4.917431,0.7803
4.918575,1.1392
4.919878,1.2918
4.921348,1.4476
4.922643,1.2750
4.923956,1.3020
4.925426,1.4497
4.926887,1.4392
4.928091,1.1811
4.929423,1.3124
4.930910,1.4669
4.932418,1.4854
4.933905,1.4674
4.935303,1.3775
4.936441,1.1142
4.937869,1.4178
4.939099,1.2080
4.940171,1.0540
4.941413,1.2209
4.942737,1.3062
4.944083,1.3242
4.945506,1.4030
4.946896,1.3789
4.948205,1.2843
4.949502,1.2751
4.950695,1.1823
4.951627,0.9211
4.952570,0.9316
4.953873,1.2930
4.955152,1.2542
4.956540,1.3664
4.957771,1.2200
4.959073,1.2803
4.960146,1.0500
4.961179,1.0141
4.962506,1.3202
4.963417,0.8968
4.964657,1.2204
4.965960,1.2932
4.967232,1.2491
4.968564,1.3099
4.969887,1.3121
4.971239,1.3295
4.972554,1.2928
4.973876,1.3112
4.975011,1.1133
4.976143,1.1094
4.977434,1.2730
4.978822,1.3660
4.980081,1.2386
4.981497,1.3937
4.983141,1.6218
4.984420,1.2564
4.985886,1.4518
4.987036,1.1313
4.987893,0.8384
4.989040,1.1282
4.990521,1.4585
4.991944,1.4129
4.993338,1.3718
4.994609,1.2484
4.995964,1.3448
4.997418,1.4335
4.998612,1.1715
4.999405,0.7824
5.000656,1.2443
5.001956,1.2790
5.003429,1.4666
5.004901,1.4590
5.006379,1.4566
5.007776,1.3500
5.009413,1.6131
5.010929,1.4984
5.012382,1.4348
5.013997,1.5832
5.015380,1.3617
5.017047,1.6194
5.018412,1.3470
5.019913,1.4776
5.021266,1.3308
5.022771,1.4833
5.023824,1.0328
5.024889,1.0578
5.026167,1.2730
5.027576,1.3886
5.029082,1.4935
5.030281,1.1873
5.031524,1.2365
5.032703,1.1740
5.034018,1.3109
5.035298,1.2749
5.036630,1.3278
5.037925,1.2751
5.039071,1.1397
5.040367,1.2909
5.041883,1.4991
5.043256,1.3550
5.044427,1.1502
5.045686,1.2456
5.046738,1.0465
5.048016,1.2731
5.049507,1.4860
5.050832,1.3038
5.052078,1.2266
5.053334,1.2496
5.054823,1.4832
5.056278,1.4377
5.057712,1.4135
5.059366,1.6398
5.061016,1.6160
5.062413,1.3767
5.063923,1.4966
5.065442,1.4982
5.066603,1.1432
5.067832,1.2152
5.069069,1.2306
5.070286,1.2139
5.071667,1.3766
5.072969,1.2884
5.074408,1.4327
5.075617,1.2012
5.076802,1.1812
5.077892,1.0857
5.079085,1.1882
5.080225,1.1356
5.081510,1.2804
5.082821,1.2912
5.083998,1.1718
5.085240,1.2374
5.086729,1.4836
5.087902,1.1559
5.088785,0.8773
5.090271,1.4802
5.091598,1.3211
5.092889,1.2755
5.094522,1.6272
5.096055,1.5119
5.097280,1.2041
5.098662,1.3756
5.099971,1.2934
5.101523,1.5462
5.102997,1.4573
5.104428,1.4113
5.105746,1.2958
5.107034,1.2653
5.108534,1.4942
5.109908,1.3581
5.111348,1.4220
5.112912,1.5440
5.114417,1.4866
5.115953,1.5217
5.117606,1.6314
5.118933,1.3133
5.120413,1.4591
5.121359,0.9385
5.122600,1.2371
5.123735,1.1320
5.124901,1.1609
5.126101,1.1959
5.127218,1.1125
5.128298,1.0755
5.129529,1.2260
5.130632,1.0980
5.131487,0.8512
5.132471,0.9799
5.133687,1.2115
5.135155,1.4635
5.136851,1.6916
5.138495,1.6226
5.139869,1.3550
5.141443,1.5533
5.142896,1.4342
5.144238,1.3229
5.145630,1.3858
5.147270,1.6216
5.148728,1.4370
5.150198,1.4494
5.151684,1.4657
5.153008,1.3085
5.154373,1.3586
5.156058,1.6510
5.157584,1.5047
5.159194,1.5940
5.160623,1.4108
5.162222,1.5845
5.163614,1.3713
5.165198,1.5699
5.167050,1.8314
5.168278,1.2079
5.169637,1.3386
5.170929,1.2782
5.172002,1.0667
5.173196,1.1896
5.174404,1.2031
5.175598,1.1886
5.176609,1.0081
5.177809,1.1968
5.179030,1.2159
5.180230,1.1959
5.181364,1.1293
5.183255,1.8842
5.184674,1.3970
5.185983,1.2929
5.187141,1.1519
5.188281,1.1353
5.189694,1.3945
5.191113,1.3978
5.192586,1.4674
5.194068,1.4657
5.195298,1.2093
5.196844,1.5402
5.197971,1.1080
5.199017,1.0401
5.200662,1.6402
5.201937,1.2592
5.203147,1.2045
5.204425,1.2727
5.205863,1.4215
5.207181,1.2980
5.208251,1.0641
5.209334,1.0779
5.211119,1.7646
5.212646,1.5062
5.213916,1.2539
5.215466,1.5445
5.217078,1.5966
5.218663,1.5643
5.220116,1.4391
5.221682,1.5446
5.222855,1.1594
5.224036,1.1753
5.225469,1.4226
5.226962,1.4732
5.228497,1.5133
5.230228,1.7132
5.231354,1.1064
5.232885,1.5118
5.234078,1.1723
5.235577,1.4923
5.236853,1.2614
5.237999,1.1403
5.239208,1.2041
5.240514,1.3010
5.241678,1.1488
5.242856,1.1714
5.244231,1.3702
5.245635,1.3837
5.247141,1.4911
5.248197,1.0499
5.249529,1.3268
5.250876,1.3324
5.252047,1.1648
5.253006,0.9541
5.254353,1.3412
5.255845,1.4722
5.257318,1.4521
5.258693,1.3697
5.259711,0.9953
5.260862,1.1314
5.261733,0.8644
5.263199,1.4605
5.264642,1.4385
5.266283,1.6255
5.268104,1.7992
5.269631,1.5085
5.271305,1.6581
5.272774,1.4462
5.274431,1.6396
5.276052,1.6020
5.277316,1.2406
5.278677,1.3551
5.279889,1.1971
5.280978,1.0813
5.282429,1.4453
5.283980,1.5325
5.285345,1.3467
5.286776,1.4129
5.287844,1.0461
5.289218,1.3566
5.290781,1.5414
5.291919,1.1164
5.293289,1.3642
5.294804,1.4952
5.296433,1.6076
5.297786,1.3323
5.298905,1.0986
5.300167,1.2559
5.301400,1.2117
5.302625,1.2158
5.304203,1.5647
5.305565,1.3570
5.306887,1.3085
5.308150,1.2564
5.309199,1.0434
5.310641,1.4375
5.311917,1.2613
5.313420,1.4968
5.314724,1.2872
5.316380,1.6416
5.317955,1.5411
5.319440,1.4650
5.320913,1.4525
5.322263,1.3308
5.323520,1.2509
5.325050,1.5156
5.326231,1.1607
5.327672,1.4352
5.329425,1.7391
5.330746,1.3003
5.331943,1.1752
5.333164,1.2143
5.334570,1.3860
5.335871,1.2801
5.337077,1.1994
5.338598,1.5161
5.340280,1.6687
5.341764,1.4634
5.343079,1.2957
5.344298,1.2009
5.345875,1.5568
5.347303,1.4077
5.348593,1.2828
5.349812,1.2060
5.351254,1.4358
5.352525,1.2667
5.353717,1.1775
5.354832,1.1085
5.356041,1.2046
5.357517,1.4720
5.358827,1.2933
5.360414,1.5675
5.361728,1.2989
5.363053,1.3051
5.364376,1.3159
5.365634,1.2309
5.366859,1.2107
5.368656,1.7775
5.369899,1.2207
5.371212,1.2948
5.372319,1.1011
5.373692,1.3658
5.374878,1.1662
5.376216,1.3322
5.377330,1.0941
5.378276,0.9248
5.379451,1.1539
5.380634,1.1701
5.381545,0.9055
5.382367,0.8184
5.383622,1.2520
5.384853,1.2273
5.386140,1.2820
5.386987,0.8438
5.387810,0.8187
5.388755,0.9397
5.389955,1.1957
5.391196,1.2359
5.392574,1.3733
5.393913,1.3181
5.395495,1.5766
5.396989,1.4780
5.398327,1.3187
5.399987,1.6401
5.401346,1.3389
5.402832,1.4716
5.403919,1.0674
5.404967,1.0418
5.406117,1.1453
5.407550,1.4283
5.408768,1.1982
5.409909,1.1323
5.410974,1.0599
5.412435,1.4564
5.413901,1.4432
5.415423,1.5006
5.417002,1.5633
5.418258,1.2347
5.419643,1.3785
5.421101,1.4440
5.422158,1.0359
5.423540,1.3758
5.424780,1.2258
5.425969,1.1831
5.427499,1.5252
5.428868,1.3544
5.430426,1.5361
5.431911,1.4700
5.433269,1.3383
5.434850,1.5610
5.436432,1.5622
5.438029,1.5778
5.439524,1.4723
5.440818,1.2797
5.441874,1.0498
5.443071,1.1918
5.444455,1.3794
5.446212,1.7438
5.447899,1.6643
5.449210,1.2927
5.450695,1.4669
5.451975,1.2596
5.453490,1.4973
5.454953,1.4434
5.456439,1.4685
5.457887,1.4329
5.459102,1.1948
5.460320,1.2116
5.461830,1.5050
5.463027,1.1755
5.464414,1.3808
5.466107,1.6757
5.467339,1.2127
5.468730,1.3850
5.469951,1.2009
5.471028,1.0701
5.472406,1.3733
5.473970,1.5493
5.475556,1.5648
5.477100,1.5296
5.478571,1.4515
5.479766,1.1806
5.481006,1.2341
5.482522,1.5112
5.483945,1.4081
5.485212,1.2598
5.486363,1.1458
5.487893,1.5242
5.489473,1.5613
5.490836,1.3415
5.492365,1.5071
5.494191,1.8068
5.495673,1.4614
5.496986,1.2983
5.498233,1.2407
5.499512,1.2749
5.500691,1.1633
5.501730,1.0168
5.502995,1.2589
5.504348,1.3480
5.505960,1.5912
5.507314,1.3339
5.508739,1.4044
5.510349,1.5907
5.511705,1.3385
5.512735,1.0085
5.513846,1.1048
5.515371,1.5200
5.516787,1.3829
5.518381,1.5728
5.520012,1.5933
5.521529,1.4964
5.523019,1.4758
5.524100,1.0633
5.525217,1.1104
5.526510,1.2880
5.527934,1.4103
5.529473,1.5263
5.530962,1.4749
5.532114,1.1309
5.533307,1.1876
5.534548,1.2361
5.535687,1.1282
5.536984,1.2938
5.538358,1.3704
5.539969,1.5907
5.541500,1.5104
5.542918,1.4033
5.544417,1.4797
5.545822,1.3899
5.547003,1.1632
5.548423,1.4015
5.549992,1.5547
5.551437,1.4281
5.552728,1.2758
5.554304,1.5584
5.555691,1.3665
5.556867,1.1560
5.558210,1.3368
5.559633,1.4032
5.561084,1.4379
5.562378,1.2738
5.563923,1.5138
5.565229,1.2863
5.566625,1.3896
5.567918,1.2806
5.568999,1.0746
5.570363,1.3584
5.571855,1.4530
5.573467,1.5954
5.574967,1.4823
5.576210,1.2271
5.577540,1.3240
5.578838,1.2838
5.580156,1.3117
5.581407,1.2311
5.582583,1.1684
5.583849,1.2626
5.585406,1.5525
5.586913,1.4844
5.588425,1.5062
5.589906,1.4621
5.591231,1.3051
5.592318,1.0648
5.593713,1.3749
5.594949,1.2235
5.595997,1.0424
5.597143,1.1409
5.598457,1.3093
5.600443,1.9716
5.601906,1.4488
5.603455,1.5282
5.604812,1.3422
5.606376,1.5442
5.607843,1.4271
5.609231,1.3676
5.610645,1.3956
5.612053,1.3944
5.613432,1.3628
5.614862,1.4166
5.616118,1.2358
5.617220,1.0965
5.618521,1.2964
5.619700,1.1751
5.620710,1.0066
5.621829,1.1144
5.622677,0.8435
5.623449,0.7677
5.624406,0.9525
5.625494,1.0821
5.626666,1.1683
5.628010,1.3399
5.629077,1.0622
5.630122,1.0333
5.631212,1.0846
5.632287,1.0693
5.633260,0.9697
5.634145,0.8788
5.635452,1.3028
5.636665,1.2094
5.637878,1.2089
5.639116,1.2330
5.640241,1.1208
5.641648,1.4017
5.642905,1.2381
5.644439,1.5281
5.645679,1.2209
5.646818,1.1335
5.647842,1.0196
5.649159,1.3124
5.650617,1.4381
5.652015,1.3801
5.653236,1.2010
5.654577,1.3356
5.655900,1.3032
5.657248,1.3422
5.658246,0.9931
5.659371,1.1180
5.660684,1.3080
5.662021,1.3171
5.663205,1.1783
5.664516,1.3056
5.665893,1.3610
5.667446,1.5478
5.668960,1.4898
5.670501,1.5237
5.672013,1.4933
5.673314,1.2809
5.674714,1.3936
5.675968,1.2391
5.677459,1.4855
5.678960,1.4797
5.679926,0.9458
5.680869,0.9360
5.682050,1.1761
5.683586,1.5310
5.684863,1.2616
5.686275,1.4055
5.687709,1.4115
5.688988,1.2643
5.690329,1.3357
5.691572,1.2245
5.692588,1.0016
5.693798,1.2060
5.694874,1.0714
5.696048,1.1692
5.697102,1.0495
5.698325,1.2177
5.699769,1.4400
5.701033,1.2431
5.702440,1.4007
5.703582,1.1257
5.704670,1.0814
5.705821,1.1480
5.706994,1.1682
5.708527,1.5281
5.709885,1.3400
5.711353,1.4614
5.712879,1.5059
5.714380,1.4807
5.715663,1.2496
5.716925,1.2471
5.717840,0.9092
5.718925,1.0627
5.720435,1.5041
5.721753,1.3030
5.723181,1.4081
5.724591,1.3892
5.725889,1.2840
5.726953,1.0446
5.727848,0.8892
5.728952,1.0836
5.730453,1.4950
5.731937,1.4686
5.733258,1.3010
5.734605,1.3417
5.736175,1.5530
5.737211,1.0144
5.738496,1.2628
5.739888,1.3698
5.741476,1.5673
5.742690,1.1984
5.743884,1.1758
5.745110,1.2198
5.746544,1.4293
5.748054,1.4959
5.749500,1.4260
5.751035,1.5136
5.752424,1.3713
5.753720,1.2824
5.754927,1.2010
5.756411,1.4786
5.757827,1.3943
5.759379,1.5325
5.760895,1.4840
5.762482,1.5692
5.763971,1.4716
5.765455,1.4667
5.767029,1.5575
5.768201,1.1503
5.769425,1.2178
5.770758,1.3281
5.771688,0.9251
5.772880,1.1871
5.774032,1.1475
5.775531,1.4945
5.777150,1.6022
5.778872,1.7024
5.780494,1.6030
5.782035,1.5210
5.783484,1.4283
5.784781,1.2822
5.786056,1.2558
5.787466,1.4045
5.788723,1.2433
5.789848,1.1180
5.791053,1.2007
5.792459,1.4011
5.793985,1.5116
5.795451,1.4463
5.796940,1.4708
5.798068,1.1078
5.799489,1.4016
5.800971,1.4674
5.802321,1.3301
5.803944,1.6027
5.805347,1.3828
5.806897,1.5284
5.808430,1.5133
5.809893,1.4413
5.811403,1.4874
5.812870,1.4489
5.814117,1.2245
5.815247,1.1238
5.816569,1.3177
5.817859,1.2766
5.818992,1.1171
5.820234,1.2349
5.821422,1.1823
5.822674,1.2453
5.824166,1.4784
5.825591,1.4192
5.826870,1.2635
5.828083,1.2066
5.829100,1.0129
5.830222,1.1043
5.831806,1.5663
5.833478,1.6549
5.835052,1.5598
5.836408,1.3329
5.838053,1.6303
5.839539,1.4641
5.841023,1.4691
5.842603,1.5642
5.843954,1.3366
5.845515,1.5409
5.846677,1.1478
5.847769,1.0764
5.849075,1.2828
5.850565,1.4837
5.852056,1.4782
5.853589,1.5149
5.855067,1.4640
5.856583,1.4953
5.858021,1.4253
5.864414,6.3700
5.866081,1.6483
5.867617,1.5140
5.869019,1.3861
5.870431,1.3906
5.871978,1.5314
5.873382,1.3886
5.875058,1.6403
5.876563,1.4829
5.878212,1.6334
5.879635,1.3998
5.881280,1.6315
5.882875,1.5728
5.884495,1.5959
5.885635,1.1261
5.886953,1.3040
5.888471,1.4950
5.889792,1.3075
5.891356,1.5416
5.892888,1.5102
5.894310,1.3992
5.895606,1.2735
5.896928,1.2990
5.898044,1.0983
5.899383,1.3179
5.900973,1.5528
5.902267,1.2704
5.903970,1.6810
5.905263,1.2730
5.906779,1.4966
5.908464,1.6643
5.909664,1.1876
5.910730,1.0534
5.912377,1.6245
5.913635,1.2205
5.914880,1.2334
5.916376,1.4899
5.917846,1.4369
5.919414,1.5531
5.920958,1.5214
5.922337,1.3589
5.923881,1.5231
5.925453,1.5479
5.927022,1.5559
5.928519,1.4788
5.929963,1.4267
5.931280,1.2931
5.932651,1.3534
5.934150,1.4868
5.935276,1.1034
5.936653,1.3692
5.937845,1.1805
5.939446,1.5767
5.941180,1.7142
5.942600,1.3980
5.943825,1.2123
5.945078,1.2371
5.946509,1.4141
5.947927,1.4056
5.949277,1.3276
5.950818,1.5187
5.952363,1.5243
5.953703,1.3076
5.955343,1.6217
5.956946,1.5808
5.958262,1.2975
5.959885,1.6060
5.961417,1.5104
5.963046,1.6165
5.964594,1.5232
5.965654,1.0468
5.967073,1.4128
5.968236,1.1388
5.969578,1.3252
5.971085,1.4938
5.972412,1.3039
5.973856,1.4299
5.975488,1.6113
5.976875,1.3679
5.978282,1.3844
5.979318,1.0197
5.980856,1.5171
5.982457,1.5767
5.983982,1.5038
5.985291,1.2888
5.986751,1.4400
5.988325,1.5571
5.989714,1.3686
5.991302,1.5656
5.992815,1.4909
5.994267,1.4324
5.995613,1.3295
5.997046,1.4112
5.998233,1.1648
5.999633,1.3939
6.000954,1.3084
6.002074,1.1020
6.003450,1.3586
6.005177,1.7106
6.006572,1.3702
6.008049,1.4649
6.009575,1.5061
6.011057,1.4697
6.012907,1.8282
6.014231,1.3076
6.015876,1.6238
6.017275,1.3762
6.018623,1.3305
6.020114,1.4794
6.021373,1.2363
6.022968,1.5611
6.024521,1.5309
6.025660,1.1258
6.027183,1.5108
6.028586,1.3804
6.030024,1.4251
6.031353,1.3074
6.032837,1.4674
6.034438,1.5782
6.035920,1.4695
6.037321,1.3806
6.038954,1.6122
6.040436,1.4628
6.041799,1.3502
6.043484,1.6614
6.045039,1.5412
6.046438,1.3768
6.047422,0.9727
6.048887,1.4518
6.050488,1.5811
6.051945,1.4440
6.053365,1.3994
6.054872,1.4907
6.056434,1.5392
6.057975,1.5286
6.059351,1.3570
6.060555,1.1872
6.062276,1.7085
6.063853,1.5561
6.065404,1.5350
6.066962,1.5384
6.068439,1.4569
6.069606,1.1544
6.070755,1.1362
6.072349,1.5705
6.074109,1.7361
6.075365,1.2357
6.076885,1.5050
6.078477,1.5697
6.079720,1.2256
6.080873,1.1327
6.082176,1.2842
6.083591,1.3959
6.084708,1.1049
6.086112,1.3975
6.087579,1.4451
6.089042,1.4504
6.090621,1.5567
6.092121,1.4874
6.093540,1.3988
6.094888,1.3349
6.096427,1.5165
6.097708,1.2682
6.098955,1.2250
6.100510,1.5500
6.102048,1.5153
6.103246,1.1748
6.104304,1.0393
6.105851,1.5247
6.107418,1.5460
6.108851,1.4203
6.110547,1.6736
6.111924,1.3648
6.113333,1.3866
6.114632,1.2787
6.116094,1.4484
6.117431,1.3162
6.118895,1.4519
6.120430,1.5146
6.122101,1.6530
6.123564,1.4400
6.124978,1.4016
6.126282,1.2823
6.127356,1.0588
6.128898,1.5215
6.130444,1.5213
6.131882,1.4257
6.133367,1.4622
6.134691,1.2931
6.136295,1.5817
6.137988,1.6684
6.139502,1.4914
6.141248,1.7342
6.142637,1.3690
6.144184,1.5333
6.145351,1.1452
6.147030,1.6566
6.148445,1.3940
6.149846,1.3864
6.151074,1.2065
6.152496,1.4064
6.153876,1.3633
6.155281,1.3831
6.156556,1.2535
6.158044,1.4753
6.159657,1.5901
6.160969,1.2997
6.162259,1.2689
6.163367,1.0875
6.164928,1.5261
6.166513,1.5615
6.167969,1.4443
6.169292,1.3006
6.170991,1.6807
6.172536,1.5253
6.174019,1.4615
6.175369,1.3283
6.176684,1.2876
6.178179,1.4729
6.179549,1.3499
6.181046,1.4841
6.182123,1.0547
6.183516,1.3863
6.184865,1.3367
6.185967,1.0796
6.187416,1.4338
6.189107,1.6712
6.190585,1.4555
6.192064,1.4668
6.193434,1.3535
6.194992,1.5466
6.196441,1.4264
6.197363,0.9103
6.198871,1.5023
6.200358,1.4643
6.201681,1.2994
6.203232,1.5384
6.204668,1.4121
6.206040,1.3595
6.207608,1.5451
6.208862,1.2333
6.210379,1.4992
6.211877,1.4570
6.213429,1.5326
6.214995,1.5533
6.216491,1.4750
6.218105,1.6019
6.219365,1.2372
6.220320,0.9234
6.221973,1.6320
6.223428,1.4323
6.224715,1.2699
6.226059,1.3212
6.227262,1.1819
6.228605,1.3369
6.230109,1.4911
6.231357,1.2267
6.232604,1.2288
6.233750,1.1397
6.234926,1.1723
6.235981,1.0521
6.237476,1.4906
6.238882,1.3725
6.240481,1.5950
6.241822,1.3265
6.243359,1.5153
6.244874,1.4927
6.246454,1.5626
6.247985,1.5107
6.249490,1.4817
6.250799,1.2889
6.252442,1.6218
6.253718,1.2557
6.255153,1.4268
6.256553,1.3954
6.258099,1.5242
6.259583,1.4608
6.260739,1.1419
6.262282,1.5221
6.263708,1.4061
6.265061,1.3304
6.267019,1.9375
6.268531,1.4903
6.269877,1.3244
6.271420,1.5265
6.272776,1.3424
6.274071,1.2746
6.275639,1.5471
6.276851,1.1996
6.278269,1.3995
6.279831,1.5397
6.281122,1.2719
6.282769,1.6236
6.284344,1.5551
6.285631,1.2650
6.286844,1.1935
6.288313,1.4495
6.289909,1.5722
6.291367,1.4382
6.292925,1.5215
6.294252,1.3060
6.295360,1.0896
6.296923,1.5426
6.298323,1.3773
6.299587,1.2448
6.300807,1.2081
6.302370,1.5462
6.304252,1.8500
6.305305,1.0297
6.306850,1.5229
6.308350,1.4794
6.309587,1.2141
6.310695,1.0961
6.311919,1.2036
6.313460,1.5345
6.314706,1.2258
6.315977,1.2525
6.317380,1.3837
6.318865,1.4516
6.320121,1.2390
6.321544,1.4046
6.322899,1.3437
6.324367,1.4493
6.325926,1.5270
6.326999,1.0563
6.328328,1.3076
6.329865,1.5155
6.331167,1.2813
6.332575,1.3903
6.333972,1.3852
6.335312,1.3150
6.336746,1.4121
6.338153,1.3859
6.339612,1.4372
6.341056,1.4323
6.342171,1.0958
6.343554,1.3769
6.344923,1.3575
6.346089,1.1500
6.347516,1.4097
6.349015,1.4802
6.350381,1.3442
6.351586,1.1745
6.352887,1.2789
6.354094,1.1846
6.355174,1.0635
6.356585,1.3885
6.357775,1.1789
6.358916,1.1352
6.360157,1.2185
6.361310,1.1357
6.362665,1.3473
6.363866,1.1888
6.365099,1.2269
6.366431,1.3146
6.368089,1.6460
6.369471,1.3655
6.370967,1.4840
6.372344,1.3526
6.373940,1.5775
6.375495,1.5325
6.376613,1.1053
6.377736,1.1110
6.379351,1.5927
6.380949,1.5774
6.382429,1.4607
6.383969,1.5188
6.385274,1.2835
6.386376,1.0825
6.387834,1.4275
6.389053,1.1975
6.390245,1.1760
6.391379,1.1126
6.392675,1.2662
6.393831,1.1374
6.395430,1.5931
6.396531,1.0880
6.397697,1.1625
6.398717,1.0168
6.399858,1.1377
6.400779,0.9169
6.401710,0.9244
6.402887,1.1723
6.404353,1.4609
6.405878,1.5054
6.407417,1.5194
6.408681,1.2493
6.410263,1.5619
6.412138,1.8541
6.413595,1.4361
6.415096,1.4868
6.416420,1.3017
6.417839,1.3994
6.419433,1.5780
6.421012,1.5648
6.422533,1.5024
6.423606,1.0598
6.424740,1.1288
6.425977,1.2324
6.427433,1.4514
6.429078,1.6307
6.430618,1.5156
6.432129,1.4978
6.433752,1.6011
6.434822,1.0486
6.435914,1.0710
6.437375,1.4402
6.438951,1.5331
6.440383,1.4095
6.442035,1.6213
6.443657,1.5990
6.445167,1.4974
6.446635,1.4515
6.448145,1.4960
6.449407,1.2401
6.450368,0.9528
6.451625,1.2533
6.452856,1.2264
6.454111,1.2499
6.455438,1.3219
6.456667,1.2151
6.457592,0.9202
6.459034,1.4363
6.460432,1.3929
6.461844,1.3936
6.463412,1.5470
6.465022,1.5859
6.466421,1.3780
6.467811,1.3692
6.468963,1.1356
6.470423,1.4429
6.472033,1.5903
6.473161,1.1051
6.474606,1.4276
6.476170,1.5413
6.477643,1.4536
6.479132,1.4754
6.480654,1.5045
6.481949,1.2813
6.483184,1.2291
6.484233,1.0440
6.485616,1.3783
6.487128,1.4976
6.488409,1.2598
6.489819,1.3961
6.491016,1.1796
6.492133,1.1115
6.493231,1.0789
6.494765,1.5146
6.495999,1.2165
6.497215,1.2105
6.498503,1.2688
6.499663,1.1469
6.500904,1.2364
6.501959,1.0503
6.503417,1.4535
6.505079,1.6473
6.506555,1.4553
6.507996,1.4267
6.509443,1.4266
6.510906,1.4472
6.512526,1.5983
6.513633,1.0940
6.514904,1.2639
6.516138,1.2292
6.517344,1.2023
6.518876,1.5268
6.520349,1.4558
6.521855,1.4860
6.523161,1.2853
6.524264,1.0968
6.525423,1.1414
6.526640,1.2023
6.527746,1.1018
6.528930,1.1799
6.530448,1.5138
6.531917,1.4486
6.533594,1.6580
6.534813,1.2021
6.536410,1.5914
6.537949,1.5239
6.539414,1.4442
6.541008,1.5783
6.542373,1.3436
6.544059,1.6553
6.545415,1.3376
6.546636,1.2050
6.547800,1.1597
6.548972,1.1677
6.550223,1.2460
6.551677,1.4490
6.553223,1.5302
6.554520,1.2768
6.555975,1.4401
6.557365,1.3739
6.558550,1.1658
6.559574,1.0109
6.560831,1.2441
6.562362,1.5252
6.563715,1.3313
6.564923,1.1876
6.566258,1.3295
6.567685,1.4225
6.569212,1.5122
6.570316,1.0882
6.571690,1.3515
6.572925,1.2156
6.574463,1.5323
6.576058,1.5706
6.577314,1.2387
6.578614,1.2935
6.580098,1.4711
6.581341,1.2370
6.582577,1.2309
6.583832,1.2515
6.585011,1.1745
6.586330,1.3143
6.587746,1.3982
6.589024,1.2604
6.590447,1.4166
6.591974,1.5119
6.593449,1.4540
6.595009,1.5433
6.596373,1.3460
6.598068,1.6590
6.599270,1.1808
6.600664,1.3873
6.602278,1.5996
6.603687,1.3888
6.604637,0.9356
6.605573,0.9315
6.606667,1.0907
6.607860,1.1878
6.609091,1.2259
6.610517,1.4222
6.611829,1.2944
6.612916,1.0817
6.614375,1.4538
6.615471,1.0453
6.616599,1.1231
6.617790,1.1865
6.619009,1.2146
6.620319,1.3058
6.621909,1.5853
6.623271,1.3423
6.625074,1.7820
6.626415,1.3224
6.627800,1.3752
6.629443,1.6236
6.630977,1.5171
6.632468,1.4698
6.633983,1.4825
6.635487,1.4845
6.636687,1.1843
6.638010,1.3047
6.639379,1.3635
6.640930,1.5224
6.642421,1.4693
6.644075,1.6340
6.645553,1.4554
6.646978,1.4119
6.648164,1.1654
6.649525,1.3407
6.650845,1.3070
6.652089,1.2371
6.653311,1.2174
6.654553,1.2372
6.655620,1.0637
6.656868,1.2442
6.658131,1.2583
6.659318,1.1828
6.660775,1.4525
6.662006,1.2018
6.663204,1.1914
6.664442,1.2330
6.665683,1.2366
6.666815,1.1275
6.668056,1.2364
6.669228,1.1677
6.670951,1.7029
6.672527,1.5544
6.673934,1.3881
6.675412,1.4583
6.676959,1.5305
6.678688,1.7073
6.679862,1.1575
6.681328,1.4598
6.682870,1.5240
6.684415,1.5238
6.685847,1.4146
6.687434,1.5642
6.688953,1.4993
6.690591,1.6157
6.691962,1.3568
6.693215,1.2317
6.694426,1.2050
6.695620,1.1872
6.696852,1.2266
6.697998,1.1423
6.699666,1.6499
6.700840,1.1600
6.702058,1.2117
6.703136,1.0578
6.704173,1.0303
6.705193,1.0155
6.706221,1.0088
6.707073,0.8321
6.708403,1.3221
6.709704,1.2819
6.710829,1.1049
6.712204,1.3562
6.713606,1.3827
6.714580,0.9602
6.715528,0.9347
6.716360,0.8274
6.717224,0.8618
6.718055,0.8265
6.719232,1.1701
6.720924,1.6876
6.722534,1.5926
6.724109,1.5610
6.725423,1.2922
6.726423,0.9883
6.727630,1.2002
6.728851,1.2148
6.730082,1.2260
6.731637,1.5505
6.733161,1.5079
6.734312,1.1312
6.735625,1.3049
6.736921,1.2805
6.738431,1.5043
6.740016,1.5692
6.741280,1.2455
6.742744,1.4581
6.744056,1.2949
6.745564,1.5014
6.747028,1.4500
6.748242,1.1929
6.749416,1.1549
6.750621,1.1946
6.751841,1.2164
6.753051,1.2053
6.754429,1.3740
6.755783,1.3356
6.757291,1.4880
6.758931,1.6226
6.760297,1.3477
6.761632,1.3149
6.763117,1.4712
6.764056,0.9198
6.765206,1.1439
6.766505,1.2940
6.767644,1.1355
6.768858,1.2087
6.770089,1.2265
6.771255,1.1613
6.772639,1.3625
6.773918,1.2641
6.775280,1.3558
6.776815,1.5293
6.777953,1.1168
6.779328,1.3694
6.780913,1.5663
6.782331,1.3991
6.784154,1.8011
6.785305,1.1304
6.786733,1.4081
6.787949,1.1932
6.789075,1.1194
6.790438,1.3581
6.791800,1.3474
6.793176,1.3572
6.794552,1.3598
6.795854,1.2878
6.797433,1.5621
6.799013,1.5598
6.800178,1.1486
6.801380,1.1958
6.802790,1.3838
6.804177,1.3641
6.805580,1.3820
6.806814,1.2210
6.808161,1.3406
6.809617,1.4352
6.811081,1.4508
6.812905,1.8054
6.814420,1.4949
6.815652,1.2182
6.816629,0.9635
6.817835,1.2013
6.819025,1.1859
6.820446,1.4155
6.821951,1.4890
6.823627,1.6571
6.825016,1.3745
6.826348,1.3110
6.827621,1.2511
6.828800,1.1642
6.829986,1.1704
6.831275,1.2826
6.832642,1.3626
6.833802,1.1461
6.835004,1.1953
6.836553,1.5447
6.837829,1.2618
6.839064,1.2288
6.840379,1.3095
6.841635,1.2506
6.842895,1.2553
6.844079,1.1800
6.845422,1.3383
6.846983,1.5334
6.848525,1.5222
6.849990,1.4495
6.851150,1.1398
6.852621,1.4548
6.853780,1.1416
6.855236,1.4376
6.856598,1.3401
6.858300,1.6875
6.859857,1.5369
6.861092,1.2135
6.862402,1.2894
6.864023,1.6145
6.865520,1.4756
6.866818,1.2845
6.868043,1.2193
6.869706,1.6579
6.871197,1.4705
6.872541,1.3236
6.873497,0.9407
6.874674,1.1717
6.875906,1.2267
6.877404,1.4933
6.878891,1.4692
6.880445,1.5359
6.881888,1.4235
6.883110,1.2037
6.884111,0.9948
6.885201,1.0836
6.886278,1.0719
6.887616,1.3333
6.889074,1.4434
6.890465,1.3708
6.891946,1.4581
6.893326,1.3623
6.894769,1.4232
6.895840,1.0538
6.896877,1.0311
6.898029,1.1476
6.899530,1.4963
6.900953,1.4087
6.902266,1.2927
6.903882,1.6000
6.905411,1.5089
6.906612,1.1873
6.907890,1.2647
6.909053,1.1565
6.910309,1.2510
6.911767,1.4403
6.912979,1.1899
6.914423,1.4381
6.915972,1.5400
6.917338,1.3493
6.918604,1.2478
6.919602,0.9844
6.920820,1.2132
6.922005,1.1803
6.923230,1.2191
6.924613,1.3788
6.925707,1.0790
6.926921,1.2078
6.928356,1.4298
6.929958,1.5835
6.931191,1.2131
6.932584,1.3719
6.934167,1.5694
6.935562,1.3752
6.936830,1.2540
6.938069,1.2329
6.939405,1.3304
6.940685,1.2667
6.941785,1.0946
6.942735,0.9480
6.943937,1.1952
6.945087,1.1460
6.946154,1.0618
6.947623,1.4648
6.948895,1.2565
6.950492,1.5914
6.952022,1.5132
6.953235,1.2008
6.954355,1.0997
6.955819,1.4452
6.957106,1.2684
6.958562,1.4499
6.959732,1.1656
6.960938,1.2018
6.962079,1.1364
6.963555,1.4709
6.965103,1.5306
6.966370,1.2456
6.967763,1.3848
6.969056,1.2738
6.970542,1.4797
6.971854,1.2962
6.973023,1.1596
6.974497,1.4698
6.976032,1.5153
6.977295,1.2513
6.978884,1.5817
6.980278,1.3736
6.981641,1.3455
6.982929,1.2672
6.984401,1.4673
6.986050,1.6341
6.987183,1.1124
6.988583,1.3805
6.990128,1.5297
6.991575,1.4283
6.992814,1.2253
6.994409,1.5920
6.995625,1.2065
6.996800,1.1702
6.997894,1.0886
6.999140,1.2414
7.000398,1.2383
7.001587,1.1798
7.003024,1.4218
7.004506,1.4753
7.005730,1.2036
7.006901,1.1656
7.007975,1.0684
7.009063,1.0837
7.010434,1.3669
7.011941,1.4884
7.013290,1.3316
7.014797,1.4881
7.016100,1.2839
7.017302,1.1951
7.018661,1.3541
7.019834,1.1554
7.020829,0.9892
7.021905,1.0690
7.023442,1.5326
7.024726,1.2624
7.025882,1.1503
7.027417,1.5305
7.029017,1.5836
7.030369,1.3289
7.031529,1.1539
7.032512,0.9632
7.033736,1.2181
7.034909,1.1686
7.036031,1.1178
7.037734,1.6978
7.038992,1.2378
7.040431,1.4328
7.041784,1.3331
7.042900,1.0968
7.044232,1.3254
7.045872,1.6187
7.047465,1.5727
7.049175,1.6882
7.050587,1.4006
7.051731,1.1291
7.052893,1.1559
7.054327,1.4295
7.055945,1.5990
7.057171,1.2069
7.058264,1.0872
7.059601,1.3322
7.061097,1.4803
7.062606,1.4897
7.064117,1.4897
7.065413,1.2739
7.066534,1.1121
7.067821,1.2725
7.069373,1.5459
7.070814,1.4028
7.072374,1.5423
7.073977,1.5718
7.075539,1.5404
7.076831,1.2786
7.077968,1.1304
7.079479,1.5066
7.081002,1.5079
7.082340,1.3174
7.083912,1.5510
7.085494,1.5648
7.086781,1.2663
7.087918,1.1242
7.089094,1.1692
7.090381,1.2824
7.091807,1.3904
7.093299,1.4722
7.094564,1.2442
7.095756,1.1727
7.096867,1.1053
7.098007,1.1357
7.099243,1.2308
7.100641,1.3777
7.102093,1.4385
7.103587,1.4877
7.104868,1.2662
7.106047,1.1734
7.107401,1.3493
7.108909,1.4901
7.110077,1.1504
7.111439,1.3558
7.112972,1.5192
7.114326,1.3361
7.115857,1.5084
7.117294,1.4163
7.118796,1.4811
7.120096,1.2788
7.121222,1.1194
7.122285,1.0582
7.123636,1.3444
7.124947,1.2961
7.125965,1.0114
7.127550,1.5808
7.129028,1.4625
7.130422,1.3750
7.131421,0.9927
7.132711,1.2841
7.133892,1.1754
7.135229,1.3331
7.136351,1.1172
7.137720,1.3621
7.139020,1.2810
7.140535,1.5086
7.142098,1.5463
7.143426,1.3105
7.145009,1.5663
7.146547,1.5169
7.148237,1.6743
7.149586,1.3289
7.150894,1.2931
7.152477,1.5770
7.153934,1.4425
7.155508,1.5517
7.156908,1.3834
7.158422,1.4937
7.159921,1.4847
7.161419,1.4778
7.162854,1.4214
7.164319,1.4454
7.165718,1.3808
7.167110,1.3721
7.168326,1.2091
7.169692,1.3611
7.170961,1.2557
7.172433,1.4653
7.174105,1.6534
7.175381,1.2584
7.176691,1.2668
7.178035,1.3389
7.179402,1.3620
7.181031,1.6140
7.182461,1.4107
7.183913,1.4328
7.185118,1.1849
7.186332,1.2075
7.187969,1.6324
7.189312,1.3239
7.190740,1.4075
7.192444,1.6846
7.193887,1.4277
7.195264,1.3568
7.196906,1.6223
7.198222,1.2943
7.199542,1.3139
7.200845,1.2890
7.202416,1.5651
7.203685,1.2543
7.204884,1.1943
7.206351,1.4630
7.207916,1.5445
7.209258,1.3218
7.210679,1.4041
7.211955,1.2616
7.213425,1.4636
7.214872,1.4280
7.216366,1.4767
7.217934,1.5337
7.219088,1.1338
7.220370,1.2761
7.222002,1.5992
7.223372,1.3517
7.224963,1.5602
7.226637,1.6533
7.228019,1.3689
7.229606,1.5667
7.230585,0.9653
7.231509,0.9185
7.232715,1.2021
7.233933,1.2137
7.235441,1.5024
7.236707,1.2474
7.237913,1.1990
7.239431,1.5128
7.240886,1.4350
7.242243,1.3364
7.243431,1.1708
7.244566,1.1297
7.245797,1.2265
7.246945,1.1439
7.248143,1.1931
7.249424,1.2769
7.250827,1.3845
7.252492,1.6463
7.253984,1.4733
7.255416,1.4115
7.256896,1.4606
7.258447,1.5318
7.259822,1.3605
7.261017,1.1757
7.262309,1.2861
7.263946,1.6150
7.265319,1.3586
7.266793,1.4594
7.268162,1.3457
7.269574,1.3884
7.270828,1.2416
7.272360,1.5261
7.273729,1.3640
7.275351,1.6006
7.276952,1.5778
7.278497,1.5282
7.279915,1.4011
7.281451,1.5159
7.282955,1.4902
7.284295,1.3197
7.285705,1.3897
7.286866,1.1445
7.288004,1.1176
7.289435,1.4135
7.291288,1.8325
7.292759,1.4521
7.294011,1.2318
7.295071,1.0544
7.296438,1.3618
7.297985,1.5338
7.299142,1.1356
7.300697,1.5359
7.302273,1.5572
7.303697,1.4038
7.305018,1.3032
7.306441,1.4176
7.307940,1.4846
7.309041,1.0839
7.310335,1.2878
7.311780,1.4271
7.313032,1.2358
7.314496,1.4579
7.315750,1.2327
7.317333,1.5635
7.318929,1.5756
7.320380,1.4311
7.321921,1.5085
7.323532,1.5908
7.324919,1.3668
7.326137,1.1991
7.327545,1.4002
7.328648,1.0892
7.330051,1.3977
7.331245,1.1724
7.332284,1.0334
7.333849,1.5447
7.335070,1.2030
7.336525,1.4494
7.338075,1.5360
7.339407,1.3262
7.340743,1.3213
7.341681,0.9178
7.342626,0.9382
7.343750,1.1187
7.344841,1.0868
7.345968,1.1219
7.347116,1.1431
7.348254,1.1345
7.349376,1.1172
7.350833,1.4270
7.351846,0.9943
7.353431,1.5657
7.354519,1.0690
7.355688,1.1650
7.356880,1.1866
7.358087,1.2021
7.359210,1.1189
7.360379,1.1636
7.361950,1.5386
7.363431,1.4609
7.364920,1.4747
7.366372,1.4317
7.367966,1.5619
7.369310,1.3232
7.370905,1.5732
7.372102,1.1741
7.373551,1.4283
7.374777,1.2128
7.375790,1.0067
7.376721,0.9271
7.377869,1.1420
7.378995,1.1209
7.380430,1.4311
7.381519,1.0721
7.382744,1.2099
7.383976,1.2151
7.385437,1.4546
7.386954,1.4966
7.388410,1.4354
7.389976,1.5500
7.391247,1.2544
7.392619,1.3526
7.393886,1.2535
7.395131,1.2391
7.396545,1.3933
7.398068,1.5088
7.399181,1.0940
7.400628,1.4407
7.401853,1.2110
7.403449,1.5903
7.405007,1.5443
7.406542,1.5150
7.407953,1.3974
7.409047,1.0870
7.410426,1.3730
7.411994,1.5538
7.413491,1.4803
7.414599,1.0879
7.415894,1.2814
7.417404,1.5033
7.418893,1.4688
7.420205,1.2911
7.421525,1.3016
7.422800,1.2532
7.423897,1.0900
7.425148,1.2465
7.426578,1.4249
7.427685,1.0928
7.428649,0.9594
7.429802,1.1484
7.430725,0.9180
7.431626,0.8963
7.432557,0.9266
7.433641,1.0805
7.434606,0.9599
7.435739,1.1304
7.436714,0.9688
7.437841,1.1218
7.439080,1.2349
7.440438,1.3526
7.441930,1.4727
7.443108,1.1586
7.444435,1.3080
7.445532,1.0814
7.446753,1.2165
7.448063,1.3046
7.449193,1.1262
7.450201,1.0035
7.451432,1.2257
7.452683,1.2402
7.453812,1.1264
7.454940,1.1228
7.456407,1.4623
7.457554,1.1410
7.458749,1.1909
7.459930,1.1770
7.461191,1.2561
7.462365,1.1531
7.463746,1.3473
7.465293,1.5268
7.466993,1.6795
7.468461,1.4489
7.470045,1.5682
7.471167,1.1022
7.472499,1.3257
7.473990,1.4758
7.475426,1.4181
7.476986,1.5420
7.478219,1.2130
7.479340,1.1016
7.480929,1.5689
7.482417,1.4659
7.483900,1.4686
7.485494,1.5719
7.486823,1.3101
7.488147,1.3077
7.489572,1.4040
7.490830,1.2457
7.492167,1.3292
7.493548,1.3761
7.494951,1.3891
7.496442,1.4715
7.497867,1.4076
7.499117,1.2335
7.500433,1.3097
7.501523,1.0717
7.502921,1.3942
7.504440,1.5139
7.505937,1.4830
7.507494,1.5360
7.508765,1.2492
7.510102,1.3173
7.511271,1.1632
7.512300,1.0246
7.514080,1.7602
7.515552,1.4523
7.516848,1.2811
7.517972,1.1173
7.519011,1.0335
7.520135,1.1197
7.521319,1.1795
7.522863,1.5395
7.524415,1.5317
7.525837,1.4029
7.527255,1.4002
7.528713,1.4522
7.529992,1.2582
7.531490,1.4796
7.532971,1.4620
7.534114,1.1228
7.535264,1.1311
7.536751,1.4667
7.537941,1.1723
7.539130,1.1834
7.540540,1.4050
7.541813,1.2598
7.543024,1.2050
7.544486,1.4575
7.545954,1.4507
7.547177,1.2044
7.548454,1.2704
7.549828,1.3543
7.551409,1.5606
7.552930,1.5016
7.554010,1.0617
7.555384,1.3676
7.556977,1.5657
7.558376,1.3821
7.560176,1.7665
7.561254,1.0608
7.562879,1.6034
7.564436,1.5391
7.565520,1.0701
7.566807,1.2742
7.567822,1.0092
7.568820,0.9926
7.569979,1.1532
7.571178,1.1940
7.572581,1.3977
7.573918,1.3235
7.575427,1.4909
7.577176,1.7311
7.578503,1.3057
7.579893,1.3685
7.581322,1.4235
7.582672,1.3293
7.583923,1.2384
7.585149,1.2206
7.586250,1.0949
7.587311,1.0561
7.588568,1.2360
7.589728,1.1473
7.590662,0.9289
7.591842,1.1755
7.593182,1.3351
7.594369,1.1829
7.596003,1.6287
7.597338,1.3143
7.598774,1.4299
7.600119,1.3229
7.601309,1.1835
7.602521,1.2075
7.603969,1.4414
7.605044,1.0708
7.606533,1.4847
7.607800,1.2489
7.608853,1.0470
7.610150,1.2917
7.611363,1.2087
7.612596,1.2129
7.613916,1.3019
7.615470,1.5486
7.616697,1.2055
7.618364,1.6464
7.619816,1.4185
7.621369,1.5347
7.622920,1.5209
7.624381,1.4416
7.625792,1.3757
7.626889,1.0775
7.628438,1.5429
7.629768,1.3145
7.630871,1.0848
7.632325,1.4478
7.633689,1.3466
7.634727,1.0168
7.635903,1.1698
7.636942,1.0349
7.638435,1.4884
7.639855,1.4027
7.641136,1.2602
7.642082,0.9400
7.643418,1.3287
7.645030,1.5977
7.646477,1.4246
7.648159,1.6678
7.649701,1.5246
7.650678,0.9588
7.651971,1.2775
7.653456,1.4780
7.655067,1.5913
7.657084,1.9958
7.658586,1.4830
7.660184,1.5827
7.661612,1.3961
7.662878,1.2525
7.664378,1.4942
7.666163,1.7579
7.667285,1.1005
7.668641,1.3359
7.670188,1.5338
7.671653,1.4426
7.673171,1.5047
7.674591,1.3979
7.676384,1.7793
7.677954,1.5404
7.679378,1.4017
7.680842,1.4332
7.682365,1.5008
7.683913,1.5092
7.685382,1.4468
7.686881,1.4710
7.688490,1.5889
7.689641,1.1333
7.690614,0.9607
7.691946,1.3198
7.693381,1.4130
7.694760,1.3509
7.696129,1.3466
7.697415,1.2649
7.699054,1.6268
7.700517,1.4447
7.701346,0.8127
7.702240,0.8819
7.703355,1.0973
7.705140,1.7702
7.706644,1.4795
7.708109,1.4539
7.709356,1.2265
7.710632,1.2697
7.712327,1.6834
7.713837,1.4884
7.715051,1.1937
7.716093,1.0360
7.717218,1.1200
7.718337,1.0979
7.719601,1.2425
7.721013,1.4001
7.722094,1.0768
7.723131,1.0321
7.724212,1.0765
7.725325,1.1085
7.726348,1.0184
7.727421,1.0685
7.728450,1.0254
7.729648,1.1947
7.731072,1.4189
7.732434,1.3574
7.733761,1.3115
7.734737,0.9556
7.735866,1.1221
7.737092,1.2208
7.738539,1.4420
7.739856,1.2996
7.741378,1.5163
7.742714,1.3034
7.744125,1.4044
7.745348,1.2189
7.746605,1.2523
7.747848,1.2258
7.749075,1.2196
7.750319,1.2396
7.752006,1.6814
7.753313,1.2878
7.754750,1.4310
7.756062,1.2920
7.757430,1.3616
7.758547,1.1011
7.759644,1.0927
7.760947,1.2997
7.762123,1.1715
7.763417,1.2896
7.764686,1.2514
7.765875,1.1840
7.767121,1.2413
7.768302,1.1747
7.769256,0.9501
7.770341,1.0782
7.771523,1.1771
7.772740,1.2117
7.774038,1.2930
7.775086,1.0433
7.776594,1.5040
7.778039,1.4275
7.779320,1.2615
7.780413,1.0867
7.781528,1.0947
7.782743,1.2107
7.783866,1.1177
7.784970,1.0992
7.786320,1.3460
7.787927,1.5877
7.789463,1.5162
7.791065,1.5815
7.792293,1.2063
7.793705,1.3943
7.794863,1.1433
7.796057,1.1877
7.797445,1.3836
7.798693,1.2319
7.799870,1.1725
7.801071,1.1957
7.802358,1.2827
7.803682,1.3182
7.804950,1.2525
7.806172,1.2160
7.807246,1.0696
7.808610,1.3590
7.809926,1.2980
7.811239,1.2940
7.812633,1.3881
7.813902,1.2533
7.815141,1.2202
7.816345,1.1855
7.817844,1.4915
7.819210,1.3447
7.820324,1.1077
7.821605,1.2761
7.822818,1.1970
7.824083,1.2595
7.825339,1.2512
7.826380,1.0247
7.827618,1.2226
7.828703,1.0809
7.829807,1.0987
7.831091,1.2778
7.832086,0.9754
7.833155,1.0609
7.834565,1.4050
7.835902,1.3165
7.837448,1.5398
7.838931,1.4677
7.840123,1.1722
7.841109,0.9790
7.841976,0.8615
7.843359,1.3776
7.844555,1.1763
7.845547,0.9763
7.846671,1.1184
7.847780,1.1055
7.848890,1.1059
7.850417,1.5090
7.852047,1.6146
7.853442,1.3745
7.854903,1.4471
7.856407,1.4829
7.857743,1.3164
7.858761,1.0028
7.859821,1.0409
7.860852,1.0115
7.861754,0.8833
7.863061,1.2895
7.864408,1.3266
7.865799,1.3766
7.867240,1.4253
7.868605,1.3463
7.869928,1.3104
7.871208,1.2595
7.872203,0.9731
7.873431,1.2068
7.874899,1.4558
7.876594,1.6753
7.877821,1.2163
7.879304,1.4627
7.880598,1.2733
7.881936,1.3264
7.883251,1.2954
7.884589,1.3192
7.886058,1.4586
7.887324,1.2454
7.888579,1.2338
7.889927,1.3361
7.891376,1.4293
7.892771,1.3623
7.893941,1.1499
7.894917,0.9581
7.896114,1.1767
7.897518,1.3840
7.898718,1.1893
7.899825,1.0956
7.901341,1.4946
7.902661,1.3004
7.904336,1.6634
7.905672,1.3159
7.906619,0.9360
7.907437,0.8065
7.908649,1.2017
7.910066,1.4065
7.911523,1.4334
7.912783,1.2490
7.914157,1.3686
7.915524,1.3502
7.916698,1.1621
7.917652,0.9476
7.918779,1.1216
7.920202,1.4185
7.921379,1.1723
7.922700,1.3159
7.923895,1.1753
7.925100,1.1996
7.926351,1.2448
7.927588,1.2329
7.928642,1.0497
7.929513,0.8685
7.930667,1.1492
7.931856,1.1849
7.933067,1.2063
7.934167,1.0960
7.935872,1.6825
7.937487,1.5934
7.938771,1.2640
7.940050,1.2590
7.941300,1.2313
7.942862,1.5428
7.944402,1.5197
7.945975,1.5489
7.947478,1.4864
7.948899,1.4071
7.950437,1.5166
7.951828,1.3701
7.953056,1.2062
7.954619,1.5565
7.956118,1.4861
7.957564,1.4251
7.958727,1.1498
7.959900,1.1670
7.961430,1.5253
7.962670,1.2227
7.964035,1.3609
7.965742,1.6863
7.966985,1.2221
7.968513,1.5218
7.969964,1.4374
7.971077,1.0940
7.972434,1.3509
7.974009,1.5580
7.975457,1.4277
7.976952,1.4750
7.978274,1.3017
7.979872,1.5777
7.981053,1.1602
7.982594,1.5350
7.984165,1.5580
7.985304,1.1217
7.986689,1.3648
7.987925,1.2221
7.989372,1.4420
7.990955,1.5475
7.992363,1.3872
7.993799,1.4158
7.994972,1.1474
7.996491,1.5133
7.997892,1.3868
7.999468,1.5581
8.000785,1.3037
8.002058,1.2530
8.003525,1.4598
8.005034,1.4958
8.006280,1.2261
8.007642,1.3554
8.008933,1.2774
8.010042,1.1032
8.011224,1.1764
8.012939,1.7106
8.014515,1.5547
8.016014,1.4847
8.017211,1.1785
8.018177,0.9598
8.019341,1.1582
8.020664,1.3181
8.021936,1.2566
8.023097,1.1547
8.024298,1.1964
8.025397,1.0947
8.026589,1.1806
8.027748,1.1552
8.028857,1.1045
8.029873,1.0114
8.030979,1.1018
8.032192,1.2075
8.033599,1.3847
8.034974,1.3680
8.036191,1.2120
8.037657,1.4443
8.039066,1.3901
8.040616,1.5273
8.042000,1.3564
8.043382,1.3743
8.045009,1.5956
8.046169,1.1365
8.047539,1.3634
8.048645,1.0909
8.049818,1.1680
8.050926,1.1033
8.051950,1.0184
8.053451,1.4965
8.054898,1.4164
8.056643,1.7234
8.057887,1.2227
8.059367,1.4627
8.060834,1.4312
8.062326,1.4708
8.063928,1.5802
8.065439,1.4904
8.066942,1.4879
8.068434,1.4715
8.069909,1.4551
8.071420,1.4895
8.072866,1.4280
8.074053,1.1657
8.075409,1.3491
8.076670,1.2484
8.077815,1.1408
8.078912,1.0913
8.080422,1.5051
8.082006,1.5691
8.083442,1.4151
8.084612,1.1550
8.085716,1.0898
8.086899,1.1764
8.088025,1.1211
8.089413,1.3832
8.090992,1.5636
8.092437,1.4247
8.093909,1.4573
8.095429,1.4997
8.096694,1.2450
8.097931,1.2158
8.099535,1.5835
8.100767,1.2188
8.101983,1.2088
8.103255,1.2670
8.104615,1.3562
8.105901,1.2715
8.107495,1.5773
8.108629,1.1180
8.109668,1.0251
8.110850,1.1773
8.111999,1.1445
8.113435,1.4309
8.114935,1.4852
8.116360,1.4045
8.117662,1.2958
8.118835,1.1585
8.120036,1.1950
8.121438,1.3976
8.122696,1.2402
8.123840,1.1383
8.124995,1.1495
8.126374,1.3746
8.127980,1.5752
8.129333,1.3306
8.130591,1.2360
8.131622,1.0164
8.132889,1.2623
8.134254,1.3603
8.135599,1.3232
8.136818,1.2048
8.138312,1.4875
8.139895,1.5624
8.141104,1.1891
8.142571,1.4611
8.143830,1.2422
8.145287,1.4505
8.146717,1.4086
8.148504,1.7719
8.150025,1.5007
8.151554,1.5077
8.153041,1.4710
8.154370,1.3068
8.155899,1.5219
8.157444,1.5227
8.158968,1.5095
8.160483,1.4937
8.161896,1.3939
8.163372,1.4579
8.164980,1.5742
8.166405,1.4035
8.168168,1.7492
8.169612,1.4224
8.170914,1.2872
8.172238,1.3177
8.173675,1.4309
8.175094,1.3979
8.176452,1.3393
8.177886,1.4129
8.179447,1.5442
8.181065,1.5947
8.182591,1.5071
8.183845,1.2398
8.185066,1.2149
8.186323,1.2523
8.187599,1.2593
8.189103,1.4827
8.190629,1.5033
8.191877,1.2332
8.193447,1.5636
8.194968,1.5004
8.196221,1.2322
8.197707,1.4796
8.198949,1.2226
8.200045,1.0887
8.201159,1.0950
8.202286,1.1211
8.203648,1.3565
8.205162,1.4993
8.206426,1.2444
8.208011,1.5648
8.209531,1.4998
8.210731,1.1858
8.211836,1.0846
8.213072,1.2301
8.214673,1.5957
8.216040,1.3528
8.217415,1.3686
8.218874,1.4418
8.220267,1.3722
8.221908,1.6194
8.222977,1.0506
8.224335,1.3507
8.225713,1.3646
8.226990,1.2559
8.228487,1.4913
8.229903,1.4018
8.231482,1.5585
8.233102,1.6061
8.234216,1.0926
8.235607,1.3726
8.237036,1.4148
8.238136,1.0795
8.239256,1.1134
8.240590,1.3293
8.242075,1.4702
8.244028,1.9349
8.245157,1.1085
8.246344,1.1799
8.247736,1.3713
8.249254,1.4973
8.250563,1.2890
8.251876,1.3081
8.253344,1.4629
8.254740,1.3757
8.255902,1.1407
8.256868,0.9603
8.257965,1.0745
8.259116,1.1447
8.261010,1.8889
8.262539,1.5077
8.263760,1.2056
8.264857,1.0901
8.266036,1.1743
8.267335,1.2939
8.268770,1.4143
8.270193,1.4060
8.271616,1.4049
8.272837,1.2074
8.274047,1.2035
8.275115,1.0637
8.276583,1.4627
8.278184,1.5783
8.279373,1.1823
8.280647,1.2678
8.281706,1.0420
8.282946,1.2341
8.284412,1.4608
8.285784,1.3562
8.287327,1.5236
8.289146,1.8004
8.290535,1.3686
8.291857,1.3060
8.293421,1.5582
8.294799,1.3592
8.296620,1.8146
8.297978,1.3423
8.299533,1.5361
8.300648,1.0940
8.301594,0.9416
8.302855,1.2570
8.304134,1.2734
8.305555,1.4165
8.307255,1.6843
8.308801,1.5232
8.310148,1.3264
8.311518,1.3629
8.313050,1.5167
8.314564,1.4933
8.316014,1.4348
8.317410,1.3752
8.318702,1.2748
8.319884,1.1687
8.321010,1.1191
8.322441,1.4262
8.323519,1.0620
8.324809,1.2749
8.326385,1.5546
8.327599,1.1797
8.328812,1.2093
8.329903,1.0857
8.331029,1.1221
8.332051,1.0171
8.332968,0.9121
8.334503,1.5138
8.335698,1.1748
8.336998,1.2775
8.338490,1.4861
8.339804,1.2959
8.341513,1.6830
8.343004,1.4759
8.344419,1.3926
8.345774,1.3402
8.346907,1.1121
8.347967,1.0541
8.349426,1.4539
8.350618,1.1739
8.352063,1.4302
8.353366,1.2824
8.354920,1.5234
8.356483,1.5414
8.357927,1.4306
8.359151,1.2045
8.360257,1.0856
8.361610,1.3448
8.363068,1.4446
8.364277,1.1884
8.365682,1.3848
8.366934,1.2392
8.368094,1.1542
8.369630,1.5306
8.370738,1.0938
8.372037,1.2925
8.373520,1.4787
8.374929,1.3906
8.376461,1.5112
8.378009,1.5340
8.379499,1.4687
8.380812,1.2996
8.381978,1.1456
8.382974,0.9900
8.384004,1.0237
8.385149,1.1408
8.386605,1.4368
8.387648,1.0284
8.388766,1.1117
8.389626,0.8543
8.390544,0.9151
8.391418,0.8700
8.392262,0.8368
8.393208,0.9432
8.394785,1.5721
8.396023,1.2332
8.397408,1.3804
8.398993,1.5629
8.400307,1.2923
8.401631,1.3180
8.402873,1.2254
8.404095,1.2148
8.405423,1.3232
8.406838,1.3988
8.408498,1.6387
8.409915,1.4018
8.411240,1.3031
8.413022,1.7641
8.414648,1.6064
8.416119,1.4565
8.417144,1.0051
8.418279,1.1279
8.419620,1.3362
8.420857,1.2217
8.421981,1.1176
8.423095,1.1094
8.424431,1.3310
8.425851,1.4017
8.427099,1.2260
8.428119,1.0021
8.429519,1.3934
8.430710,1.1756
8.431847,1.1302
8.432915,1.0639
8.433910,0.9899
8.434912,0.9954
8.436321,1.4044
8.437702,1.3574
8.438557,0.8357
8.439272,0.7101
8.440258,0.9830
8.441231,0.9671
8.442153,0.9174
8.443415,1.2568
8.444616,1.1845
8.445786,1.1533
8.446869,1.0770
8.448117,1.2427
8.449371,1.2383
8.450217,0.8387
8.451066,0.8431
8.452606,1.5350
8.453997,1.3744
8.455122,1.1020
8.456211,1.0830
8.457354,1.1380
8.458479,1.1194
8.459545,1.0609
8.460621,1.0729
8.461670,1.0455
8.462636,0.9617
8.463398,0.7570
8.464229,0.8266
8.465122,0.8902
8.466213,1.0861
8.467260,1.0419
8.468584,1.3193
8.469721,1.1177
8.470701,0.9737
8.471837,1.1289
8.472892,1.0512
8.474480,1.5672
8.475308,0.8101
8.476225,0.9120
8.477128,0.8962
8.478173,1.0411
8.479560,1.3821
8.480879,1.2978
8.482372,1.4741
8.483688,1.2812
8.485094,1.3820
8.486423,1.3120
8.487735,1.2981
8.489097,1.3410
8.490035,0.9212
8.491327,1.2859
8.492338,1.0054
8.493375,1.0317
8.494380,1.0005
8.495421,1.0310
8.496360,0.9346
8.497363,0.9995
8.498410,1.0411
8.499408,0.9908
8.500393,0.9808
8.501464,1.0654
8.502490,1.0208
8.503522,1.0282
8.504809,1.2834
8.505676,0.8615
8.506706,1.0253
8.507607,0.8956
8.508608,0.9978
8.509586,0.9742
8.510621,1.0311
8.511628,1.0024
8.512745,1.1113
8.514040,1.2727
8.515149,1.0870
8.516162,1.0067
8.517066,0.8991
8.518017,0.9459
8.519031,0.9914
8.519964,0.9105
8.521017,1.0333
8.522091,1.0506
8.522861,0.7638
8.523635,0.7554
8.524507,0.8677
8.525516,1.0046
8.526359,0.8404
8.527365,1.0027
8.528382,1.0124
8.529428,1.0337
8.530546,1.1136
8.531287,0.7368
8.532009,0.7190
8.532884,0.8708
8.533815,0.9256
8.534693,0.8736
8.535852,1.1552
8.537131,1.2732
8.538367,1.2316
8.539923,1.5507
8.541331,1.3869
8.542695,1.3413
8.543851,1.1351
8.545316,1.4449
8.546875,1.5356
8.548290,1.3912
8.549753,1.4454
8.551368,1.5976
8.552802,1.4018
8.553902,1.0793
8.555104,1.1852
8.556547,1.4259
8.558017,1.4569
8.559440,1.4001
8.560885,1.4317
8.562427,1.5222
8.563715,1.2642
8.565382,1.6548
8.566621,1.2108
8.567880,1.2456
8.569260,1.3568
8.570604,1.3242
8.572046,1.4290
8.573310,1.2403
8.574932,1.6152
8.576508,1.5528
8.577772,1.2509
8.578896,1.1084
8.580327,1.4078
8.581859,1.5116
8.583407,1.5289
8.584732,1.3043
8.586127,1.3739
8.587579,1.4318
8.588875,1.2844
8.590330,1.4345
8.591853,1.5027
8.593207,1.3379
8.594603,1.3708
8.595963,1.3471
8.597430,1.4467
8.598996,1.5489
8.600109,1.0940
8.601160,1.0348
8.602649,1.4728
8.604152,1.4915
8.605426,1.2502
8.606592,1.1611
8.607714,1.1181
8.608705,0.9869
8.609876,1.1649
8.611370,1.4893
8.612614,1.2148
8.613694,1.0667
8.614909,1.1924
8.616282,1.3664
8.617855,1.5521
8.619516,1.6387
8.620817,1.2878
8.622210,1.3729
8.623298,1.0702
8.624574,1.2559
8.625570,0.9833
8.626764,1.1896
8.627896,1.1266
8.629350,1.4490
8.631099,1.7274
8.632466,1.3445
8.633810,1.3304
8.635237,1.4131
8.636281,1.0258
8.637401,1.0999
8.638692,1.2732
8.639954,1.2447
8.641149,1.1882
8.642559,1.4042
8.644069,1.4900
8.645516,1.4258
8.646899,1.3702
8.648035,1.1183
8.649277,1.2219
8.650377,1.0922
8.651713,1.3292
8.652927,1.1960
8.654106,1.1682
8.655543,1.4179
8.656924,1.3600
8.658270,1.3241
8.659293,0.9988
8.660416,1.1028
8.661634,1.2047
8.663024,1.3782
8.664520,1.4891
8.665962,1.4296
8.667421,1.4353
8.668872,1.4374
8.670415,1.5204
8.671792,1.3567
8.673377,1.5642
8.674918,1.5150
8.676579,1.6384
8.677963,1.3703
8.679457,1.4706
8.680929,1.4598
8.682351,1.3974
8.683800,1.4299
8.685363,1.5397
8.686980,1.5950
8.688461,1.4629
8.690007,1.5296
8.691432,1.4020
8.693092,1.6465
8.694528,1.4128
8.696186,1.6453
8.697542,1.3339
8.699066,1.5111
8.700495,1.4072
8.701932,1.4248
8.703474,1.5192
8.704749,1.2627
8.706047,1.2793
8.707554,1.4864
8.709018,1.4513
8.710529,1.4911
8.712064,1.5228
8.713477,1.3929
8.714994,1.5045
8.716353,1.3400
8.717782,1.4110
8.719105,1.3056
8.720574,1.4563
8.722294,1.7075
8.723843,1.5274
8.725426,1.5589
8.727087,1.6441
8.728437,1.3269
8.730062,1.6116
8.731531,1.4489
8.732753,1.2087
8.734299,1.5257
8.735687,1.3652
8.737037,1.3302
8.738353,1.2952
8.739859,1.4882
8.741455,1.5730
8.743005,1.5295
8.744365,1.3367
8.746107,1.7074
8.747586,1.4582
8.749041,1.4434
8.750532,1.4683
8.751638,1.0941
8.752881,1.2285
8.754373,1.4858
8.755938,1.5280
8.757432,1.4709
8.758880,1.4342
8.760318,1.4147
8.761821,1.4826
8.763333,1.4934
8.764671,1.3154
8.766165,1.4814
8.767580,1.3949
8.769043,1.4499
8.770132,1.0661
8.771422,1.2830
8.772940,1.5058
8.774522,1.5641
8.776138,1.6037
8.777406,1.2430
8.778664,1.2483
8.779872,1.1947
8.781404,1.5264
8.782918,1.4904
8.784426,1.4874
8.785885,1.4454
8.787305,1.3980
8.788833,1.5054
8.790420,1.5637
8.791866,1.4287
8.793173,1.2842
8.794784,1.5914
8.796332,1.5262
8.797572,1.2206
8.798880,1.2954
8.800418,1.5142
8.801985,1.5551
8.803440,1.4315
8.804692,1.2348
8.805938,1.2286
8.807461,1.5003
8.808814,1.3336
8.810358,1.5226
8.811821,1.4426
8.813325,1.4828
8.814760,1.4143
8.815855,1.0719
8.817079,1.2047
8.818474,1.3779
8.819946,1.4508
8.821262,1.2933
8.822334,1.0544
8.824075,1.7207
8.825508,1.4114
8.826891,1.3713
8.828268,1.3578
8.829578,1.2881
8.830873,1.2830
8.832403,1.5239
8.833933,1.5130
8.835418,1.4620
8.836853,1.4185
8.838383,1.5058
8.839859,1.4291
8.841405,1.5216
8.843069,1.6514
8.844414,1.3247
8.845968,1.5322
8.847226,1.2341
8.848525,1.2811
8.849856,1.3189
8.851113,1.2386
8.852430,1.2960
8.853819,1.3771
8.855058,1.2203
8.856512,1.4317
8.857942,1.4184
8.859209,1.2437
8.860324,1.0966
8.861284,0.9411
8.862319,1.0147
8.863629,1.2900
8.864859,1.2183
8.866324,1.4461
8.867564,1.2174
8.868942,1.3671
8.870497,1.5355
8.871659,1.1508
8.872992,1.3212
8.874427,1.4131
8.875772,1.3334
8.877278,1.4834
8.878614,1.3150
8.879963,1.3374
8.881440,1.4547
8.882755,1.3031
8.883892,1.1143
8.885050,1.1405
8.886503,1.4300
8.888270,1.7550
8.889893,1.6025
8.891370,1.4519
8.892743,1.3425
8.894292,1.5288
8.895362,1.0483
8.896893,1.5149
8.898361,1.4457
8.899692,1.3106
8.901117,1.4036
8.902438,1.2981
8.903643,1.1941
8.904976,1.3215
8.906465,1.4666
8.907706,1.2297
8.908857,1.1274
8.910116,1.2414
8.911483,1.3448
8.912942,1.4462
8.914413,1.4514
8.916024,1.5924
8.917441,1.3956
8.918718,1.2570
8.920097,1.3561
8.921490,1.3716
8.922724,1.2228
8.924538,1.7914
8.925977,1.4275
8.927461,1.4608
8.928874,1.3966
8.930367,1.4709
8.931841,1.4401
8.933312,1.4472
8.934616,1.2834
8.936148,1.5201
8.937369,1.1987
8.938680,1.2858
8.939569,0.8718
8.940311,0.7288
8.941576,1.2615
8.942804,1.2162
8.944195,1.3671
8.945335,1.1174
8.946539,1.1872
8.947887,1.3365
8.949351,1.4421
8.950636,1.2641
8.951951,1.3037
8.953320,1.3475
8.954610,1.2671
8.955919,1.2987
8.957405,1.4658
8.958859,1.4403
8.960136,1.2534
8.961509,1.3512
8.962703,1.1822
8.963633,0.9095
8.964972,1.3282
8.966483,1.4956
8.967834,1.3308
8.969411,1.5544
8.970652,1.2288
8.971979,1.3166
8.973364,1.3619
8.974302,0.9191
8.975700,1.3793
8.977070,1.3495
8.978490,1.3976
8.980170,1.6639
8.981355,1.1620
8.982689,1.3160
8.984257,1.5453
8.985559,1.2824
8.986821,1.2507
8.988284,1.4406
8.989728,1.4232
8.991133,1.3832
8.992432,1.2787
8.993666,1.2229
8.995068,1.3865
8.996093,1.0011
8.997202,1.0906
8.998434,1.2081
8.999910,1.4644
9.001485,1.5520
9.002795,1.2990
9.004077,1.2592
9.005484,1.3850
9.006798,1.2989
9.007957,1.1361
9.009168,1.1895
9.010603,1.4023
9.011947,1.3328
9.013420,1.4488
9.015076,1.6326
9.016472,1.3739
9.017895,1.4108
9.019246,1.3286
9.020251,0.9859
9.021646,1.3770
9.022982,1.3240
9.024422,1.4186
9.026098,1.6516
9.027481,1.3625
9.028679,1.1863
9.030010,1.3191
9.031268,1.2384
9.032331,1.0430
9.033661,1.3064
9.034953,1.2701
9.036426,1.4495
9.037856,1.4085
9.039301,1.4225
9.040369,1.0454
9.041663,1.2658
9.043224,1.5498
9.044553,1.3067
9.045795,1.2313
9.047090,1.2748
9.048511,1.3976
9.049780,1.2500
9.051145,1.3468
9.052509,1.3452
9.053667,1.1462
9.054585,0.9071
9.055401,0.8050
9.056556,1.1477
9.057859,1.2923
9.059412,1.5293
9.060785,1.3557
9.062321,1.5141
9.063615,1.2728
9.064951,1.3254
9.066408,1.4340
9.067845,1.4263
9.069098,1.2297
9.070744,1.6247
9.072089,1.3268
9.073505,1.3905
9.074823,1.3070
9.076066,1.2233
9.077468,1.3789
9.078671,1.1923
9.080003,1.3204
9.081472,1.4461
9.082783,1.2886
9.084065,1.2572
9.085487,1.4026
9.086804,1.3063
9.088380,1.5562
9.089759,1.3386
9.091078,1.2958
9.092431,1.3306
9.093869,1.4237
9.095303,1.4115
9.096566,1.2398
9.098073,1.4877
9.099545,1.4491
9.101069,1.5088
9.102437,1.3440
9.103908,1.4547
9.105361,1.4334
9.106832,1.4514
9.108131,1.2768
9.109426,1.2746
9.110734,1.2925
9.111961,1.2038
9.113402,1.4197
9.114682,1.2675
9.116268,1.5754
9.117891,1.5983
9.119126,1.2151
9.120357,1.2075
9.121219,0.8442
9.122108,0.8707
9.123452,1.3210
9.124844,1.3807
9.126123,1.2571
9.126990,0.8500
9.128228,1.2228
9.129560,1.3067
9.130758,1.1869
9.132383,1.6082
9.134096,1.6844
9.134972,0.8562
9.136253,1.2580
9.137551,1.2751
9.138744,1.1831
9.140379,1.6156
9.141871,1.4549
9.143047,1.1566
9.144340,1.2713
9.145590,1.2291
9.146405,0.8039
9.147289,0.8765
9.148566,1.2640
9.150103,1.5264
9.151491,1.3659
9.152893,1.3881
9.154351,1.4355
9.155639,1.2651
9.157102,1.4519
9.158521,1.3964
9.159886,1.3538
9.161491,1.5824
9.162786,1.2843
9.164227,1.4215
9.165576,1.3308
9.166747,1.1598
9.168070,1.2983
9.169501,1.4061
9.170859,1.3468
9.172360,1.4784
9.173585,1.2026
9.174862,1.2656
9.176098,1.2166
9.177499,1.3788
9.178742,1.2315
9.180064,1.2991
9.181475,1.3887
9.182774,1.2777
9.184367,1.5731
9.185674,1.2715
9.186844,1.1520
9.188288,1.4247
9.189414,1.1043
9.190701,1.2712
9.191631,0.9196
9.192426,0.7842
9.193585,1.1540
9.195145,1.5389
9.196438,1.2706
9.197614,1.1617
9.198801,1.1761
9.200371,1.5504
9.201675,1.2678
9.202765,1.0794
9.203651,0.8652
9.204659,0.9969
9.205891,1.2210
9.207310,1.3966
9.208832,1.4986
9.210304,1.4495
9.211747,1.4193
9.212952,1.1804
9.214413,1.4366
9.215423,0.9991
9.216686,1.2446
9.218095,1.3871
9.219333,1.2159
9.220619,1.2624
9.221890,1.2604
9.223340,1.4283
9.224828,1.4649
9.226300,1.4494
9.227540,1.2203
9.228919,1.3689
9.230423,1.4810
9.231669,1.2296
9.232697,1.0170
9.233905,1.1979
9.235023,1.0957
9.236323,1.2779
9.237629,1.2877
9.238964,1.3248
9.240352,1.3677
9.241761,1.3870
9.242834,1.0507
9.244295,1.4397
9.245569,1.2547
9.246630,1.0507
9.247771,1.1297
9.248883,1.0865
9.249996,1.0923
9.251402,1.3868
9.252616,1.1997
9.253897,1.2705
9.255284,1.3637
9.256587,1.2807
9.257883,1.2852
9.258951,1.0473
9.259984,1.0260
9.261256,1.2569
9.262422,1.1438
9.263664,1.2326
9.264946,1.2711
9.266441,1.4729
9.267633,1.1769
9.268741,1.0983
9.270075,1.3157
9.271336,1.2433
9.272334,0.9808
9.273542,1.1897
9.274732,1.1803
9.276093,1.3398
9.277514,1.3977
9.278698,1.1733
9.279807,1.0868
9.281326,1.5011
9.282360,1.0116
9.283427,1.0475
9.284946,1.5091
9.286354,1.3867
9.287648,1.2742
9.288950,1.2914
9.290403,1.4304
9.291615,1.2009
9.292655,1.0290
9.293700,1.0421
9.294760,1.0548
9.295785,1.0197
9.296790,0.9994
9.297803,1.0076
9.298678,0.8707
9.299613,0.9307
9.300613,0.9956
9.301586,0.9692
9.302547,0.9565
9.303509,0.9583
9.304467,0.9552
9.305256,0.7861
9.306245,0.9858
9.307089,0.8402
9.307903,0.8095
9.308716,0.8079
9.309716,0.9957
9.310642,0.9216
9.311666,1.0202
9.312494,0.8244
9.313513,1.0143
9.314521,1.0045
9.315400,0.8749
9.316357,0.9516
9.317082,0.7220
9.317905,0.8186
9.318897,0.9871
9.319889,0.9872
9.320908,1.0149
9.322309,1.3952
9.323714,1.3841
9.325158,1.4212
9.326533,1.3548
9.327613,1.0632
9.328320,0.7026
9.329328,1.0021
9.330573,1.2393
9.331602,1.0255
9.332618,1.0061
9.333563,0.9413
9.334527,0.9588
9.335523,0.9928
9.336575,1.0479
9.337585,1.0059
9.338572,0.9834
9.339560,0.9836
9.340587,1.0227
9.341595,1.0041
9.342609,1.0101
9.343618,1.0055
9.344616,0.9930
9.345620,1.0004
9.346713,1.0893
9.347756,1.0385
9.348807,1.0462
9.349830,1.0186
9.350659,0.8090
9.351651,0.9866
9.352817,1.1617
9.353835,1.0128
9.355107,1.2675
9.356090,0.9647
9.357467,1.3698
9.358836,1.3491
9.359982,1.1234
9.361408,1.4041
9.362315,0.8902
9.363226,0.8981
9.364236,0.9897
9.365281,1.0385
9.366715,1.4272
9.367815,1.0793
9.368779,0.9582
9.369780,0.9952
9.370831,1.0448
9.372056,1.2203
9.373059,0.9816
9.373880,0.8135
9.374829,0.9261
9.375812,0.9765
9.376768,0.9507
9.377756,0.9831
9.378772,1.0116
9.379816,1.0398
9.380970,1.1500
9.382381,1.3907
9.383644,1.2192
9.384898,1.2375
9.385754,0.8366
9.386533,0.7723
9.387527,0.9900
9.388690,1.1598
9.389676,0.9807
9.390653,0.9741
9.391654,0.9973
9.392629,0.9717
9.393625,0.9924
9.394613,0.9844
9.395638,1.0195
9.396625,0.9815
9.397365,0.7359
9.398344,0.9753
9.399366,1.0166
9.400416,1.0450
9.401638,1.2154
9.402640,0.9969
9.403655,1.0105
9.404652,0.9932
9.405652,0.9945
9.406618,0.9615
9.407619,0.9964
9.408622,0.9984
9.409676,1.0499
9.410678,0.9980
9.411707,1.0236
9.412644,0.9313
9.413677,1.0282
9.414692,1.0096
9.415675,0.9781
9.416661,0.9819
9.417648,0.9818
9.418664,1.0104
9.419421,0.7523
9.420166,0.7411
9.421042,0.8728
9.422361,1.3146
9.423095,0.7294
9.423935,0.8348
9.424945,1.0059
9.426361,1.4110
9.427760,1.3785
9.429178,1.3963
9.430848,1.6481
9.431715,0.8469
9.432561,0.8253
9.433591,1.0234
9.434509,0.9141
9.435519,1.0060
9.436750,1.2283
9.437749,0.9945
9.438655,0.9007
9.439637,0.9785
9.440624,0.9829
9.441653,1.0253
9.442605,0.9475
9.443440,0.8311
9.444178,0.7336
9.445036,0.8551
9.446080,1.0392
9.447454,1.3695
9.448909,1.4327
9.450403,1.4736
9.451696,1.2716
9.453106,1.3879
9.454424,1.2955
9.455238,0.7972
9.456072,0.8290
9.457442,1.3514
9.458938,1.4741
9.460490,1.5273
9.461924,1.4193
9.463342,1.3952
9.464693,1.3291
9.466080,1.3743
9.467217,1.1127
9.468183,0.9453
9.469453,1.2542
9.470927,1.4565
9.472101,1.1529
9.473454,1.3303
9.474837,1.3603
9.476369,1.5098
9.477972,1.5692
9.479175,1.1802
9.480255,1.0576
9.481550,1.2747
9.482604,1.0431
9.483795,1.1789
9.485015,1.1992
9.486428,1.3904
9.487669,1.2296
9.489003,1.3225
9.490463,1.4403
9.491669,1.1949
9.493084,1.4033
9.494495,1.3884
9.495644,1.1386
9.496995,1.3394
9.498370,1.3563
9.499620,1.2211
9.500943,1.3118
9.502178,1.2128
9.503250,1.0524
9.505021,1.7487
9.506377,1.3324
9.507662,1.2604
9.508975,1.3021
9.510416,1.4178
9.512135,1.7039
9.513410,1.2536
9.514384,0.9619
9.515361,0.9500
9.516647,1.2729
9.517972,1.3148
9.519384,1.3896
9.520678,1.2656
9.522254,1.5652
9.523608,1.3310
9.524957,1.3381
9.526418,1.4386
9.527709,1.2800
9.529048,1.3141
9.530490,1.4190
9.531694,1.1840
9.532930,1.2165
9.534426,1.4732
9.535930,1.4793
9.537443,1.4934
9.538904,1.4494
9.540164,1.2391
9.541511,1.3243
9.542576,1.0544
9.543738,1.1509
9.545077,1.3161
9.546453,1.3549
9.547713,1.2484
9.549025,1.3019
9.550482,1.4362
9.551712,1.2198
9.552944,1.2080
9.554486,1.5212
9.555939,1.4382
9.557492,1.5319
9.558896,1.3890
9.559951,1.0342
9.561158,1.1901
9.562433,1.2558
9.563901,1.4549
9.565107,1.1825
9.566377,1.2494
9.567981,1.5717
9.569436,1.4337
9.570907,1.4597
9.571816,0.8910
9.572779,0.9451
9.574197,1.3946
9.575488,1.2721
9.576783,1.2808
9.578119,1.3131
9.579375,1.2334
9.580645,1.2397
9.581729,1.0730
9.582586,0.8463
9.583367,0.7696
9.584640,1.2695
9.586044,1.3934
9.587436,1.3701
9.588577,1.1307
9.589959,1.3712
9.591406,1.4263
9.592695,1.2734
9.594015,1.3083
9.595452,1.4149
9.596894,1.4190
9.598323,1.4086
9.599756,1.4107
9.601103,1.3281
9.602427,1.3066
9.603888,1.4390
9.604827,0.9189
9.605666,0.8209
9.606590,0.9123
9.607901,1.3002
9.609313,1.3906
9.610938,1.6008
9.612434,1.4735
9.613942,1.4839
9.615399,1.4344
9.616644,1.2276
9.617585,0.9305
9.618376,0.7802
9.619636,1.2555
9.620818,1.1718
9.622114,1.2743
9.623428,1.2946
9.624640,1.2014
9.625982,1.3308
9.627482,1.4813
9.628677,1.1723
9.629978,1.2905
9.631426,1.4251
9.632721,1.2716
9.634143,1.4108
9.635303,1.1423
9.636579,1.2527
9.637882,1.2934
9.639437,1.5349
9.640561,1.1011
9.641336,0.7649
9.642551,1.2104
9.644092,1.5308
9.645477,1.3619
9.646980,1.4929
9.648421,1.4225
9.649678,1.2396
9.650932,1.2440
9.652383,1.4280
9.653709,1.2912
9.655413,1.6812
9.656642,1.2150
9.657921,1.2676
9.659408,1.4637
9.660692,1.2618
9.662047,1.3445
9.663503,1.4331
9.665046,1.5314
9.666469,1.4036
9.667776,1.2955
9.669195,1.3962
9.670532,1.3150
9.671869,1.3251
9.673202,1.3105
9.674525,1.3005
9.675780,1.2427
9.677120,1.3203
9.678443,1.3052
9.679657,1.1934
9.680988,1.3204
9.682417,1.4041
9.683619,1.1908
9.684624,0.9944
9.685549,0.9129
9.686335,0.7750
9.687542,1.2031
9.689074,1.5214
9.690433,1.3353
9.691599,1.1561
9.692746,1.1361
9.694087,1.3188
9.695438,1.3280
9.696702,1.2538
9.698020,1.2955
9.699548,1.5089
9.700721,1.1624
9.702072,1.3323
9.703473,1.3796
9.704772,1.2798
9.706026,1.2312
9.707437,1.3908
9.708304,0.8542
9.709537,1.2189
9.710733,1.1861
9.712077,1.3213
9.713427,1.3301
9.714646,1.2080
9.715915,1.2586
9.716987,1.0514
9.717869,0.8643
9.718943,1.0573
9.720424,1.4580
9.721856,1.4168
9.723307,1.4257
9.724721,1.3917
9.726073,1.3287
9.727315,1.2215
9.728554,1.2182
9.729792,1.2274
9.730905,1.0909
9.732580,1.6532
9.733755,1.1646
9.734980,1.2021
9.736398,1.3952
9.737658,1.2491
9.739010,1.3418
9.740443,1.4103
9.741553,1.0891
9.742868,1.3038
9.744340,1.4494
9.745532,1.1728
9.746688,1.1458
9.748007,1.3089
9.749468,1.4382
9.750931,1.4422
9.752383,1.4325
9.753410,1.0019
9.754376,0.9518
9.755827,1.4205
9.757295,1.4461
9.764010,6.6920
9.765336,1.3087
9.767017,1.6625
9.768514,1.4755
9.769839,1.3078
9.771200,1.3372
9.772619,1.3963
9.774031,1.3983
9.775489,1.4333
9.776614,1.1118
9.777753,1.1268
9.779045,1.2718
9.780468,1.3983
9.781680,1.1902
9.783231,1.5393
9.784536,1.2825
9.785710,1.1613
9.786846,1.1136
9.787966,1.1020
9.789433,1.4442
9.790860,1.4161
9.792363,1.4800
9.794003,1.6201
9.795480,1.4595
9.796843,1.3400
9.798000,1.1355
9.799420,1.4016
9.800920,1.4820
9.802169,1.2295
9.803426,1.2336
9.804798,1.3609
9.806092,1.2720
9.807431,1.3167
9.808638,1.1957
9.809605,0.9562
9.810431,0.8146
9.811550,1.1135
9.812897,1.3360
9.814286,1.3707
9.815836,1.5303
9.817314,1.4551
9.818611,1.2737
9.819936,1.3141
9.821132,1.1735
9.822424,1.2743
9.823870,1.4346
9.825358,1.4661
9.826840,1.4591
9.828509,1.6461
9.829831,1.3112
9.831322,1.4678
9.832293,0.9491
9.833317,1.0064
9.834561,1.2257
9.835711,1.1393
9.836838,1.1168
9.838315,1.4658
9.839573,1.2384
9.840863,1.2792
9.841957,1.0721
9.842999,1.0343
9.844507,1.4842
9.845933,1.4162
9.847312,1.3532
9.848306,0.9712
9.849500,1.1732
9.850602,1.0914
9.851874,1.2618
9.853358,1.4599
9.854338,0.9581
9.855425,1.0671
9.856895,1.4616
9.858196,1.2805
9.859504,1.2848
9.860797,1.2828
9.861870,1.0517
9.863169,1.2774
9.864463,1.2707
9.865895,1.4228
9.867247,1.3289
9.868425,1.1579
9.869629,1.1941
9.870927,1.2867
9.872156,1.2233
9.873557,1.3819
9.874646,1.0768
9.875691,1.0347
9.876746,1.0485
9.877515,0.7640
9.878242,0.7244
9.879334,1.0884
9.880322,0.9835
9.881350,1.0230
9.882354,0.9991
9.883363,1.0050
9.884609,1.2408
9.885752,1.1381
9.886835,1.0787
9.887887,1.0474
9.888849,0.9572
9.889667,0.8119
9.890674,1.0033
9.891644,0.9667
9.892675,1.0284
9.893628,0.9485
9.894382,0.7494
9.895408,1.0238
9.896455,1.0409
9.897502,1.0424
9.898445,0.9387
9.899479,1.0295
9.900218,0.7335
9.900931,0.7104
9.901796,0.8598
9.902816,1.0164
9.903820,0.9996
9.905071,1.2449
9.906418,1.3427
9.907811,1.3731
9.909046,1.2121
9.910305,1.2351
9.911841,1.5159
9.912701,0.8388
9.913731,1.0226
9.914723,0.9864
9.915622,0.8947
9.916652,1.0242
9.917630,0.9730
9.918633,0.9987
9.919891,1.2535
9.920810,0.9144
9.922156,1.3411
9.923291,1.1116
9.924375,1.0637
9.925598,1.1909
9.926790,1.1752
9.927917,1.1197
9.928864,0.9423
9.930192,1.3229
9.931573,1.3590
9.932937,1.3460
9.934018,1.0565
9.935420,1.3956
9.936804,1.3677
9.937834,1.0097
9.938847,1.0069
9.939845,0.9926
9.940814,0.9634
9.942079,1.2609
9.943402,1.3059
9.945078,1.6584
9.946209,1.1114
9.947256,1.0410
9.948283,1.0217
9.949277,0.9898
9.950366,1.0835
9.951860,1.4571
9.953424,1.5452
9.954778,1.3387
9.956299,1.5014
9.957309,0.9894
9.958164,0.8339
9.959173,0.9977
9.960599,1.4209
9.961940,1.3258
9.963413,1.4586
9.964855,1.4279
9.966366,1.4903
9.968003,1.5986
9.969071,1.0455
9.970177,1.0867
9.971174,0.9809
9.972268,1.0851
9.973564,1.2908
9.974648,1.0707
9.975647,0.9933
9.976640,0.9900
9.977617,0.9738
9.978621,0.9999
9.979640,1.0152
9.980621,0.9771
9.981374,0.7495
9.982623,1.2459
9.983632,1.0056
9.984879,1.2417
9.985792,0.9089
9.986832,1.0352
9.987851,1.0146
9.989415,1.5588
9.990695,1.2616
9.992114,1.3953
9.993534,1.3992
9.994750,1.1990
9.995851,1.0765
9.996757,0.9003
9.997748,0.9851
9.998750,0.9974
10.000048,1.2930
10.000918,0.8637
10.001794,0.8546
10.002620,0.8166
10.003528,0.8895
10.004244,0.7107
10.005138,0.8899
10.006305,1.1602
10.008398,2.0734
10.010389,1.9792
10.012388,1.9951
10.014393,2.0030
10.016388,1.9934
10.018388,1.9983
10.020388,1.9985
10.022389,1.9988
10.024388,1.9974
10.026388,1.9974
10.028062,1.6727
10.028802,0.7377
10.029574,0.7689
10.030522,0.9461
10.031255,0.7311
10.031964,0.7079
10.032891,0.9248
10.033621,0.7279
10.034390,0.7666
10.035133,0.7406
10.035820,0.6862
10.036563,0.7408
10.037318,0.7526
10.038010,0.6902
10.038750,0.7382
10.039543,0.7910
10.040484,0.9382
10.041218,0.7328
10.041945,0.7259
10.042728,0.7812
10.043664,0.9341
10.044696,1.0293
10.045705,1.0072
10.046519,0.8115
10.047489,0.9684
10.048528,1.0362
10.049513,0.9835
10.050511,0.9956
10.051350,0.8354
10.052197,0.8469
10.053063,0.8638
10.054035,0.9692
10.055021,0.9843
10.056013,0.9893
10.057030,1.0146
10.058004,0.9722
10.059038,1.0311
10.060261,1.2213
10.061252,0.9890
10.062222,0.9674
10.063223,0.9993
10.064087,0.8613
10.065101,1.0116
10.066085,0.9824
10.066974,0.8865
10.067968,0.9918
10.068952,0.9822
10.069963,1.0084
10.070935,0.9696
10.071807,0.8696
10.072827,1.0173
10.073912,1.0835
10.074887,0.9725
10.075891,1.0014
10.076866,0.9731
10.077878,1.0100
10.078888,1.0073
10.079868,0.9782
10.080793,0.9233
10.081959,1.1504
10.082962,1.0011
10.083837,0.8733
10.084842,1.0028
10.085804,0.9591
10.086954,1.1479
10.087950,0.9940
10.088946,0.9941
10.089887,0.9384
10.090891,1.0018
10.091880,0.9869
10.092870,0.9869
10.094081,1.2097
10.094933,0.8488
10.095881,0.9461
10.096859,0.9756
10.097869,1.0084
10.098829,0.9572
10.099929,1.0979
10.100914,0.9826
10.101890,0.9737
10.102857,0.9644
10.103858,0.9994
10.104795,0.9345
10.105600,0.8024
10.106833,1.2313
10.107768,0.9330
10.108784,1.0139
10.109757,0.9706
10.110744,0.9856
10.111605,0.8589
10.112916,1.3084
10.113899,0.9810
10.114958,1.0570
10.116008,1.0481
10.117095,1.0850
10.118036,0.9387
10.119100,1.0613
10.120311,1.2091
10.121425,1.1123
10.122387,0.9597
10.123303,0.9137
10.124338,1.0348
10.125447,1.0942
10.126410,0.9610
10.127321,0.9093
10.128323,0.9939
10.129343,1.0175
10.130360,1.0157
10.131356,0.9937
10.132254,0.8962
10.133240,0.9842
10.134101,0.8585
10.135083,0.9802
10.136018,0.9331
10.136874,0.8534
10.137919,1.0427
10.139040,1.1063
10.140095,1.0534
10.141188,1.0911
10.142229,1.0382
10.143219,0.9885
10.144019,0.7975
10.144876,0.8556
10.146011,1.1322
10.147021,1.0081
10.147965,0.9417
10.148822,0.8553
10.149755,0.9310
10.150716,0.9591
10.151510,0.7918
10.152371,0.8586
10.153363,0.9919
10.154382,1.0170
10.155325,0.9410
10.156165,0.8377
10.157036,0.8689
10.158184,1.1467
10.159225,1.0384
10.160053,0.8262
10.160906,0.8501
10.161731,0.8236
10.162541,0.8070
10.163560,1.0172
10.164487,0.9251
10.165495,1.0056
10.166508,1.0107
10.167493,0.9836
10.168225,0.7300
10.169092,0.8658
10.170213,1.1187
10.171213,0.9981
10.172223,1.0079
10.173273,1.0481
10.174164,0.8890
10.175436,1.2578
10.176429,0.9906
10.177342,0.9110
10.178370,1.0266
10.179337,0.9657
10.180322,0.9830
10.181278,0.9537
10.182280,1.0000
10.183216,0.9341
10.183944,0.7259
10.184688,0.7416
10.185469,0.7787
10.186217,0.7466
10.186961,0.7426
10.187718,0.7547
10.188582,0.8628
10.189273,0.6893
10.190018,0.7435
10.190758,0.7376
10.191722,0.9624
10.192569,0.8444
10.193381,0.8105
10.194048,0.6661
10.194729,0.6788
10.195646,0.9145
10.196316,0.6684
10.197002,0.6852
10.197674,0.6698
10.198450,0.7739
10.199133,0.6807
10.199808,0.6745
10.200488,0.6778
10.201367,0.8775
10.202040,0.6713
10.202831,0.7897
10.203498,0.6644
10.204180,0.6776
10.204869,0.6882
10.205547,0.6762
10.206231,0.6820
10.206886,0.6542
10.207543,0.6549
10.208235,0.6893
10.208912,0.6762
10.209590,0.6761
10.210281,0.6889
10.210974,0.6917
10.211799,0.8234
10.212461,0.6598
10.213139,0.6769
10.213828,0.6877
10.214510,0.6795
10.215196,0.6839
10.215867,0.6705
10.216640,0.7700
10.217322,0.6796
10.218009,0.6867
10.218683,0.6715
10.219579,0.8942
10.220247,0.6660
10.221034,0.7856
10.221702,0.6661
10.222366,0.6621
10.223059,0.6919
10.223744,0.6833
10.224660,0.9022
10.225666,1.0042
10.226325,0.6566
10.227014,0.6876
10.227727,0.7110
10.228405,0.6763
10.229099,0.6919
10.229776,0.6765
10.230557,0.7785
10.231229,0.6702
10.231896,0.6659
10.232587,0.6889
10.233252,0.6630
10.233933,0.6802
10.234935,0.9996
10.235595,0.6582
10.236283,0.6867
10.236954,0.6697
10.237630,0.6740
10.238321,0.6891
10.239111,0.7892
10.239779,0.6662
10.240454,0.6739
10.241115,0.6583
10.241797,0.6812
10.242475,0.6765
10.243157,0.6800
10.244189,1.0305
10.244845,0.6546
10.245515,0.6680
10.246191,0.6736
10.246852,0.6605
10.247543,0.6888
10.248204,0.6597
10.248872,0.6670
10.249761,0.8872
10.250424,0.6606
10.251099,0.6733
10.251784,0.6836
10.252445,0.6595
10.253126,0.6794
10.253806,0.6783
10.254478,0.6703
10.255169,0.6889
10.255831,0.6609
10.256525,0.6918
10.257316,0.7905
10.257986,0.6693
10.258881,0.8928
10.259585,0.7017
10.260270,0.6825
10.260950,0.6790
10.261599,0.6475
10.262280,0.6790
10.262960,0.6791
10.263634,0.6719
10.264307,0.6711
10.264972,0.6649
10.265675,0.7005
10.266464,0.7870
10.267129,0.6634
10.268019,0.8894
10.268690,0.6690
10.269368,0.6755
10.270051,0.6823
10.270837,0.7844
10.273389,2.5500
10.275388,1.9958
10.277388,1.9985
10.280389,2.9986
10.282388,1.9971
10.285388,2.9983
10.287389,1.9997
10.289389,1.9986
10.291388,1.9972
10.293388,1.9986
10.295388,1.9983
10.297388,1.9986
10.299388,1.9982
10.301388,1.9985
10.303388,1.9976
10.305388,1.9992
10.308389,2.9986
10.310391,2.0007
10.312389,1.9955
10.314388,1.9969
10.316388,1.9986
10.318387,1.9977
10.320388,1.9987
10.322388,1.9974
10.324389,1.9991
10.326387,1.9968
10.328388,1.9991
10.330387,1.9970
10.332392,2.0034
10.334388,1.9945
10.336389,1.9982
10.338388,1.9972
10.340387,1.9978
10.342387,1.9980
10.344387,1.9981
10.346387,1.9982
10.348387,1.9981
10.350397,2.0083
10.351081,0.6772
10.354389,3.3064
10.356387,1.9936
10.358388,1.9987
10.360387,1.9976
10.362165,1.7756
10.363035,0.8666
10.366390,3.3471
10.368387,1.9944
10.370387,1.9976
10.372388,1.9983
10.374319,1.9292
10.375062,0.7357
10.378390,3.3244
10.380388,1.9949
10.382388,1.9979
10.384388,1.9983
10.386062,1.6720
10.386874,0.8096
10.390391,3.5085
10.392388,1.9927
10.394387,1.9967
10.396388,1.9994
10.398199,1.8091
10.398924,0.7183
10.402389,3.4614
10.404387,1.9945
10.406390,1.9996
10.408388,1.9957
10.410050,1.6599
10.410893,0.8405
10.411688,0.7888
10.412611,0.9078
10.413638,1.0202
10.414352,0.7074
10.415241,0.8859
10.416105,0.8566
10.416989,0.8774
10.418216,1.2199
10.419078,0.8553
10.419923,0.8378
10.420813,0.8791
10.421590,0.7704
10.422331,0.7335
10.423354,1.0205
10.424155,0.7937
10.424917,0.7559
10.425697,0.7733
10.426520,0.8156
10.427228,0.7015
10.427912,0.6818
10.428844,0.9294
10.429665,0.8021
10.430394,0.7221
10.431182,0.7855
10.431993,0.8072
10.432949,0.9448
10.433836,0.8798
10.434861,1.0189
10.438394,3.5114
10.440387,1.9873
10.442392,2.0018
10.444388,1.9935
10.446388,1.9972
10.448387,1.9973
10.450388,1.9987
10.452388,1.9975
10.454388,1.9988
10.456388,1.9975
10.458390,2.0001
10.460387,1.9959
10.462388,1.9985
10.464388,1.9983
10.466388,1.9982
10.468388,1.9975
10.470388,1.9980
10.472388,1.9988
10.474387,1.9959
10.475203,0.8136
10.477389,2.1730
10.479388,1.9954
10.481388,1.9981
10.483388,1.9983
10.485388,1.9974
10.487388,1.9982
10.489388,1.9988
10.491388,1.9973
10.493388,1.9990
10.495388,1.9973
10.497388,1.9985
10.499387,1.9977
10.501032,1.6426
10.504393,3.3583
10.506388,1.9925
10.507358,0.9687
10.508325,0.9657
10.509257,0.9296
10.510062,0.8032
10.511102,1.0380
10.512079,0.9747
10.513094,1.0129
10.514075,0.9789
10.514958,0.8805
10.516094,1.1341
10.517110,1.0140
10.518130,1.0176
10.519345,1.2125
10.520369,1.0223
10.521341,0.9675
10.522275,0.9314
10.523184,0.9068
10.524054,0.8685
10.524990,0.9330
10.525947,0.9554
10.526764,0.8145
10.527630,0.8641
10.528564,0.9321
10.529500,0.9341
10.530431,0.9283
10.531374,0.9406
10.532328,0.9537
10.533220,0.8898
10.534277,1.0544
10.535204,0.9248
10.536154,0.9482
10.537036,0.8800
10.538148,1.0972
10.539183,1.0328
10.540217,1.0318
10.541162,0.9431
10.542142,0.9779
10.543048,0.9040
10.543983,0.9326
10.544915,0.9304
10.545753,0.8359
10.546675,0.9194
10.547618,0.9414
10.548565,0.9448
10.549479,0.9122
10.550404,0.9229
10.551559,1.1524
10.552596,1.0357
10.553519,0.9210
10.554418,0.8961
10.555357,0.9374
10.556307,0.9493
10.557248,0.9391
10.558071,0.8213
10.559034,0.9604
10.559824,0.7887
10.560756,0.9299
10.561632,0.8740
10.562546,0.9119
10.563504,0.9560
10.564413,0.9067
10.565346,0.9310
10.566224,0.8775
10.567011,0.7843
10.567966,0.9534
10.568884,0.9163
10.569817,0.9307
10.570947,1.1279
10.571788,0.8393
10.572715,0.9252
10.573642,0.9249
10.574589,0.9444
10.575521,0.9305
10.576560,1.0372
10.577464,0.9010
10.578337,0.8713
10.579224,0.8866
10.580018,0.7914
10.580862,0.8421
10.581626,0.7621
10.582884,1.2561
10.583807,0.9212
10.584769,0.9599
10.585677,0.9058
10.586590,0.9106
10.587545,0.9530
10.588564,1.0171
10.589489,0.9229
10.590381,0.8900
10.591303,0.9217
10.592055,0.7501
10.592848,0.7900
10.593675,0.8251
10.594718,1.0412
10.595654,0.9338
10.596578,0.9217
10.597497,0.9164
10.598445,0.9464
10.599303,0.8558
10.600241,0.9376
10.601270,1.0271
10.602515,1.2310
10.603195,0.6770
10.604002,0.8063
10.604929,0.9247
10.606106,1.1631
10.607062,0.9533
10.607985,0.9210
10.608913,0.9262
10.609853,0.9373
10.610652,0.7970
10.611588,0.9337
10.612481,0.8916
10.613398,0.9144
10.614295,0.8947
10.615090,0.7950
10.615890,0.7972
10.616790,0.8980
10.617704,0.9120
10.618632,0.9259
10.619523,0.8888
10.620473,0.9478
10.621381,0.9058
10.622331,0.9492
10.623249,0.9162
10.623999,0.7476
10.624878,0.8774
10.625632,0.7515
10.626535,0.9008
10.627485,0.9477
10.628349,0.8625
10.629285,0.9345
10.630387,1.1004
10.631294,0.9049
10.632226,0.9316
10.633027,0.7985
10.633953,0.9240
10.634919,0.9640
10.635835,0.9134
10.636753,0.9159
10.637623,0.8680
10.638553,0.9279
10.639460,0.9045
10.640412,0.9497
10.641300,0.8865
10.642296,0.9946
10.643193,0.8949
10.644156,0.9612
10.645491,1.3209
10.646364,0.8701
10.647066,0.7011
10.647841,0.7733
10.648989,1.1333
10.649955,0.9639
10.650874,0.9169
10.651753,0.8770
10.652712,0.9568
10.653616,0.9016
10.654691,1.0727
10.655568,0.8755
10.656507,0.9369
10.657439,0.9295
10.658129,0.6880
10.658958,0.8284
10.659830,0.8706
10.660590,0.7574
10.661541,0.9487
10.662476,0.9334
10.663403,0.9249
10.664279,0.8738
10.665056,0.7757
10.665946,0.8884
10.666854,0.9051
10.667768,0.9122
10.668600,0.8306
10.669296,0.6938
10.670315,1.0103
10.671236,0.9192
10.672151,0.9133
10.673064,0.9107
10.673860,0.7933
10.674780,0.9176
10.675922,1.1401
10.676871,0.9473
10.677640,0.7671
10.678541,0.8992
10.679452,0.9086
10.680404,0.9496
10.681271,0.8650
10.682069,0.7975
10.682993,0.9219
10.684040,1.0453
10.684967,0.9248
10.685810,0.8406
10.686743,0.9312
10.687690,0.9450
10.688593,0.9005
10.689496,0.9008
10.690412,0.9138
10.691157,0.7434
10.691957,0.7988
10.692887,0.9286
10.693777,0.8871
10.694511,0.7328
10.695388,0.8747
10.696266,0.8758
10.697064,0.7973
10.698002,0.9358
10.698929,0.9243
10.699845,0.9146
10.700615,0.7682
10.701521,0.9039
10.702191,0.6678
10.702994,0.8022
10.703892,0.8956
10.704847,0.9531
10.706150,1.2885
10.707055,0.9026
10.707984,0.9271
10.708905,0.9185
10.709766,0.8593
10.710723,0.9548
10.711592,0.8674
10.712581,0.9860
10.713367,0.7842
10.714282,0.9142
10.715225,0.9411
10.716141,0.9138
10.717062,0.9196
10.718033,0.9681
10.718792,0.7578
10.719843,1.0489
10.720823,0.9775
10.721807,0.9818
10.722824,1.0150
10.723749,0.9229
10.724557,0.8057
10.725508,0.9494
10.726346,0.8356
10.727218,0.8643
10.727959,0.7390
10.728815,0.8535
10.729816,0.9997
10.730836,1.0179
10.731918,1.0796
10.732765,0.8454
10.733777,1.0098
10.734724,0.9446
10.735512,0.7866
10.736268,0.7535
10.737568,1.2994
10.738551,0.9814
10.739585,1.0313
10.740335,0.7483
10.741344,1.0079
10.742316,0.9679
10.743331,1.0131
10.744286,0.9530
10.745090,0.8024
10.745887,0.7949
10.746751,0.8617
10.747760,1.0069
10.748808,1.0453
10.750103,1.2929
10.751111,1.0059
10.752112,0.9994
10.753019,0.9041
10.754045,1.0241
10.755092,1.0452
10.756019,0.9246
10.757068,1.0474
10.757928,0.8574
10.758898,0.9680
10.759831,0.9311
10.760816,0.9822
10.761819,1.0016
10.762943,1.1216
10.763828,0.8828
10.764813,0.9827
10.765791,0.9760
10.766795,1.0025
10.767696,0.8987
10.768501,0.8032
10.769475,0.9715
10.770662,1.1851
10.771644,0.9797
10.772648,1.0027
10.773612,0.9613
10.774584,0.9698
10.775587,1.0012
10.776583,0.9945
10.777489,0.9042
10.778220,0.7281
10.778949,0.7286
10.779843,0.8918
10.780854,1.0095
10.781915,1.0585
10.783048,1.1310
10.783967,0.9166
10.784826,0.8571
10.785782,0.9540
10.786608,0.8243
10.787486,0.8754
10.788223,0.7341
10.789071,0.8478
10.789991,0.9178
10.790832,0.8389
10.791868,1.0340
10.792818,0.9478
10.793846,1.0258
10.794854,1.0066
10.795821,0.9646
10.796841,1.0179
10.797780,0.9372
10.798772,0.9896
10.799877,1.1031
10.800814,0.9350
10.801642,0.8255
10.802805,1.1611
10.803768,0.9613
10.804769,0.9986
10.805741,0.9702
10.806583,0.8406
10.807576,0.9903
10.808565,0.9870
10.809597,1.0298
10.810581,0.9818
10.811556,0.9729
10.812438,0.8806
10.813418,0.9776
10.814394,0.9743
10.815630,1.2339
10.816855,1.2107
10.817843,0.9862
10.818837,0.9919
10.819808,0.9690
10.820843,1.0331
10.821816,0.9707
10.822761,0.9430
10.823515,0.7526
10.824485,0.9673
10.825505,1.0184
10.826408,0.9006
10.827310,0.8998
10.828481,1.1702
10.829384,0.9010
10.830280,0.8925
10.831183,0.9004
10.832014,0.8294
10.832954,0.9376
10.833804,0.8483
10.834547,0.7410
10.835664,1.1143
10.836575,0.9097
10.837501,0.9240
10.838417,0.9130
10.839323,0.9039
10.840206,0.8829
10.840990,0.7814
10.841912,0.9198
10.842927,1.0128
10.843835,0.9066
10.844652,0.8144
10.845326,0.6720
10.846016,0.6889
10.847023,1.0055
10.848052,1.0264
10.848912,0.8587
10.849837,0.9227
10.850577,0.7374
10.851519,0.9395
10.852328,0.8067
10.853207,0.8789
10.854191,0.9811
10.854967,0.7741
10.855921,0.9522
10.856837,0.9137
10.857633,0.7944
10.858802,1.1666
10.859785,0.9813
10.860544,0.7570
10.861459,0.9133
10.862310,0.8486
10.863199,0.8883
10.863998,0.7960
10.864882,0.8825
10.866015,1.1308
10.866923,0.9058
10.867719,0.7939
10.868517,0.7961
10.869466,0.9470
10.870585,1.1170
10.871503,0.9155
10.872379,0.8738
10.873311,0.9316
10.874311,0.9858
10.875259,0.9462
10.876163,0.9013
10.876959,0.7941
10.878104,1.1435
10.878991,0.8851
10.879791,0.7977
10.880695,0.9017
10.881572,0.8747
10.882618,1.0446
10.883548,0.9276
10.884458,0.9075
10.885311,0.8515
10.886208,0.8961
10.887020,0.8094
10.887931,0.9095
10.888990,1.0571
10.889987,0.9947
10.890780,0.7911
10.891644,0.8618
10.892563,0.9163
10.893487,0.9220
10.894414,0.9251
10.895273,0.8570
10.896060,0.7867
10.897180,1.1180
10.898099,0.9170
10.899024,0.9224
10.899850,0.8238
10.900721,0.8694
10.901664,0.9408
10.902576,0.9096
10.903525,0.9471
10.904368,0.8407
10.905280,0.9111
10.906346,1.0643
10.907269,0.9205
10.908208,0.9374
10.909210,0.9996
10.910069,0.8572
10.910991,0.9196
10.911971,0.9780
10.912771,0.7982
10.913649,0.8762
10.914559,0.9074
10.915493,0.9318
10.916413,0.9181
10.917254,0.8389
10.918057,0.8015
10.918975,0.9166
10.919896,0.9186
10.921050,1.1523
10.921895,0.8430
10.922725,0.8271
10.923408,0.6817
10.924362,0.9515
10.925309,0.9461
10.926202,0.8907
10.927000,0.7958
10.928173,1.1712
10.929219,1.0444
10.930177,0.9554
10.931052,0.8728
10.931976,0.9219
10.933094,1.1160
10.933960,0.8638
10.934861,0.8987
10.935658,0.7958
10.936568,0.9076
10.937514,0.9439
10.938431,0.9149
10.939322,0.8889
10.940527,1.2043
10.941446,0.9170
10.942397,0.9488
10.943289,0.8897
10.944211,0.9211
10.944975,0.7621
10.945887,0.9100
10.946807,0.9184
10.947743,0.9336
10.948663,0.9178
10.949610,0.9447
10.950524,0.9125
10.951388,0.8615
10.952660,1.2706
10.953581,0.9191
10.954531,0.9471
10.955438,0.9057
10.956124,0.6835
10.956940,0.8148
10.957850,0.9084
10.958679,0.8267
10.959605,0.9234
10.960514,0.9070
10.961481,0.9657
10.962345,0.8618
10.963317,0.9702
10.964575,1.2564
10.965514,0.9367
10.966374,0.8580
10.967049,0.6721
10.967822,0.7705
10.968787,0.9634
10.969826,1.0371
10.970760,0.9314
10.971606,0.8440
10.972556,0.9487
10.973478,0.9192
10.974382,0.9026
10.975278,0.8947
10.976103,0.8235
10.976885,0.7793
10.977629,0.7421
10.978294,0.6628
10.979071,0.7768
10.980015,0.9410
10.980939,0.9222
10.981992,1.0506
10.983079,1.0849
10.983979,0.8980
10.984897,0.9163
10.985785,0.8856
10.986640,0.8534
10.987703,1.0611
10.988606,0.9007
10.989302,0.6937
10.990082,0.7790
10.990993,0.9092
10.991836,0.8413
10.992755,0.9167
10.993809,1.0521
10.994946,1.1342
10.995783,0.8348
10.996707,0.9223
10.997567,0.8578
10.998487,0.9187
10.999509,1.0194
11.000182,0.6714
11.000970,0.7865
11.001896,0.9240
11.002842,0.9436
11.003773,0.9294
11.004627,0.8511
11.005660,1.0312
11.006609,0.9470
11.007523,0.9122
11.008395,0.8698
11.009317,0.9197
11.010231,0.9139
11.011188,0.9552
11.012014,0.8236
11.012958,0.9415
11.014011,1.0508
11.014935,0.9222
11.015889,0.9521
11.017101,1.1966
11.018048,0.9457
11.018987,0.9368
11.019923,0.9333
11.020860,0.9355
11.021605,0.7425
11.022277,0.6705
11.023114,0.8356
11.024158,1.0295
11.025243,1.0828
11.026269,1.0242
11.027190,0.9190
11.028116,0.9240
11.029012,0.8934
11.029818,0.8039
11.030745,0.9249
11.031666,0.9188
11.032585,0.9175
11.033493,0.9061
11.034171,0.6756
11.035081,0.9089
11.035975,0.8919
11.036902,0.9244
11.037837,0.9328
11.038648,0.8091
11.039580,0.9301
11.040477,0.8951
11.041396,0.9164
11.042286,0.8887
11.043067,0.7803
11.044009,0.9397
11.045099,1.0876
11.045865,0.7637
11.046807,0.9402
11.047652,0.8427
11.048587,0.9332
11.049547,0.9577
11.050487,0.9378
11.051435,0.9459
11.052484,1.0471
11.053294,0.8085
11.054291,0.9956
11.055184,0.8914
11.056024,0.8376
11.057021,0.9949
11.057777,0.7536
11.058716,0.9369
11.059847,1.1171
11.060795,0.9457
11.061670,0.8725
11.062570,0.8983
11.063501,0.9288
11.064400,0.8966
11.065271,0.8692
11.066078,0.8063
11.066927,0.8464
11.067679,0.7509
11.068651,0.9693
11.069564,0.9107
11.070648,1.0821
11.071554,0.9039
11.072507,0.9509
11.073437,0.9287
11.074307,0.8671
11.075215,0.9074
11.075961,0.7440
11.076870,0.9074
11.077778,0.9056
11.078504,0.7238
11.079412,0.9065
11.080296,0.8814
11.081088,0.7917
11.082136,1.0455
11.083024,0.8860
11.083944,0.9181
11.084807,0.8608
11.085672,0.8631
11.086372,0.6983
11.087609,1.2363
11.088550,0.9390
11.089242,0.6890
11.090016,0.7733
11.090819,0.8009
11.091773,0.9519
11.092732,0.9567
11.093664,0.9307
11.094557,0.8909
11.095504,0.9444
11.096433,0.9269
11.097256,0.8217
11.098047,0.7896
11.098909,0.8601
11.099935,1.0237
11.100830,0.8929
11.101561,0.7292
11.102482,0.9191
11.103311,0.8271
11.104176,0.8635
11.104851,0.6737
11.105575,0.7214
11.106479,0.9013
11.107363,0.8826
11.108292,0.9282
11.109248,0.9533
11.110230,0.9802
11.111134,0.9022
11.112058,0.9211
11.112953,0.8939
11.113887,0.9316
11.114760,0.8710
11.115679,0.9164
11.116831,1.1380
11.118080,1.2462
11.118955,0.8734
11.119884,0.9268
11.120830,0.9446
11.121691,0.8582
11.122401,0.7084
11.123480,1.0768
11.124443,0.9611
11.125398,0.9523
11.126308,0.9078
11.127226,0.9176
11.128004,0.7759
11.128945,0.9395
11.129982,1.0342
11.130891,0.9074
11.131812,0.9186
11.132673,0.8591
11.133354,0.6792
11.134236,0.8812
11.135153,0.9148
11.136224,1.0688
11.137023,0.7968
11.137990,0.9644
11.138932,0.9400
11.139848,0.9140
11.140658,0.8078
11.141734,1.0748
11.142644,0.9072
11.143558,0.9125
11.144484,0.9238
11.145410,0.9235
11.146372,0.9601
11.147290,0.9172
11.148282,0.9900
11.149537,1.2407
11.150474,0.9345
11.151423,0.9470
11.152301,0.8754
11.153089,0.7871
11.154153,1.0620
11.154940,0.7849
11.155802,0.8605
11.156724,0.9194
11.157612,0.8867
11.158546,0.9320
11.159447,0.8988
11.160553,1.1041
11.161509,0.9530
11.162435,0.9244
11.163393,0.9561
11.164305,0.9101
11.165219,0.9126
11.165911,0.6908
11.166635,0.7213
11.167592,0.9555
11.168486,0.8921
11.169401,0.9131
11.170336,0.9328
11.171264,0.9267
11.172324,1.0578
11.173257,0.9316
11.174244,0.9848
11.175186,0.9394
11.176056,0.8679
11.176929,0.8714
11.177714,0.7834
11.178604,0.8872
11.179541,0.9355
11.180687,1.1435
11.181596,0.9074
11.182521,0.9223
11.183421,0.8980
11.184501,1.0783
11.185437,0.9337
11.186346,0.9055
11.187195,0.8478
11.188091,0.8918
11.188976,0.8834
11.189761,0.7823
11.190455,0.6919
11.191148,0.6901
11.192044,0.8945
11.192710,0.6639
11.193393,0.6807
11.194050,0.6550
11.194764,0.7132
11.195450,0.6840
11.196137,0.6852
11.196812,0.6738
11.197487,0.6729
11.198156,0.6674
11.198822,0.6654
11.199500,0.6759
11.200180,0.6780
11.200866,0.6850
11.201557,0.6886
11.202242,0.6827
11.202929,0.6863
11.203712,0.7813
11.204394,0.6796
11.205093,0.6965
11.205999,0.8982
11.206890,0.8885
11.207569,0.6778
11.208368,0.7965
11.209037,0.6683
11.209708,0.6690
11.210399,0.6889
11.211159,0.7581
11.211840,0.6798
11.212516,0.6750
11.213292,0.7736
11.213979,0.6864
11.214658,0.6771
11.215334,0.6737
11.216238,0.9031
11.216972,0.7324
11.217749,0.7747
11.218420,0.6698
11.219105,0.6822
11.219783,0.6777
11.220471,0.6859
11.221149,0.6759
11.221799,0.6493
11.222463,0.6615
11.223146,0.6819
11.223812,0.6652
11.224495,0.6804
11.225181,0.6841
11.225874,0.6923
11.226679,0.8030
11.227344,0.6625
11.228016,0.6713
11.228698,0.6799
11.229368,0.6681
11.230065,0.6965
11.231296,1.2171
11.231967,0.6683
11.232645,0.6762
11.233312,0.6649
11.234024,0.7108
11.234813,0.7873
11.235506,0.6912
11.236300,0.7914
11.236970,0.6696
11.237645,0.6732
11.238325,0.6774
11.239002,0.6760
11.239756,0.7517
11.240680,0.9209
11.241415,0.7331
11.242149,0.7328
11.242927,0.7769
11.243672,0.7424
11.244421,0.7464
11.245113,0.6905
11.245967,0.8529
11.246701,0.7312
11.247428,0.7252
11.248209,0.7798
11.249009,0.7985
11.249756,0.7457
11.250478,0.7191
11.251411,0.9313
11.252469,1.0560
11.253370,0.8986
11.254418,1.0462
11.255384,0.9636
11.256127,0.7385
11.257099,0.9708
11.258316,1.2154
11.259340,1.0216
11.260226,0.8719
11.261094,0.8657
11.262081,0.9852
11.262862,0.7782
11.263795,0.9310
11.264779,0.9817
11.265649,0.8680
11.266567,0.9164
11.267328,0.7583
11.268378,1.0491
11.269133,0.7526
11.270274,1.1373
11.271211,0.9352
11.272121,0.9080
11.273058,0.9348
11.273912,0.8521
11.274829,0.9150
11.275729,0.8979
11.276659,0.9280
11.277550,0.8886
11.278448,0.8965
11.279406,0.9558
11.280317,0.9083
11.281320,1.0026
11.282192,0.8703
11.283005,0.8107
11.283924,0.9167
11.284842,0.9162
11.285780,0.9357
11.286712,0.9301
11.287736,1.0222
11.288597,0.8582
11.289731,1.1327
11.290488,0.7544
11.291406,0.9156
11.292312,0.9040
11.293326,1.0131
11.294511,1.1831
11.295432,0.9187
11.296366,0.9320
11.297226,0.8598
11.298035,0.8061
11.299107,1.0700
11.300001,0.8922
11.300888,0.8853
11.301839,0.9487
11.302626,0.7850
11.303562,0.9338
11.304454,0.8902
11.305365,0.9087
11.306283,0.9175
11.307068,0.7827
11.307865,0.7951
11.308772,0.9049
11.309680,0.9055
11.310771,1.0896
11.311625,0.8519
11.312316,0.6881
11.313227,0.9102
11.314169,0.9405
11.315122,0.9509
11.316008,0.8839
11.316780,0.7701
11.317745,0.9626
11.318646,0.8988
11.319573,0.9246
11.320713,1.1382
11.321619,0.9044
11.322585,0.9633
11.323266,0.6793
11.324082,0.8151
11.325231,1.1477
11.326016,0.7822
11.326954,0.9358
11.328200,1.2316
11.329129,0.9269
11.329943,0.8117
11.330838,0.8934
11.331790,0.9500
11.332940,1.1485
11.333785,0.8423
11.334515,0.7286
11.335432,0.9144
11.336360,0.9266
11.337323,0.9620
11.338325,0.9869
11.339168,0.8413
11.339950,0.7799
11.340871,0.9193
11.341823,0.9503
11.342758,0.9324
11.343622,0.8619
11.344801,1.1773
11.345667,0.8641
11.346574,0.9047
11.347496,0.9194
11.348438,0.9404
11.349373,0.9327
11.350294,0.9206
11.351065,0.7685
11.352015,0.9479
11.353171,1.1417
11.354094,0.9207
11.354878,0.7820
11.355766,0.8865
11.356734,0.9658
11.357770,1.0334
11.358631,0.8591
11.359542,0.9084
11.360468,0.9240
11.361369,0.8992
11.362305,0.9351
11.363219,0.9118
11.364270,1.0487
11.365208,0.9360
11.366019,0.8095
11.366757,0.7355
11.367517,0.7582
11.368382,0.8632
11.369305,0.9215
11.370228,0.9211
11.371295,1.0528
11.372238,0.9406
11.373053,0.8127
11.373952,0.8967
11.374861,0.9072
11.376003,1.1404
11.376835,0.8300
11.377881,1.0306
11.378610,0.7277
11.379535,0.9224
11.380378,0.8412
11.381192,0.8126
11.381881,0.6877
11.382551,0.6674
11.383225,0.6729
11.383929,0.7030
11.384886,0.9429
11.385529,0.6410
11.386412,0.8803
11.387086,0.6719
11.387886,0.7990
11.388800,0.9103
11.389787,0.9787
11.390691,0.9016
11.391640,0.9444
11.392644,1.0017
11.393824,1.1772
11.394614,0.7889
11.395642,1.0255
11.396566,0.9218
11.397598,1.0301
11.398619,1.0185
11.399369,0.7485
11.400207,0.8364
11.401057,0.8483
11.402055,0.9957
11.403067,1.0099
11.403895,0.8259
11.404828,0.9310
11.405834,1.0036
11.406713,0.8773
11.407468,0.7531
11.408210,0.7395
11.409340,1.1290
11.410283,0.9407
11.410974,0.6890
11.411770,0.7940
11.412672,0.8997
11.413598,0.9231
11.414661,1.0611
11.415575,0.9124
11.416493,0.9162
11.417628,1.1326
11.418539,0.9086
11.419492,0.9516
11.420619,1.1130
11.421541,0.9197
11.422244,0.7006
11.423045,0.7999
11.423848,0.8012
11.425001,1.1504
11.425868,0.8655
11.426931,1.0606
11.427780,0.8473
11.428719,0.9365
11.429660,0.9395
11.430570,0.9070
11.431545,0.9736
11.432424,0.8769
11.433100,0.6734
11.433904,0.8029
11.434824,0.9186
11.435748,0.9220
11.436833,1.0825
11.437757,0.9219
11.438635,0.8762
11.439309,0.6721
11.440205,0.8951
11.441143,0.9359
11.441934,0.7888
11.442921,0.9846
11.443896,0.9733
11.444625,0.7267
11.445567,0.9398
11.446317,0.7485
11.447005,0.6867
11.448010,1.0033
11.448931,0.9188
11.449872,0.9385
11.450781,0.9068
11.451684,0.9010
11.452600,0.9143
11.453520,0.9175
11.454425,0.9034
11.455336,0.9081
11.456189,0.8522
11.457054,0.8636
11.457995,0.9389
11.458937,0.9398
11.460083,1.1309
11.460922,0.8370
11.461861,0.9375
11.462770,0.9069
11.463674,0.9014
11.464612,0.9367
11.465521,0.9067
11.466329,0.8064
11.467277,0.9469
11.468180,0.9005
11.468991,0.8088
11.469903,0.9100
11.470837,0.9320
11.471788,0.9483
11.472824,1.0339
11.473726,0.9004
11.474636,0.9082
11.475532,0.8936
11.476518,0.9842
11.477432,0.9111
11.478369,0.9358
11.479607,1.2362
11.480508,0.8993
11.481455,0.9451
11.482391,0.9332
11.483271,0.8785
11.484086,0.8138
11.485115,1.0270
11.486063,0.9457
11.486946,0.8810
11.487813,0.8656
11.488584,0.7685
11.489499,0.9131
11.490316,0.8156
11.491256,0.9388
11.492033,0.7751
11.492978,0.9430
11.493880,0.8994
11.494670,0.7885
11.495624,0.9518
11.496580,0.9540
11.497513,0.9303
11.498410,0.8954
11.499095,0.6828
11.499902,0.8058
11.500776,0.8721
11.501695,0.9169
11.502745,1.0473
11.503658,0.9110
11.504584,0.9242
11.505514,0.9283
11.506432,0.9156
11.507233,0.7993
11.508017,0.7827
11.508891,0.8720
11.509774,0.8806
11.510500,0.7240
11.511397,0.8956
11.512256,0.8567
11.513000,0.7428
11.513814,0.8117
11.514485,0.6691
11.515422,0.9348
11.516220,0.7957
11.517004,0.7836
11.517861,0.8546
11.518783,0.9204
11.519860,1.0746
11.520859,0.9839
11.521604,0.7434
11.522519,0.9128
11.523261,0.7401
11.523945,0.6830
11.524675,0.7282
11.525572,0.8951
11.526482,0.9074
11.527392,0.9080
11.528308,0.9143
11.529272,0.9632
11.530188,0.9140
11.530936,0.7461
11.531836,0.8976
11.532587,0.7492
11.533522,0.9326
11.534377,0.8530
11.535229,0.8509
11.536053,0.8224
11.537095,1.0394
11.538020,0.9233
11.539141,1.1191
11.540016,0.8727
11.540938,0.9200
11.541859,0.9189
11.542724,0.8631
11.543502,0.7755
11.544359,0.8549
11.545278,0.9181
11.546221,0.9411
11.547137,0.9145
11.548096,0.9564
11.549005,0.9068
11.549911,0.9043
11.550872,0.9592
11.551834,0.9596
11.552633,0.7970
11.553554,0.9185
11.554211,0.6558
11.555022,0.8092
11.555944,0.9199
11.556871,0.9254
11.557648,0.7747
11.558563,0.9132
11.559489,0.9240
11.560511,1.0198
11.561393,0.8804
11.562261,0.8659
11.563044,0.7818
11.563969,0.9230
11.564845,0.8734
11.565610,0.7630
11.566686,1.0736
11.567588,0.9001
11.568532,0.9423
11.569653,1.1187
11.570559,0.9037
11.571507,0.9467
11.572526,1.0168
11.573450,0.9214
11.574384,0.9324
11.575231,0.8419
11.575928,0.6962
11.576671,0.7410
11.577697,1.0241
11.578772,1.0724
11.579677,0.9028
11.580588,0.9091
11.581707,1.1172
11.582642,0.9328
11.583576,0.9315
11.584612,1.0345
11.585523,0.9082
11.586463,0.9375
11.587230,0.7652
11.588022,0.7914
11.588942,0.9182
11.589662,0.7180
11.590360,0.6959
11.591284,0.9225
11.592228,0.9419
11.593159,0.9284
11.594093,0.9319
11.594910,0.8151
11.595937,1.0249
11.596854,0.9155
11.597759,0.9024
11.598491,0.7304
11.599361,0.8678
11.600496,1.1343
11.601539,1.0402
11.602455,0.9143
11.603318,0.8608
11.604194,0.8747
11.605000,0.8041
11.605897,0.8952
11.606750,0.8487
11.607615,0.8635
11.608453,0.8356
11.609169,0.7143
11.610302,1.1245
11.611245,0.9417
11.612401,1.1541
11.613250,0.8464
11.614038,0.7874
11.614939,0.8986
11.615844,0.9036
11.616821,0.9744
11.617776,0.9529
11.618726,0.9485
11.619747,1.0183
11.620659,0.9098
11.621623,0.9620
11.622533,0.9077
11.623398,0.8636
11.624335,0.9343
11.625256,0.9203
11.626191,0.9332
11.627075,0.8821
11.627856,0.7790
11.628793,0.9342
11.629751,0.9564
11.630634,0.8806
11.631692,1.0563
11.632604,0.9102
11.633544,0.9375
11.634443,0.8966
11.635381,0.9361
11.636271,0.8895
11.637048,0.7746
11.638089,1.0388
11.638986,0.8951
11.639902,0.9140
11.640772,0.8681
11.641621,0.8462
11.642312,0.6890
11.643365,1.0528
11.644268,0.8999
11.645235,0.9652
11.646022,0.7846
11.646955,0.9315
11.647817,0.8600
11.648787,0.9670
11.649662,0.8713
11.650560,0.8956
11.651520,0.9580
11.652405,0.8834
11.653326,0.9183
11.654261,0.9339
11.655213,0.9506
11.656115,0.9000
11.656918,0.8002
11.657848,0.9281
11.658753,0.9034
11.659691,0.9361
11.660596,0.9031
11.661531,0.9322
11.662688,1.1553
11.663606,0.9156
11.664297,0.6893
11.665075,0.7770
11.665867,0.7901
11.666786,0.9165
11.667684,0.8962
11.668592,0.9057
11.669540,0.9459
11.670453,0.9114
11.671400,0.9443
11.672309,0.9070
11.673181,0.8713
11.674191,1.0084
11.675019,0.8260
11.675814,0.7921
11.676726,0.9100
11.677645,0.9174
11.678558,0.9107
11.679461,0.9015
11.680374,0.9108
11.681297,0.9221
11.682216,0.9167
11.683015,0.7971
11.683933,0.9152
11.684837,0.9025
11.685717,0.8779
11.686519,0.7996
11.687482,0.9609
11.688338,0.8539
11.689243,0.9043
11.690177,0.9317
11.691207,1.0285
11.692000,0.7907
11.693161,1.1590
11.694097,0.9340
11.695029,0.9301
11.695871,0.8401
11.696860,0.9870
11.697612,0.7492
11.698597,0.9836
11.699518,0.9185
11.700360,0.8406
11.701281,0.9199
11.702189,0.9053
11.703109,0.9177
11.704034,0.9236
11.705166,1.1301
11.706077,0.9082
11.707015,0.9365
11.707755,0.7372
11.708618,0.8618
11.709541,0.9203
11.710456,0.9132
11.711410,0.9516
11.712279,0.8677
11.713109,0.8286
11.714060,0.9491
11.714995,0.9337
11.715924,0.9267
11.716886,0.9601
11.717838,0.9498
11.718579,0.7384
11.719264,0.6831
11.720019,0.7549
11.720947,0.9258
11.721849,0.8994
11.722775,0.9245
11.723866,1.0886
11.724823,0.9548
11.725739,0.9148
11.726694,0.9531
11.727608,0.9115
11.728757,1.1469
11.729612,0.8534
11.730307,0.6926
11.731077,0.7694
11.732123,1.0435
11.732925,0.8003
11.733839,0.9120
11.734751,0.9097
11.735897,1.1432
11.736747,0.8487
11.737823,1.0735
11.738732,0.9058
11.739666,0.9328
11.740547,0.8786
11.741231,0.6824
11.742024,0.7915
11.742876,0.8501
11.743847,0.9692
11.744903,1.0534
11.746028,1.1102
11.747020,0.9901
11.748003,0.9807
11.748987,0.9826
11.749831,0.8415
11.750819,0.9863
11.751777,0.9553
11.752595,0.8157
11.753574,0.9772
11.754561,0.9852
11.755725,1.1616
11.756723,0.9961
11.757739,1.0141
11.758646,0.9049
11.759541,0.8936
11.760510,0.9667
11.761487,0.9749
11.762543,1.0547
11.763277,0.7311
11.763961,0.6834
11.764826,0.8632
11.765813,0.9854
11.766805,0.9896
11.767778,0.9712
11.768816,1.0360
11.769815,0.9975
11.770748,0.9309
11.771761,1.0112
11.773011,1.2473
11.774009,0.9960
11.774950,0.9390
11.775798,0.8458
11.776777,0.9776
11.777768,0.9889
11.778728,0.9573
11.779759,1.0297
11.781090,1.3284
11.782103,1.0115
11.783102,0.9966
11.783939,0.8353
11.784961,1.0195
11.785914,0.9512
11.786796,0.8798
11.787838,1.0400
11.788807,0.9670
11.789789,0.9794
11.790673,0.8820
11.791647,0.9716
11.792650,1.0017
11.793559,0.9065
11.794546,0.9856
11.795536,0.9878
11.796513,0.9747
11.797293,0.7782
11.798282,0.9880
11.799303,1.0196
11.800397,1.0923
11.801393,0.9937
11.802294,0.8988
11.803299,1.0039
11.804270,0.9688
11.805199,0.9269
11.806364,1.1631
11.807276,0.9099
11.807980,0.7022
11.808825,0.8425
11.809762,0.9357
11.810796,1.0314
11.811539,0.7414
11.812390,0.8490
11.813617,1.2248
11.814569,0.9494
11.815700,1.1290
11.816668,0.9664
11.817628,0.9581
11.818954,1.3240
11.819830,0.8737
11.821109,1.2642
11.822088,0.9767
11.823087,0.9977
11.823963,0.8733
11.824926,0.9605
11.825905,0.9771
11.826932,1.0255
11.827911,0.9770
11.828922,1.0089
11.829836,0.9118
11.830636,0.7974
11.831774,1.1333
11.832745,0.9691
11.833745,0.9975
11.834724,0.9778
11.835726,0.9994
11.836768,1.0402
11.837717,0.9477
11.838715,0.9958
11.839923,1.2053
11.840788,0.8630
11.841591,0.8018
11.842586,0.9922
11.843529,0.9412
11.844652,1.1214
11.845583,0.9284
11.846566,0.9811
11.847773,1.2050
11.848787,1.0122
11.849742,0.9535
11.850615,0.8710
11.851598,0.9795
11.852638,1.0378
11.853621,0.9808
11.854651,1.0286
11.855585,0.9316
11.856665,1.0783
11.857681,1.0144
11.858650,0.9665
11.859563,0.9110
11.860543,0.9779
11.861547,1.0029
11.862594,1.0441
11.863513,0.9176
11.864527,1.0123
11.865544,1.0149
11.866542,0.9958
11.867529,0.9857
11.868487,0.9553
11.869439,0.9507
11.870458,1.0164
11.871459,0.9998
11.872404,0.9433
11.873598,1.1913
11.874343,0.7438
11.875324,0.9798
11.876299,0.9729
11.877242,0.9415
11.878086,0.8409
11.878925,0.8374
11.879932,1.0045
11.880919,0.9856
11.881917,0.9953
11.892727,10.8078
11.893725,0.9961
11.894765,1.0370
11.895957,1.1898
11.896959,1.0001
11.897902,0.9404
11.898994,1.0903
11.899991,0.9951
11.901032,1.0388
11.901945,0.9104
11.902902,0.9549
11.903770,0.8665
11.904748,0.9752
11.905891,1.1407
11.906794,0.9011
11.907793,0.9972
11.908810,1.0148
11.909782,0.9702
11.910666,0.8817
11.911775,1.1069
11.912749,0.9715
11.913661,0.9100
11.914489,0.8263
11.915516,1.0254
11.916725,1.2067
11.917709,0.9819
11.918744,1.0329
11.919690,0.9440
11.920658,0.9662
11.921613,0.9532
11.922611,0.9963
11.923613,0.9994
11.924571,0.9559
11.925313,0.7400
11.926155,0.8415
11.926995,0.8373
11.927883,0.8862
11.929053,1.1676
11.929881,0.8263
11.931218,1.3343
11.932406,1.1733
11.933321,0.9131
11.934370,1.0481
11.935256,0.8716
11.936097,0.8394
11.936907,0.8075
11.937897,0.9878
11.938848,0.9487
11.939802,0.9523
11.940826,1.0221
11.941778,0.9498
11.942585,0.8044
11.943701,1.1148
11.944614,0.9102
11.945594,0.9788
11.946597,1.0007
11.947323,0.7240
11.948347,1.0230
11.949658,1.3092
11.950630,0.9696
11.951629,0.9973
11.952597,0.9658
11.953585,0.9861
11.954579,0.9923
11.955576,0.9948
11.956650,1.0723
11.957559,0.9070
11.958292,0.7306
11.959342,1.0495
11.960336,0.9914
11.961327,0.9888
11.962668,1.3389
11.963635,0.9655
11.964651,1.0135
11.965620,0.9677
11.966582,0.9600
11.967606,1.0218
11.968580,0.9722
11.969329,0.7467
11.970323,0.9932
11.971259,0.9340
11.972214,0.9527
11.972955,0.7396
11.973807,0.8492
11.974937,1.1277
11.975844,0.9050
11.976801,0.9550
11.977646,0.8429
11.978529,0.8813
11.979301,0.7697
11.979983,0.6813
11.980951,0.9661
11.982147,1.1935
11.983148,0.9994
11.983898,0.7476
11.984760,0.8602
11.985753,0.9903
11.986865,1.1103
11.987806,0.9389
11.988624,0.8155
11.989611,0.9853
11.990594,0.9807
11.991361,0.7650
11.992295,0.9335
11.993122,0.8250
11.994167,1.0433
11.995186,1.0163
11.996204,1.0166
11.997062,0.8552
11.997807,0.7440
11.998783,0.9730
11.999796,1.0111
12.000784,0.9859
12.001696,0.9106
12.002502,0.8034
12.003525,1.0209
12.004440,0.9133
12.005479,1.0373
12.006282,0.8004
12.007287,1.0045
12.008230,0.9413
12.009148,0.9160
12.010333,1.1701
12.011477,1.1422
12.012215,0.7363
12.013010,0.7939
12.014075,1.0632
12.015058,0.9808
12.016016,0.9560
12.017020,1.0021
12.017857,0.8343
12.018863,1.0043
12.019869,1.0040
12.020806,0.9344
12.021779,0.9706
12.022713,0.9322
12.023584,0.8697
12.024326,0.7399
12.025067,0.7393
12.026140,1.0711
12.027005,0.8631
12.028001,0.9937
12.029060,1.0567
12.029898,0.8360
12.030905,1.0052
12.031982,1.0623
12.032976,0.9921
12.033926,0.9472
12.034757,0.8287
12.035722,0.9635
12.036525,0.8005
12.037522,0.9955
12.038322,0.7974
12.039304,0.9812
12.040291,0.9849
12.041221,0.9280
12.042202,0.9788
12.042967,0.7635
12.043810,0.8406
12.044791,0.9793
12.045808,1.0149
12.046758,0.9474
12.047752,0.9919
12.048616,0.8629
12.049356,0.7380
12.050410,1.0532
12.051424,1.0120
12.052421,0.9945
12.053165,0.7423
12.054108,0.9424
12.055046,0.9359
12.056034,0.9857
12.056989,0.9532
12.057946,0.9546
12.058792,0.8442
12.059893,1.0986
12.060698,0.8032
12.061497,0.7965
12.062212,0.7126
12.063082,0.8693
12.064068,0.9845
12.064995,0.9248
12.065975,0.9772
12.066990,1.0130
12.067830,0.8383
12.068726,0.8932
12.069531,0.8029
12.070514,0.9809
12.071486,0.9700
12.072220,0.7301
12.073064,0.8439
12.073933,0.8671
12.074952,1.0162
12.075993,1.0392
12.076969,0.9744
12.078024,1.0528
12.079023,0.9969
12.079947,0.9217
12.080854,0.9048
12.082086,1.2173
12.082893,0.8042
12.083901,1.0066
12.084992,1.0887
12.085962,0.9679
12.086913,0.9490
12.087888,0.9720
12.089142,1.2391
12.090337,1.1930
12.091264,0.9253
12.092081,0.8148
12.092955,0.8717
12.093952,0.9955
12.094974,1.0199
12.095961,0.9850
12.096889,0.9253
12.097854,0.9628
12.098837,0.9812
12.099869,1.0292
12.100824,0.9532
12.101780,0.9545
12.102596,0.8133
12.103708,1.1097
12.104716,1.0064
12.105646,0.9279
12.106630,0.9821
12.107634,1.0025
12.108630,0.9934
12.109578,0.9466
12.110578,0.9982
12.111578,0.9977
12.112589,1.0095
12.113326,0.7348
12.114257,0.9299
12.115221,0.9616
12.116329,1.1068
12.117286,0.9546
12.118195,0.9068
12.119023,0.8257
12.120044,1.0197
12.121018,0.9716
12.122025,1.0050
12.123301,1.2731
12.124062,0.7594
12.125308,1.2315
12.126258,0.9475
12.127207,0.9470
12.128035,0.8262
12.129010,0.9729
12.129864,0.8519
12.130837,0.9703
12.131814,0.9749
12.132784,0.9683
12.133579,0.7927
12.134522,0.9406
12.135407,0.8831
12.136374,0.9657
12.137399,1.0241
12.138225,0.8240
12.139077,0.8513
12.140104,1.0245
12.141079,0.9728
12.142055,0.9741
12.143046,0.9886
12.144043,0.9942
12.144976,0.9316
12.145897,0.9188
12.146777,0.8774
12.148127,1.3481
12.149115,0.9852
12.149972,0.8558
12.150932,0.9573
12.151914,0.9804
12.152920,1.0036
12.153819,0.8966
12.154831,1.0096
12.156079,1.2463
12.157099,1.0058
12.157942,0.8407
12.158925,0.9812
12.159766,0.8385
12.160787,1.0187
12.161779,0.9898
12.162669,0.8886
12.163646,0.9749
12.164616,0.9678
12.165649,1.0310
12.166762,1.1110
12.167696,0.9323
12.168719,1.0209
12.169709,0.9882
12.170655,0.9442
12.171649,0.9920
12.172628,0.9768
12.173611,0.9804
12.174594,0.9811
12.175575,0.9791
12.176557,0.9800
12.177547,0.9881
12.178559,1.0101
12.179507,0.9460
12.180482,0.9736
12.181725,1.2413
12.182690,0.9624
12.183702,1.0103
12.184614,0.9099
12.185714,1.0977
12.186695,0.9794
12.187658,0.9608
12.188605,0.9447
12.189820,1.2134
12.190613,0.7914
12.191721,1.1055
12.192681,0.9577
12.193625,0.9428
12.194631,1.0035
12.195623,0.9902
12.196626,1.0013
12.197600,0.9714
12.198509,0.9071
12.199537,1.0260
12.200519,0.9807
12.201267,0.7460
12.202405,1.1371
12.203340,0.9321
12.204454,1.1126
12.205349,0.8933
12.206275,0.9249
12.207206,0.9299
12.208000,0.7911
12.208912,0.9102
12.209783,0.8686
12.210696,0.9109
12.211626,0.9279
12.212310,0.6826
12.213104,0.7929
12.214165,1.0586
12.215118,0.9507
12.216166,1.0462
12.216942,0.7737
12.217845,0.9012
12.218770,0.9232
12.219673,0.9011
12.220580,0.9044
12.221831,1.2495
12.222704,0.8706
12.223398,0.6921
12.224329,0.9291
12.225193,0.8631
12.226001,0.8054
12.226887,0.8842
12.227806,0.9167
12.228712,0.9037
12.229612,0.8986
12.230551,0.9365
12.231503,0.9506
12.232422,0.9162
12.233666,1.2422
12.234496,0.8281
12.235440,0.9414
12.236360,0.9184
12.237311,0.9500
12.238262,0.9487
12.239160,0.8962
12.239957,0.7953
12.240867,0.9075
12.241779,0.9103
12.242663,0.8820
12.243578,0.9121
12.244529,0.9495
12.245628,1.0968
12.246544,0.9141
12.247459,0.9133
12.248369,0.9075
12.249247,0.8771
12.250062,0.8136
12.250987,0.9227
12.251867,0.8778
12.252816,0.9477
12.253763,0.9443
12.254636,0.8712
12.255546,0.9077
12.256222,0.6742
12.257008,0.7848
12.257703,0.6937
12.258392,0.6869
12.259142,0.7478
12.260112,0.9685
12.261046,0.9317
12.262059,1.0106
12.262856,0.7952
12.263945,1.0867
12.264778,0.8305
12.265648,0.8686
12.266529,0.8788
12.267530,0.9991
12.268225,0.6923
12.268904,0.6788
12.269854,0.9473
12.270771,0.9152
12.271649,0.8762
12.272562,0.9111
12.273509,0.9441
12.274328,0.8174
12.275482,1.1528
12.276400,0.9163
12.277330,0.9283
12.278081,0.7498
12.278985,0.9021
12.279912,0.9252
12.280880,0.9656
12.281852,0.9675
12.282790,0.9353
12.283749,0.9563
12.284689,0.9378
12.285634,0.9427
12.286608,0.9720
12.287521,0.9104
12.288482,0.9591
12.289193,0.7076
12.289985,0.7907
12.290912,0.9248
12.291845,0.9305
12.292655,0.8080
12.293612,0.9541
12.294515,0.9010
12.295468,0.9516
12.296429,0.9570
12.297342,0.9103
12.298281,0.9379
12.299441,1.1579
12.300124,0.6787
12.300870,0.7448
12.301607,0.7353
12.302530,0.9205
12.303416,0.8841
12.304368,0.9500
12.305286,0.9168
12.306190,0.9024
12.306989,0.7967
12.307954,0.9628
12.308839,0.8831
12.309778,0.9368
12.310611,0.8316
12.311290,0.6768
12.311975,0.6838
12.312758,0.7810
12.313672,0.9124
12.314618,0.9440
12.315750,1.1302
12.316835,1.0829
12.317943,1.0925
12.318806,0.8610
12.319753,0.9446
12.320679,0.9246
12.321757,1.0753
12.322678,0.9192
12.323367,0.6868
12.324303,0.9359
12.325224,0.9186
12.326081,0.8552
12.326949,0.8657
12.327845,0.8943
12.328812,0.9643
12.329671,0.8570
12.330610,0.9376
12.331736,1.1232
12.332623,0.8849
12.333561,0.9361
12.334474,0.9112
12.335308,0.8316
12.336257,0.9484
12.337169,0.9098
12.337969,0.7984
12.338855,0.8840
12.339786,0.9288
12.340729,0.9401
12.341625,0.8946
12.342548,0.9209
12.343517,0.9669
12.344453,0.9340
12.345266,0.8103
12.346042,0.7758
12.346855,0.8114
12.347753,0.8956
12.348696,0.9408
12.349643,0.9447
12.350537,0.8925
12.351474,0.9347
12.352351,0.8747
12.353321,0.9694
12.354257,0.9339
12.355124,0.8649
12.355821,0.6956
12.356735,0.9117
12.357631,0.8945
12.358571,0.9378
12.359543,0.9696
12.360483,0.9386
12.361413,0.9274
12.362264,0.8494
12.363188,0.9229
12.364518,1.3154
12.365388,0.8679
12.366246,0.8567
12.367062,0.8149
12.368118,1.0409
12.369006,0.8864
12.369943,0.9348
12.370812,0.8671
12.371746,0.9316
12.372635,0.8872
12.373543,0.9058
12.374406,0.8607
12.375346,0.9386
12.376236,0.8892
12.377033,0.7945
12.377766,0.7310
12.378501,0.7328
12.384321,5.8182
12.385996,1.6726
12.388060,2.0618
12.389513,1.4383
12.390736,1.2212
12.395484,4.7454
12.396941,1.4556
12.398124,1.1812
12.402550,4.4241
12.404265,1.7122
12.405660,1.3933
12.408492,2.8299
12.411258,2.7639
12.413013,1.7527
12.415782,2.7678
12.419821,4.0365
12.421179,1.3556
12.423981,2.8007
12.427432,3.4479
12.428889,1.4553
12.430161,1.2702
12.435435,5.2721
12.437872,2.4343
12.439312,1.4388
12.443351,4.0365
12.445021,1.6682
12.447246,2.2228
12.448736,1.4860
12.454015,5.2768
12.456394,2.3774
12.457742,1.3458
12.462215,4.4707
12.464183,1.9654
12.465368,1.1833
12.469734,4.3640
12.472612,2.8758
12.473955,1.3408
12.478755,4.7987
12.480738,1.9811
12.482191,1.4508
12.483472,1.2789
12.488648,5.1736
12.490795,2.1445
12.492196,1.3993
12.496431,4.2334
12.498493,2.0602
12.499833,1.3373
12.504825,4.9905
12.506854,2.0268
12.510543,3.6870
12.513800,3.2544
12.515052,1.2501
12.517769,2.7149
12.522640,4.8691
12.524141,1.4976
12.529172,5.0284
12.530599,1.4257
12.532259,1.6579
12.536261,3.9992
12.539616,3.3534
12.540897,1.2787
12.543868,2.9692
12.546855,2.9845
12.548559,1.7023
12.549833,1.2711
12.552651,2.8164
12.556175,3.5221
12.558423,2.2336
12.560015,1.5708
12.564407,4.3681
12.566252,1.8284
12.567571,1.2936
12.572890,5.3115
12.574870,1.9581
12.579569,4.6781
12.582086,2.5105
12.583756,1.6669
12.588930,5.1726
12.591809,2.8669
12.593445,1.6302
12.598200,4.7513
12.600357,2.1534
12.601608,1.2483
12.602783,1.1728
12.608424,5.6391
12.610591,2.1654
12.612039,1.4459
12.616161,4.1201
12.617510,1.3461
12.619497,1.9849
12.620975,1.4769
12.625372,4.3943
12.629064,3.6899
12.631736,2.6701
12.635152,3.4143
12.636695,1.5408
12.639609,2.9119
12.643739,4.1275
12.645394,1.6530
12.648972,3.5760
12.652013,3.0392
12.653263,1.2482
12.656353,3.0871
12.660224,3.8697
12.662069,1.8302
12.666612,4.5409
12.668819,2.1921
12.670436,1.6150
12.673262,2.8237
12.676491,3.2266
12.679021,2.5288
12.680101,1.0778
12.681190,1.0862
12.686390,5.1984
12.687822,1.4301
12.689202,1.3778
12.695188,5.9832
12.697365,2.1751
12.698784,1.4165
12.702948,4.1620
12.704633,1.6832
12.706226,1.5912
12.707794,1.5663
12.712189,4.3927
12.715423,3.2317
12.716663,1.2378
12.717699,1.0329
12.722180,4.4796
12.724197,2.0152
12.725496,1.2965
12.727180,1.6819
12.732747,5.5647
12.734585,1.8363
12.735747,1.1597
12.736936,1.1871
12.741595,4.6571
12.742728,1.1310
12.743823,1.0928
12.744907,1.0820
12.745844,0.9352
12.750771,4.9246
12.752320,1.5464
12.753868,1.5460
12.755148,1.2775
12.758177,3.0269
12.761045,2.8667
12.762139,1.0916
12.763216,1.0751
12.764125,0.9069
12.769490,5.3621
12.771917,2.4249
12.773429,1.5106
12.774322,0.8904
12.778633,4.2939
12.779870,1.2351
12.781058,1.1852
12.782302,1.2419
12.785200,2.8967
12.789092,3.8897
12.790833,1.7382
12.792303,1.4688
12.796497,4.1911
12.797753,1.2540
12.799104,1.3488
12.800208,1.1021
12.803259,3.0487
12.805897,2.6361
12.807553,1.6533
12.808991,1.4364
12.810200,1.2066
12.814686,4.4840
12.815870,1.1816
12.816926,1.0534
12.818046,1.1178
12.821041,2.9931
12.824717,3.6741
12.826394,1.6753
12.827690,1.2932
12.832246,4.5546
12.833523,1.2746
12.834671,1.1455
12.835835,1.1620
12.840021,4.1837
12.841690,1.6669
12.843349,1.6572
12.844713,1.3618
12.845751,1.0361
12.850120,4.3668
12.851245,1.1233
12.852838,1.5905
12.853657,0.8164
12.858172,4.5135
12.859971,1.7969
12.861350,1.3763
12.862889,1.5370
12.865465,2.5743
12.868616,3.1488
12.869777,1.1593
12.870875,1.0957
12.872241,1.3635
12.877324,5.0815
12.878923,1.5972
12.880301,1.3761
12.881481,1.1777
12.886251,4.7677
12.887455,1.2022
12.888722,1.2649
12.891621,2.8970
12.895265,3.6417
12.896901,1.6338
12.898275,1.3722
12.902888,4.6108
12.904368,1.4776
12.905667,1.2972
12.906671,1.0011
12.911765,5.0923
12.913683,1.9155
12.915824,2.1392
12.917279,1.4529
12.921525,4.2441
12.922823,1.2956
12.924062,1.2368
12.927429,3.3523
12.930701,3.2706
12.932362,1.6589
12.933752,1.3871
12.935072,1.3185
12.940052,4.9780
12.941326,1.2716
12.942521,1.1930
12.945352,2.8281
12.948563,3.2098
12.950550,1.9720
12.951896,1.3441
12.952881,0.9820
12.957460,4.5774
12.958601,1.1391
12.960032,1.4281
12.961142,1.1088
12.963922,2.7774
12.971982,8.0585
12.973826,1.8414
12.975045,1.2166
12.976110,1.0634
12.978993,2.8804
12.981471,2.4755
12.982636,1.1629
12.984033,1.3953
12.985041,1.0053
12.989757,4.7146
12.991431,1.6716
12.993129,1.6956
12.994204,1.0728
12.998937,4.7317
13.000190,1.2500
13.001586,1.3941
13.002668,1.0795
13.007431,4.7611
13.009454,2.0211
13.010940,1.4839
13.012353,1.4105
13.015075,2.7203
13.017880,2.8027
13.018933,1.0504
13.020191,1.2562
13.021532,1.3386
13.026164,4.6301
13.028049,1.8829
13.029721,1.6698
13.031076,1.3537
13.036000,4.9087
13.037160,1.1575
13.038313,1.1515
13.039664,1.3488
13.042598,2.9322
13.045296,2.6956
13.047003,1.7051
13.048726,1.7205
13.054089,5.3480
13.055685,1.5946
13.056919,1.2317
13.058047,1.1253
13.062268,4.2196
13.064673,2.4031
13.066173,1.4980
13.071138,4.9630
13.072349,1.2088
13.073540,1.1886
13.078436,4.8938
13.080358,1.9201
13.081929,1.5682
13.086892,4.9607
13.088020,1.1260
13.089126,1.1039
13.090118,0.9899
13.091190,1.0703
13.095999,4.8065
13.097702,1.7012
13.099551,1.8470
13.100571,1.0178
13.101620,1.0471
13.106027,4.4041
13.107270,1.2410
13.108434,1.1622
13.109506,1.0696
13.110308,0.8006
13.115183,4.8742
13.116855,1.6694
13.118600,1.7425
13.119652,1.0504
13.120633,0.9784
13.125123,4.4882
13.126299,1.1738
13.127366,1.0650
13.128556,1.1886
13.132682,4.1238
13.134498,1.8138
13.135947,1.4467
13.137148,1.1988
13.138248,1.0976
13.142513,4.2632
13.144021,1.5061
13.145374,1.3502
13.146592,1.2046
13.151254,4.6603
13.152669,1.4129
13.154362,1.6905
13.155548,1.1841
13.160244,4.6939
13.161281,1.0357
13.162287,1.0034
13.163267,0.9776
13.167749,4.4685
13.169413,1.6621
13.170983,1.5680
13.172669,1.6832
13.177335,4.6643
13.178517,1.1801
13.179562,1.0426
13.180661,1.0969
13.183315,2.6527
13.186658,3.3411
13.188487,1.8268
13.189841,1.3520
13.192790,2.9467
13.195859,3.0666
13.197024,1.1629
13.197984,0.9586
13.199108,1.1215
13.204072,4.9621
13.205882,1.8078
13.207145,1.2604
13.208507,1.3597
13.212794,4.2853
13.214280,1.4839
13.215370,1.0879
13.216593,1.2209
13.221694,5.0994
13.223635,1.9392
13.224866,1.2281
13.227752,2.8841
13.230562,2.8083
13.231867,1.3025
13.232867,0.9984
13.233996,1.1267
13.237132,3.1212
13.240121,2.9875
13.241765,1.6416
13.242915,1.1477
13.243939,1.0219
13.245274,1.3334
13.249841,4.5528
13.251116,1.2726
13.252207,1.0890
13.253324,1.1150
13.258410,5.0841
13.259751,1.3386
13.261126,1.3730
13.262579,1.4512
13.263854,1.2601
13.268439,4.5834
13.269337,0.8952
13.270471,1.1337
13.271551,1.0778
13.275644,4.0907
13.277187,1.5406
13.278583,1.3943
13.280511,1.9255
13.281529,1.0164
13.286123,4.5917
13.287286,1.1609
13.288525,1.2364
13.289537,1.0100
13.294116,4.5776
13.295594,1.4731
13.297260,1.6636
13.298615,1.3533
13.299666,1.0488
13.304597,4.9290
13.305733,1.1338
13.306826,1.0909
13.307883,1.0549
13.308815,0.9299
13.314024,5.2077
13.315696,1.6695
13.317019,1.3209
13.318096,1.0748
13.322392,4.2944
13.323460,1.0658
13.324580,1.1181
13.325705,1.1227
13.326639,0.9314
13.331496,4.8553
13.333364,1.8655
13.334885,1.5192
13.337043,2.1564
13.338044,0.9987
13.339392,1.3338
13.344504,5.1095
13.345623,1.1170
13.346684,1.0592
13.347777,1.0908
13.348601,0.8221
13.354548,5.9449
13.356610,2.0598
13.357967,1.3542
13.358998,1.0297
13.363732,4.7313
13.364932,1.1981
13.366019,1.0846
13.367082,1.0611
13.368139,1.0552
13.372742,4.6016
13.374299,1.5542
13.375571,1.2704
13.377174,1.6004
13.380024,2.8484
13.383293,3.2664
13.385131,1.8359
13.386083,0.9508
13.387141,1.0551
13.392204,5.0608
13.393786,1.5804
13.395244,1.4561
13.396850,1.6034
13.397859,1.0071
13.402252,4.3911
13.403499,1.2322
13.404573,1.0721
13.405631,1.0563
13.410088,4.4546
13.412075,1.9845
13.413889,1.8118
13.415281,1.3901
13.419578,4.2948
13.420686,1.1059
13.421839,1.1512
13.423212,1.3716
13.424280,1.0655
13.428882,4.5995
13.430354,1.4701
13.432011,1.6554
13.433101,1.0878
13.434073,0.9703
13.438213,4.1369
13.439272,1.0576
13.440487,1.2128
13.441532,1.0428
13.442375,0.8406
13.447132,4.7566
13.448648,1.5134
13.450278,1.6274
13.451372,1.0927
13.452395,1.0205
13.456916,4.5190
13.457997,1.0790
13.459083,1.0835
13.459947,0.8628
13.462765,2.8152
13.465627,2.8598
13.467247,1.6184
13.468936,1.6862
13.469858,0.9201
13.474208,4.3481
13.475555,1.3447
13.476626,1.0687
13.477973,1.3321
13.482189,4.2145
13.483706,1.5151
13.485646,1.9374
13.487016,1.3687
13.488015,0.9963
13.492090,4.0726
13.493076,0.9839
13.494275,1.1969
13.495367,1.0906
13.496511,1.1292
13.500704,4.1904
13.502309,1.6032
13.503960,1.6489
13.505319,1.3572
13.506459,1.1255
13.510881,4.4201
13.512132,1.2485
13.513700,1.5655
13.514582,0.8806
13.519493,4.9088
13.521367,1.8720
13.522743,1.3735
13.524101,1.3558
13.528790,4.6871
13.529861,1.0683
13.530966,1.1034
13.532120,1.1524
13.534659,2.5370
13.538394,3.7328
13.539764,1.3672
13.541046,1.2801
13.542458,1.4102
13.546589,4.1284
13.547784,1.1935
13.548909,1.1229
13.549877,0.9665
13.554010,4.1305
13.555519,1.5071
13.557084,1.5627
13.558702,1.6159
13.559652,0.9482
13.563524,3.8700
13.564558,1.0313
13.565824,1.2641
13.566862,1.0361
13.567974,1.1096
13.569409,1.4332
13.573716,4.3049
13.575146,1.4284
13.576593,1.4442
13.577691,1.0969
13.578539,0.8457
13.583017,4.4758
13.583975,0.9557
13.585087,1.1104
13.586213,1.1233
13.587149,0.9340
13.591511,4.3599
13.592871,1.3584
13.594372,1.4987
13.596105,1.7314
13.597203,1.0956
13.601785,4.5795
13.602894,1.1077
13.603936,1.0398
13.604948,1.0097
13.605989,1.0395
13.610090,4.0987
13.612432,2.3393
13.614090,1.6561
13.615151,1.0588
13.619043,3.8901
13.620084,1.0389
13.621318,1.2323
13.622629,1.3088
13.623557,0.9260
13.626397,2.8379
13.629286,2.8867
13.630581,1.2925
13.632023,1.4399
13.633208,1.1828
13.634150,0.9401
13.638750,4.5984
13.640038,1.2858
13.641137,1.0969
13.642510,1.3588
13.645051,2.5389
13.649039,3.9851
13.650519,1.4781
13.651875,1.3545
13.652841,0.9633
13.657344,4.5015
13.658507,1.1610
13.659620,1.1106
13.660644,1.0221
13.665007,4.3612
13.666945,1.9361
13.668342,1.3947
13.669795,1.4509
13.673966,4.1691
13.675399,1.4305
13.676524,1.1232
13.677605,1.0788
13.682075,4.4684
13.683522,1.4449
13.684943,1.4184
13.686298,1.3533
13.687536,1.2357
13.691554,4.0159
13.692608,1.0525
13.693739,1.1281
13.695197,1.4559
13.696684,1.4851
13.700987,4.3008
13.702813,1.8243
13.704201,1.3862
13.705309,1.1060
13.709803,4.4916
13.710914,1.1085
13.711873,0.9568
13.712893,1.0180
13.715241,2.3466
13.719145,3.9018
13.721141,1.9937
13.722172,1.0288
13.724643,2.4686
13.727592,2.9478
13.728544,0.9501
13.729638,1.0919
13.730596,0.9550
13.734801,4.2034
13.736524,1.7204
13.738045,1.5190
13.739308,1.2615
13.740802,1.4922
13.745283,4.4785
13.746919,1.6340
13.747944,1.0234
13.749079,1.1331
13.751666,2.5843
13.755100,3.4324
13.756817,1.7146
13.758246,1.4270
13.759302,1.0539
13.763534,4.2174
13.764690,1.1543
13.765857,1.1650
13.767048,1.1888
13.771769,4.7165
13.773345,1.5739
13.775020,1.6737
13.776144,1.1214
13.777329,1.1833
13.781756,4.4252
13.782747,0.9882
13.783904,1.1551
13.785179,1.2735
13.786279,1.0979
13.790079,3.7978
13.791996,1.9140
13.793676,1.6786
13.795189,1.5100
13.799563,4.3727
13.800716,1.1510
13.802161,1.4420
13.803245,1.0819
13.807204,3.9573
13.809395,2.1893
13.810894,1.4970
13.812405,1.5086
13.817008,4.6015
13.818139,1.1283
13.819339,1.1979
13.820527,1.1859
13.825358,4.8292
13.826846,1.4855
13.828052,1.2050
13.829556,1.5012
13.831942,2.3840
13.835359,3.4150
13.836482,1.1212
13.837541,1.0564
13.840276,2.7330
13.843716,3.4382
13.845476,1.7576
13.846887,1.4092
13.847927,1.0376
13.852927,4.9979
13.854313,1.3838
13.855497,1.1822
13.856696,1.1969
13.861574,4.8764
13.863770,2.1940
13.865562,1.7900
13.868705,3.1405
13.871287,2.5795
13.872301,1.0128
13.873358,1.0541
13.874332,0.9725
13.875197,0.8627
13.876332,1.1333
13.877367,1.0329
13.878499,1.1302
13.879786,1.2843
13.882495,2.7076
13.886014,3.5162
13.887632,1.6158
13.888997,1.3634
13.893376,4.3769
13.894579,1.2015
13.895705,1.1235
13.896690,0.9833
13.897766,1.0732
13.902243,4.4754
13.903788,1.5427
13.905663,1.8731
13.906897,1.2320
13.909443,2.5443
13.912122,2.6766
13.913387,1.2628
13.914531,1.1415
13.915777,1.2444
13.920654,4.8747
13.922269,1.6131
13.923962,1.6910
13.925031,1.0666
13.929895,4.8617
13.931056,1.1589
13.932072,1.0145
13.933186,1.1114
13.937975,4.7875
13.939474,1.4966
13.941134,1.6582
13.942100,0.9634
13.944273,2.1710
13.947621,3.3466
13.949072,1.4490
13.950342,1.2677
13.954574,4.2299
13.956505,1.9292
13.958225,1.7178
13.959518,1.2908
13.964154,4.6340
13.965776,1.6201
13.966869,1.0909
13.969978,3.1068
13.972647,2.6667
13.974497,1.8354
13.975675,1.1762
13.976595,0.9186
13.979259,2.6616
13.982219,2.9576
13.983423,1.2020
13.984604,1.1794
13.985660,1.0541
13.990172,4.5094
13.991840,1.6664
13.993488,1.6454
13.994904,1.4148
13.997272,2.3656
14.000534,3.2601
14.001654,1.1179
14.002774,1.1183
14.005462,2.6858
14.009014,3.5501
14.010464,1.4474
14.012379,1.9134
14.014863,2.4822
14.018091,3.2258
14.019375,1.2815
14.020516,1.1391
14.023160,2.6418
14.026767,3.6056
14.028389,1.6193
14.029907,1.5159
14.032735,2.8268
14.035339,2.6010
14.036452,1.1113
14.037626,1.1719
14.038733,1.1047
14.044748,6.0128
14.046635,1.8849
14.047963,1.3267
14.052672,4.7065
14.053784,1.1096
14.055016,1.2302
14.056091,1.0732
14.060564,4.4707
14.062008,1.4419
14.063712,1.7016
14.065088,1.3739
14.066561,1.4708
14.070937,4.3745
14.071962,1.0226
14.073331,1.3666
14.074533,1.2005
14.079838,5.3023
14.081729,1.8770
14.083022,1.2904
14.084002,0.9779
14.088631,4.6273
14.089930,1.2960
14.090922,0.9901
14.092039,1.1148
14.096899,4.8588
14.098401,1.4998
14.100256,1.8529
14.101427,1.1683
14.104555,3.1267
14.107246,2.6890
14.108275,1.0269
14.109275,0.9972
14.110147,0.8706
14.114630,4.4810
14.116575,1.9432
14.118104,1.5263
14.119458,1.3524
14.123634,4.1739
14.124807,1.1703
14.125881,1.0721
14.126939,1.0559
14.127926,0.9841
14.132656,4.7287
14.135027,2.3685
14.136580,1.5508
14.137874,1.2924
14.142371,4.4948
14.143376,1.0034
14.144610,1.2314
14.145630,1.0179
14.150143,4.5107
14.151842,1.6968
14.153574,1.7303
14.154714,1.1379
14.159495,4.7793
14.160627,1.1298
14.161835,1.2062
14.163174,1.3239
14.168231,5.0549
14.170013,1.7800
14.171674,1.6591
14.174529,2.8526
14.177444,2.9128
14.178521,1.0752
14.179756,1.2326
14.180796,1.0382
14.183420,2.6222
14.187398,3.9754
14.188736,1.3359
14.189732,0.9944
14.190596,0.8610
14.191535,0.9371
14.192395,0.8578
14.193400,1.0031
14.194329,0.9273
14.195277,0.9464
14.196149,0.8703
14.196955,0.8033
14.197914,0.9573
14.198890,0.9744
14.199810,0.9179
14.200546,0.7330
14.201660,1.1121
14.202613,0.9510
14.203685,1.0704
14.204713,1.0253
14.205966,1.2382
14.206891,0.9229
14.207812,0.9192
14.208720,0.9064
14.209605,0.8827
14.210537,0.9300
14.211334,0.7951
14.212406,1.0701
14.213415,1.0069
14.214718,1.3008
14.215785,1.0652
14.216875,1.0884
14.217783,0.9059
14.218824,1.0390
14.219738,0.9122
14.220676,0.9352
14.221585,0.9074
14.222500,0.9127
14.223451,0.9489
14.224369,0.9159
14.225423,1.0534
14.226558,1.1328
14.227884,1.3240
14.229100,1.2112
14.233675,4.5739
14.234819,1.1413
14.236248,1.4266
14.237543,1.2930
14.238502,0.9577
14.239649,1.1444
14.240568,0.9173
14.241538,0.9674
14.242865,1.3257
14.243719,0.8510
14.244788,1.0677
14.245915,1.1242
14.246775,0.8576
14.247800,1.0238
14.248827,1.0241
14.249740,0.9117
14.250920,1.1778
14.251949,1.0268
14.252843,0.8921
14.253772,0.9266
14.254639,0.8648
14.255330,0.6887
14.256263,0.9327
14.257656,1.3911
14.258549,0.8901
14.259498,0.9471
14.260464,0.9639
14.261592,1.1261
14.262624,1.0303
14.263662,1.0363
14.264583,0.9187
14.265476,0.8907
14.266142,0.6636
14.266940,0.7976
14.267833,0.8912
14.268767,0.9318
14.269835,1.0660
14.270888,1.0511
14.272227,1.3365
14.273142,0.9126
14.274283,1.1393
14.275430,1.1451
14.276710,1.2777
14.277957,1.2454
14.282785,4.8254
14.284243,1.4559
14.285793,1.5487
14.287087,1.2911
14.288146,1.0569
14.293501,5.3532
14.294626,1.1226
14.296060,1.4324
14.297177,1.1154
14.298200,1.0200
14.303120,4.9185
14.304942,1.8192
14.306863,1.9068
14.308032,1.1674
14.309125,1.0905
14.315011,5.8844
14.316006,0.9927
14.317127,1.1188
14.318137,1.0076
14.319244,1.1053
14.323911,4.6520
14.325271,1.3580
14.326737,1.4639
14.328145,1.4069
14.329395,1.2472
14.334616,5.2192
14.335716,1.0984
14.336652,0.9336
14.337341,0.6869
14.338290,0.9480
14.339388,1.0956
14.340295,0.9053
14.341183,0.8869
14.342090,0.9050
14.343022,0.9296
14.343945,0.9212
14.344869,0.9216
14.346377,1.5059
14.347652,1.2725
14.348688,1.0344
14.353489,4.7992
14.355108,1.6165
14.356864,1.7535
14.358591,1.7250
14.363343,4.7498
14.364878,1.5332
14.365955,1.0749
14.366903,0.9462
14.371929,5.0239
14.373341,1.4096
14.375125,1.7826
14.376278,1.1502
14.380583,4.3037
14.381773,1.1878
14.382909,1.1343
14.384039,1.1271
14.385164,1.1235
14.390628,5.4615
14.392199,1.5688
14.393743,1.5422
14.396538,2.7810
14.400174,3.6336
14.401293,1.1167
14.402394,1.0983
14.405146,2.7499
14.408585,3.4371
14.410210,1.6228
14.411600,1.3882
14.412867,1.2521
14.417580,4.7113
14.418812,1.2294
14.419900,1.0861
14.421042,1.1404
14.424088,3.0426
14.427456,3.3652
14.428973,1.5151
14.430503,1.5278
14.433176,2.6717
14.436275,3.0844
14.437452,1.1748
14.438544,1.0898
14.439970,1.4240
14.444693,4.7210
14.446376,1.6806
14.447965,1.5871
14.449370,1.4030
14.454584,5.2123
14.455649,1.0630
14.456754,1.1027
14.457938,1.1814
14.462680,4.7272
14.464151,1.4696
14.465851,1.6972
14.467641,1.7881
14.468755,1.1119
14.473423,4.6666
14.474518,1.0926
14.475763,1.2435
14.477060,1.2819
14.478202,1.1401
14.481203,2.9992
14.484690,3.4841
14.486166,1.4741
14.487582,1.4140
14.488591,1.0071
14.493963,5.3697
14.494971,1.0059
14.496025,1.0516
14.497234,1.2073
14.500184,2.9486
14.503141,2.9544
14.504894,1.7507
14.506106,1.2103
14.507342,1.2342
14.508804,1.4594
14.509977,1.1706
14.511677,1.6982
14.513062,1.3835
14.514173,1.1086
14.515087,0.9114
14.516038,0.9493
14.516997,0.9570
14.517920,0.9203
14.518879,0.9571
14.519934,1.0533
14.520792,0.8561
14.521755,0.9603
14.522703,0.9461
14.523654,0.9486
14.524623,0.9670
14.525540,0.9150
14.526239,0.6968
14.527036,0.7967
14.527894,0.8560
14.528826,0.9301
14.529778,0.9498
14.530726,0.9457
14.531778,1.0499
14.532545,0.7648
14.533674,1.1267
14.534591,0.9156
14.535521,0.9272
14.536420,0.8971
14.537125,0.7032
14.538030,0.9042
14.538823,0.7906
14.539754,0.9289
14.540879,1.1224
14.541816,0.9343
14.542754,0.9358
14.543795,1.0396
14.544773,0.9754
14.545680,0.9058
14.546595,0.9124
14.547505,0.9078
14.548199,0.6926
14.549146,0.9454
14.550049,0.9008
14.550979,0.9280
14.551936,0.9553
14.552841,0.9027
14.553667,0.8238
14.554579,0.9098
14.555461,0.8803
14.556398,0.9346
14.557291,0.8914
14.558085,0.7929
14.558987,0.9002
14.559780,0.7909
14.560725,0.9430
14.561759,1.0315
14.562624,0.8630
14.563541,0.9144
14.564492,0.9497
14.565450,0.9557
14.566356,0.9039
14.567285,0.9276
14.568568,1.2814
14.569491,0.9212
14.570184,0.6907
14.570981,0.7956
14.571893,0.9102
14.572784,0.8894
14.573799,1.0131
14.574546,0.7441
14.575485,0.9373
14.576387,0.9001
14.577298,0.9087
14.578253,0.9542
14.579180,0.9251
14.580302,1.1193
14.581047,0.7435
14.581862,0.8128
14.582756,0.8917
14.583623,0.8648
14.584529,0.9046
14.585470,0.9368
14.586435,0.9628
14.587359,0.9221
14.588288,0.9282
14.589215,0.9248
14.590160,0.9425
14.591108,0.9467
14.591905,0.7948
14.592673,0.7654
14.593755,1.0808
14.594692,0.9347
14.595630,0.9353
14.596583,0.9512
14.597507,0.9218
14.598589,1.0801
14.599509,0.9177
14.600483,0.9720
14.601638,1.1531
14.602518,0.8785
14.603231,0.7103
14.604156,0.9241
14.605114,0.9563
14.606052,0.9355
14.606990,0.9361
14.607962,0.9700
14.609060,1.0833
14.609971,0.9090
14.610901,0.9273
14.611816,0.9131
14.612789,0.9711
14.613596,0.8048
14.614328,0.7298
14.615201,0.8726
14.616120,0.9165
14.617190,1.0681
14.618090,0.8975
14.619004,0.9118
14.619950,0.9442
14.620880,0.9276
14.621773,0.8909
14.622538,0.7636
14.623404,0.8638
14.624344,0.9374
14.625094,0.7494
14.625901,0.8050
14.626817,0.9136
14.627809,0.9900
14.629029,1.2185
14.629957,0.9252
14.630925,0.9662
14.631862,0.9347
14.632766,0.9025
14.633766,0.9980
14.634678,0.9098
14.635619,0.9388
14.636302,0.6807
14.637196,0.8937
14.638126,0.9274
14.639034,0.9065
14.639955,0.9188
14.641075,1.1182
14.641869,0.7910
14.642779,0.9087
14.643732,0.9507
14.644902,1.1550
14.645874,0.9702
14.646670,0.7941
14.647554,0.8815
14.648479,0.9238
14.649427,0.9459
14.650339,0.9096
14.651279,0.9387
14.652099,0.8184
14.653000,0.8990
14.653935,0.9325
14.655098,1.1616
14.656004,0.9037
14.656837,0.8306
14.657704,0.8654
14.658399,0.6929
14.659472,1.0710
14.660372,0.8974
14.661311,0.9387
14.662508,1.1947
14.663433,0.9223
14.664372,0.9375
14.665275,0.9021
14.666196,0.9190
14.667017,0.8178
14.667946,0.9270
14.668921,0.9736
14.670073,1.1367
14.671015,0.9398
14.671962,0.9456
14.672866,0.9021
14.673805,0.9363
14.674722,0.9156
14.675668,0.9439
14.676589,0.9187
14.677524,0.9326
14.678368,0.8422
14.679283,0.9143
14.680104,0.8188
14.680914,0.8076
14.681853,0.9369
14.682679,0.8241
14.683547,0.8660
14.684457,0.9078
14.685403,0.9440
14.686298,0.8925
14.687103,0.8047
14.688023,0.9181
14.688962,0.9364
14.690250,1.2862
14.691003,0.7513
14.691797,0.7914
14.692789,0.9903
14.693728,0.9373
14.694666,0.9357
14.695554,0.8854
14.696343,0.7870
14.697300,0.9564
14.698208,0.9055
14.699209,0.9997
14.700140,0.9288
14.701019,0.8771
14.702233,1.2112
14.703041,0.8066
14.703968,0.9243
14.704896,0.9254
14.705840,0.9425
14.706812,0.9697
14.707764,0.9496
14.708880,1.1143
14.709816,0.9339
14.710759,0.9407
14.711679,0.9183
14.712602,0.9208
14.713332,0.7278
14.714168,0.8351
14.715126,0.9557
14.715945,0.8175
14.716776,0.8285
14.717721,0.9424
14.718640,0.9172
14.719585,0.9430
14.720494,0.9066
14.721438,0.9425
14.722371,0.9310
14.723534,1.1552
14.724222,0.6857
14.725030,0.8073
14.725863,0.8311
14.727214,1.3360
14.728149,0.9331
14.729088,0.9371
14.730240,1.1496
14.731044,0.8019
14.731985,0.9386
14.732954,0.9675
14.733921,0.9647
14.734801,0.8776
14.735545,0.7424
14.736487,0.9400
14.737406,0.9163
14.738314,0.9068
14.739186,0.8709
14.739987,0.7993
14.740907,0.9172
14.741843,0.9342
14.742764,0.9190
14.743641,0.8748
14.744585,0.9421
14.745484,0.8970
14.746185,0.6993
14.746978,0.7919
14.747906,0.9257
14.748774,0.8665
14.749701,0.9242
14.750862,1.1589
14.751776,0.9128
14.752658,0.8801
14.753548,0.8876
14.754456,0.9058
14.755420,0.9619
14.756361,0.9387
14.757068,0.7060
14.757945,0.8759
14.759127,1.1668
14.760074,0.9449
14.760978,0.9023
14.761934,0.9531
14.763260,1.3120
14.764189,0.9264
14.765116,0.9252
14.766009,0.8908
14.766964,0.9523
14.767858,0.8926
14.768636,0.7756
14.769742,1.1040
14.770677,0.9334
14.771604,0.9248
14.772523,0.9172
14.773439,0.9137
14.774410,0.9692
14.775431,1.0188
14.776556,1.1229
14.777566,1.0078
14.778561,0.9933
14.779282,0.7188
14.780093,0.8105
14.781086,0.9912
14.781959,0.8705
14.783065,1.1038
14.784068,1.0011
14.785302,1.2321
14.786062,0.7574
14.786855,0.7909
14.787915,1.0449
14.788626,0.7091
14.789603,0.9754
14.790337,0.7315
14.791274,0.9359
14.792030,0.7539
14.792775,0.7428
14.793650,0.8731
14.794376,0.7242
14.795139,0.7625
14.795912,0.7697
14.796661,0.7470
14.797636,0.9729
14.798367,0.7280
14.799137,0.7688
14.799892,0.7532
14.800631,0.7375
14.801397,0.7642
14.802173,0.7729
14.802926,0.7527
14.803778,0.8502
14.804514,0.7328
14.805261,0.7430
14.806024,0.7622
14.806771,0.7441
14.807505,0.7324
14.808267,0.7594
14.809388,1.1204
14.810149,0.7588
14.810947,0.7978
14.811928,0.9783
14.812888,0.9580
14.813763,0.8732
14.814632,0.8665
14.815635,1.0010
14.816499,0.8615
14.817373,0.8714
14.818308,0.9345
14.819064,0.7539
14.819874,0.8082
14.821133,1.2568
14.822037,0.9016
14.822737,0.6984
14.823488,0.7484
14.824456,0.9660
14.825361,0.9032
14.826239,0.8765
14.827176,0.9346
14.827958,0.7804
14.828891,0.9311
14.829803,0.9099
14.830951,1.1332
14.831815,0.8619
14.832720,0.9032
14.833649,0.9264
14.834606,0.9553
14.835510,0.9024
14.836438,0.9257
14.837386,0.9461
14.838318,0.9299
14.839342,1.0235
14.840281,0.9366
14.841215,0.9316
14.842376,1.1593
14.843301,0.9224
14.844134,0.8315
14.845137,1.0012
14.845948,0.8091
14.846884,0.9332
14.847797,0.9114
14.848965,1.1664
14.849886,0.9186
14.850932,1.0431
14.851844,0.9102
14.852791,0.9455
14.853725,0.9314
14.854632,0.9046
14.855796,1.1492
14.856886,1.0880
14.857808,0.9202
14.858659,0.8493
14.859590,0.9286
14.860560,0.9675
14.861527,0.9652
14.862498,0.9681
14.863533,1.0333
14.864453,0.9184
14.865399,0.9435
14.866370,0.9690
14.867123,0.7521
14.867937,0.8123
14.869202,1.2628
14.870315,1.0977
14.871478,1.1613
14.872394,0.9140
14.873267,0.8712
14.874052,0.7841
14.874965,0.9101
14.875915,0.9486
14.876847,0.9297
14.877654,0.8050
14.878340,0.6841
14.879179,0.8373
14.880136,0.9551
14.881042,0.9046
14.882195,1.1509
14.883383,1.1861
14.884505,1.1167
14.885566,1.0553
14.886637,1.0696
14.887552,0.9132
14.888612,1.0574
14.889526,0.9123
14.890461,0.9328
14.891393,0.9293
14.892320,0.9256
14.893223,0.9013
14.894029,0.8038
14.895319,1.2755
14.896254,0.9330
14.897202,0.9457
14.898023,0.8198
14.898930,0.9044
14.899804,0.8724
14.900596,0.7898
14.901616,1.0173
14.902491,0.8734
14.903438,0.9445
14.904373,0.9334
14.905497,1.1233
14.906374,0.8747
14.907411,1.0357
14.908364,0.9517
14.909305,0.9326
14.910219,0.9123
14.910909,0.6877
14.911815,0.9039
14.912859,1.0419
14.913801,0.9401
14.914713,0.9098
14.915614,0.8990
14.916556,0.9396
14.917458,0.8998
14.918305,0.8453
14.919401,1.0953
14.920327,0.9242
14.921260,0.9312
14.922012,0.7507
14.922833,0.8186
14.923634,0.7993
14.924557,0.9205
14.925480,0.9210
14.926339,0.8570
14.927321,0.9811
14.928245,0.9224
14.929160,0.9126
14.929935,0.7736
14.930855,0.9172
14.931787,0.9301
14.932859,1.0703
14.933595,0.7340
14.934520,0.9226
14.935332,0.8098
14.936233,0.9001
14.937053,0.8178
14.938186,1.1177
14.938981,0.7938
14.939901,0.9173
14.940807,0.9044
14.941560,0.7504
14.942245,0.6836
14.943022,0.7756
14.943981,0.9575
14.944816,0.8327
14.945754,0.9358
14.946643,0.8864
14.947635,0.9908
14.948332,0.6947
14.949008,0.6755
14.949769,0.7584
14.950668,0.8966
14.951591,0.9211
14.952504,0.9108
14.953553,1.0478
14.954434,0.8785
14.955113,0.6764
14.955889,0.7759
14.956812,0.9207
14.957724,0.9097
14.958663,0.9373
14.959590,0.9244
14.960416,0.8243
14.961335,0.9168
14.962230,0.8941
14.963192,0.9595
14.963983,0.7891
14.964896,0.9110
14.965893,0.9949
14.966627,0.7327
14.967560,0.9306
14.968500,0.9378
14.969434,0.9321
14.970349,0.9129
14.971260,0.9097
14.972187,0.9253
14.972963,0.7736
14.973876,0.9114
14.974839,0.9614
14.975763,0.9213
14.976580,0.8148
14.977651,1.0692
14.978611,0.9579
14.979545,0.9318
14.980420,0.8734
14.981294,0.8719
14.981997,0.7017
14.982753,0.7542
14.983702,0.9472
14.984594,0.8893
14.985493,0.8972
14.986397,0.9020
14.987306,0.9068
14.988068,0.7612
14.988984,0.9137
14.989901,0.9153
14.991000,1.0971
14.991786,0.7842
14.992729,0.9408
14.993567,0.8353
14.994490,0.9212
14.995354,0.8620
14.996335,0.9800
14.997245,0.9078
14.998142,0.8950
14.999009,0.8650
14.999827,0.8162
15.000809,0.9796
15.001741,0.9306
15.002861,1.1172
15.003761,0.8977
15.004657,0.8947
15.005803,1.1309
15.006715,0.9099
15.007732,1.0151
15.008586,0.8517
15.009513,0.9246
15.010489,0.9739
15.011399,0.9083
15.012296,0.8949
15.013201,0.9043
15.013996,0.7930
15.014889,0.8909
15.015812,0.9211
15.016753,0.9390
15.017624,0.8688
15.018678,1.0516
15.019604,0.9237
15.020527,0.9212
15.021257,0.7280
15.022050,0.7920
15.022849,0.7966
15.023779,0.9286
15.024671,0.8895
15.025630,0.9546
15.026525,0.8927
15.027446,0.9196
15.028397,0.9491
15.029339,0.9395
15.030209,0.8693
15.031106,0.8944
15.031978,0.8704
15.032757,0.7771
15.033679,0.9192
15.034654,0.9729
15.035562,0.9060
15.036502,0.9379
15.037723,1.2194
15.038639,0.9139
15.039560,0.9189
15.040463,0.9004
15.041317,0.8521
15.042265,0.9468
15.043128,0.8620
15.043932,0.8015
15.045010,1.0636
15.045868,0.8554
15.046623,0.7538
15.047555,0.9298
15.048511,0.9532
15.049555,1.0425
15.050468,0.9104
15.051397,0.9276
15.052307,0.9080
15.053227,0.9187
15.053910,0.6814
15.054625,0.7121
15.055556,0.9294
15.056468,0.9101
15.057383,0.9130
15.058251,0.8645
15.059036,0.7824
15.059975,0.9375
15.060834,0.8565
15.061769,0.9336
15.063082,1.2977
15.063985,0.9008
15.064860,0.8731
15.065601,0.7397
15.066542,0.9383
15.067552,1.0076
15.068472,0.9181
15.069382,0.9078
15.070504,1.1214
15.071366,0.8601
15.072279,0.9122
15.073326,1.0447
15.074286,0.9579
15.075183,0.8944
15.075874,0.6893
15.076618,0.7424
15.077577,0.9561
15.078488,0.9095
15.079394,0.9035
15.080309,0.9138
15.081221,0.9104
15.082088,0.8650
15.083035,0.9453
15.083960,0.9224
15.084846,0.8843
15.085657,0.8087
15.086572,0.9134
15.087262,0.6877
15.088056,0.7926
15.089010,0.9525
15.089931,0.9189
15.090880,0.9464
15.091808,0.9265
15.092735,0.9251
15.093647,0.9094
15.094614,0.9646
15.095520,0.9040
15.096440,0.9183
15.097700,1.2578
15.098372,0.6697
15.099250,0.8771
15.100028,0.7757
15.100937,0.9077
15.101813,0.8733
15.102696,0.8814
15.103605,0.9064
15.104539,0.9320
15.105439,0.8981
15.106397,0.9561
15.107255,0.8560
15.108053,0.7971
15.109291,1.2355
15.110201,0.9085
15.111119,0.9154
15.111976,0.8548
15.113149,1.1589
15.114044,0.8930
15.114947,0.9005
15.115808,0.8592
15.116719,0.9085
15.117622,0.9016
15.118546,0.9210
15.119420,0.8726
15.120122,0.6997
15.120894,0.7715
15.121726,0.8297
15.122864,1.1364
15.123768,0.9012
15.124666,0.8961
15.125581,0.9131
15.126520,0.9369
15.127554,1.0318
15.128504,0.9481
15.129431,0.9248
15.130566,1.1330
15.131254,0.6864
15.132048,0.7932
15.133099,1.0482
15.133910,0.8093
15.134816,0.9043
15.135754,0.9358
15.136681,0.9247
15.137620,0.9370
15.138491,0.8686
15.139395,0.9022
15.140306,0.9085
15.141190,0.8838
15.141973,0.7808
15.142775,0.7999
15.143710,0.9323
15.144632,0.9198
15.145687,1.0527
15.146583,0.8941
15.147552,0.9670
15.148487,0.9329
15.149387,0.8979
15.150264,0.8755
15.151007,0.7423
15.151914,0.9044
15.152765,0.8487
15.153491,0.7246
15.154435,0.9418
15.155313,0.8759
15.156195,0.8812
15.157179,0.9815
15.158098,0.9176
15.159049,0.9489
15.159934,0.8825
15.160773,0.8366
15.161732,0.9571
15.162689,0.9557
15.163722,1.0308
15.164507,0.7828
15.165355,0.8458
15.166121,0.7648
15.166900,0.7769
15.167828,0.9267
15.168960,1.1298
15.169860,0.8980
15.170772,0.9095
15.171685,0.9106
15.172610,0.9230
15.173511,0.8995
15.174404,0.8909
15.175211,0.8050
15.175985,0.7723
15.176918,0.9305
15.177831,0.9112
15.178740,0.9072
15.179617,0.8750
15.180488,0.8683
15.181451,0.9616
15.182507,1.0536
15.183377,0.8675
15.184336,0.9497
15.185262,0.9245
15.186006,0.7423
15.186919,0.9108
15.187814,0.8924
15.188810,0.9938
15.189963,1.1511
15.190904,0.9387
15.191835,0.9294
15.192818,0.9813
15.193750,0.9297
15.194656,0.9038
15.195582,0.9246
15.196642,1.0575
15.197322,0.6781
15.198187,0.8643
15.199102,0.9123
15.200013,0.9085
15.200941,0.9261
15.201792,0.8496
15.202645,0.8502
15.203560,0.9133
15.204508,0.9464
15.205584,1.0731
15.206502,0.9166
15.207448,0.9439
15.208154,0.7033
15.208938,0.7833
15.209870,0.9304
15.210650,0.7776
15.211561,0.9083
15.212723,1.1479
15.213673,0.9481
15.214610,0.9346
15.215549,0.9372
15.216501,0.9494
15.217762,1.2596
15.218595,0.8300
15.219273,0.6764
15.220055,0.7812
15.220985,0.9281
15.221930,0.9425
15.222799,0.8673
15.223785,0.9833
15.224702,0.9152
15.225623,0.9186
15.226557,0.9318
15.227406,0.8473
15.228358,0.9502
15.229635,1.2757
15.230606,0.9570
15.231554,0.9460
15.232509,0.9521
15.233425,0.9147
15.234355,0.9278
15.235285,0.9287
15.236194,0.9071
15.236987,0.7910
15.237914,0.9252
15.238813,0.8965
15.239798,0.9831
15.240702,0.9020
15.241364,0.6600
15.242287,0.9222
15.243444,1.1553
15.244362,0.9157
15.245337,0.9720
15.246237,0.8976
15.247028,0.7891
15.248089,1.0587
15.248983,0.8918
15.249766,0.7809
15.250879,1.1111
15.251806,0.9253
15.252749,0.9409
15.253771,1.0197
15.254636,0.8631
15.255556,0.9178
15.256487,0.9290
15.257603,1.1137
15.258554,0.9489
15.259469,0.9130
15.260374,0.9025
15.261231,0.8560
15.262039,0.8063
15.262787,0.7460
15.263532,0.7425
15.264397,0.8638
15.265236,0.8362
15.266032,0.7953
15.266803,0.7687
15.267749,0.9443
15.268458,0.7066
15.269138,0.6784
15.269929,0.7902
15.270874,0.9428
15.271784,0.9079
15.272719,0.9332
15.273620,0.8986
15.274319,0.6968
15.275002,0.6823
15.275767,0.7625
15.276873,1.1043
15.277782,0.9067
15.278741,0.9572
15.279650,0.9070
15.280791,1.1260
15.281724,0.9310
15.282760,1.0338
15.283599,0.8365
15.284520,0.9194
15.285443,0.9208
15.286148,0.7032
15.286935,0.7856
15.287861,0.9237
15.289025,1.1618
15.289960,0.9332
15.290881,0.9193
15.291788,0.9043
15.292649,0.8594
15.293581,0.9299
15.294506,0.9225
15.295444,0.9359
15.296356,0.9098
15.297143,0.7867
15.297927,0.7819
15.298849,0.9195
15.299758,0.9069
15.300702,0.9421
15.301613,0.9085
15.302542,0.9275
15.303369,0.8251
15.304291,0.9212
15.305189,0.8954
15.305979,0.7885
15.307041,1.0593
15.307897,0.8539
15.308639,0.7396
15.309785,1.1446
15.310661,0.8735
15.311618,0.9550
15.312841,1.2084
15.313793,0.9498
15.314648,0.8524
15.315601,0.9517
15.316723,1.1195
15.317633,0.9076
15.318584,0.9483
15.319260,0.6739
15.320033,0.7730
15.320997,0.9615
15.321894,0.8952
15.322818,0.9211
15.323647,0.8276
15.324563,0.9139
15.325481,0.9154
15.326389,0.9058
15.327112,0.7216
15.327867,0.7539
15.328616,0.7468
15.329350,0.7327
15.330199,0.8477
15.330924,0.7232
15.331670,0.7438
15.332356,0.6843
15.333037,0.6797
15.333731,0.6922
15.334475,0.7410
15.335525,1.0482
15.336252,0.7250
15.336990,0.7369
15.337721,0.7289
15.338470,0.7472
15.339220,0.7466
15.340084,0.8636
15.340857,0.7710
15.341614,0.7551
15.342347,0.7310
15.343091,0.7423
15.343832,0.7391
15.344526,0.6924
15.345474,0.9457
15.346199,0.7231
15.346929,0.7294
15.347673,0.7419
15.348409,0.7343
15.349166,0.7547
15.350029,0.8624
15.350768,0.7372
15.351524,0.7540
15.352265,0.7393
15.352953,0.6865
15.353681,0.7267
15.354398,0.7149
15.355176,0.7757
15.355912,0.7358
15.356669,0.7551
15.357414,0.7428
15.358135,0.7187
15.358871,0.7349
15.359561,0.6888
15.360307,0.7440
15.360987,0.6783
15.361718,0.7296
15.362402,0.6820
15.363118,0.7134
15.363870,0.7512
15.364592,0.7198
15.365327,0.7330
15.366356,1.0205
15.367095,0.7376
15.368040,0.9431
15.368772,0.7293
15.369617,0.8431
15.370366,0.7477
15.371097,0.7301
15.371868,0.7684
15.372604,0.7344
15.373341,0.7354
15.374269,0.9266
15.374964,0.6930
15.375702,0.7364
15.376441,0.7367
15.377167,0.7239
15.377924,0.7569
15.378689,0.7619
15.379543,0.8519
15.380283,0.7382
15.381006,0.7224
15.381747,0.7390
15.382503,0.7535
15.383389,0.8840
15.384126,0.7348
15.384989,0.8621
15.385911,0.9206
15.386676,0.7622
15.387460,0.7820
15.388186,0.7244
15.388932,0.7457
15.389785,0.8503
15.390529,0.7427
15.391265,0.7338
15.392046,0.7802
15.392774,0.7261
15.393521,0.7444
15.394252,0.7291
15.395097,0.8450
15.396029,0.9297
15.396800,0.7683
15.397661,0.8588
15.398420,0.7557
15.399153,0.7311
15.400022,0.8674
15.400755,0.7305
15.401494,0.7376
15.402228,0.7313
15.402971,0.7427
15.403720,0.7469
15.404450,0.7269
15.405320,0.8682
15.406050,0.7296
15.406779,0.7267
15.407532,0.7510
15.408278,0.7435
15.409022,0.7432
15.409752,0.7279
15.410471,0.7164
15.411168,0.6957
15.411913,0.7439
15.412655,0.7402
15.413445,0.7877
15.414170,0.7231
15.414979,0.8079
15.415720,0.7386
15.416450,0.7283
15.417195,0.7432
15.417917,0.7206
15.418861,0.9420
15.419615,0.7525
15.420342,0.7249
15.421077,0.7335
15.421792,0.7137
15.422557,0.7623
15.423304,0.7455
15.424045,0.7400
15.425127,1.0796
15.425866,0.7370
15.426586,0.7184
15.427327,0.7395
15.428070,0.7415
15.428813,0.7412
15.429468,0.6524
15.430362,0.8928
15.431377,1.0142
15.432376,0.9967
15.433390,1.0122
15.434339,0.9466
15.435392,1.0518
15.436748,1.3542
15.437770,1.0190
15.438766,0.9947
15.439653,0.8848
15.440609,0.9534
15.441594,0.9830
15.442545,0.9490
15.443560,1.0133
15.444505,0.9429
15.445519,1.0092
15.446511,0.9906
15.447222,0.7087
15.448137,0.9146
15.449084,0.9443
15.450192,1.1067
15.451249,1.0539
15.452195,0.9445
15.453056,0.8589
15.453855,0.7965
15.454599,0.7417
15.455542,0.9409
15.456517,0.9730
15.457507,0.9885
15.458269,0.7601
15.459393,1.1158
15.460372,0.9767
15.461351,0.9783
15.462462,1.1086
15.463511,1.0477
15.464452,0.9386
15.465485,1.0306
15.466514,1.0274
15.467462,0.9445
15.468433,0.9697
15.469536,1.1010
15.470295,0.7567
15.471085,0.7894
15.472069,0.9814
15.473033,0.9619
15.473978,0.9434
15.474960,0.9793
15.475947,0.9847
15.476922,0.9719
15.477929,1.0049
15.478857,0.9264
15.479970,1.1109
15.480801,0.8290
15.481770,0.9669
15.482792,1.0197
15.483691,0.8974
15.484712,1.0192
15.485710,0.9954
15.486702,0.9905
15.488011,1.3071
15.489004,0.9913
15.489976,0.9700
15.490910,0.9314
15.491796,0.8842
15.492750,0.9519
15.493876,1.1240
15.494924,1.0458
15.495883,0.9568
15.496811,0.9257
15.497819,1.0057
15.498799,0.9780
15.499852,1.0503
15.501095,1.2419
15.502020,0.9224
15.502918,0.8960
15.503899,0.9790
15.504914,1.0120
15.505849,0.9334
15.507017,1.1661
15.508022,1.0025
15.509065,1.0410
15.510002,0.9350
15.510979,0.9750
15.511962,0.9793
15.512828,0.8645
15.513601,0.7707
15.514587,0.9832
15.515775,1.1861
15.516747,0.9707
15.517761,1.0118
15.518670,0.9070
15.519629,0.9569
15.520638,1.0076
15.521628,0.9874
15.522613,0.9834
15.523593,0.9773
15.524343,0.7486
15.525311,0.9667
15.526239,0.9260
15.527197,0.9556
15.528036,0.8376
15.529037,0.9990
15.530078,1.0383
15.531059,0.9788
15.532058,0.9963
15.533148,1.0880
15.534067,0.9171
15.535061,0.9916
15.535997,0.9336
15.537019,1.0198
15.537977,0.9560
15.538951,0.9719
15.540025,1.0721
15.541001,0.9737
15.541976,0.9728
15.543014,1.0356
15.543946,0.9301
15.544928,0.9802
15.545879,0.9489
15.546842,0.9606
15.547817,0.9723
15.548769,0.9495
15.549788,1.0176
15.550767,0.9771
15.551777,1.0074
15.552967,1.1871
15.553950,0.9812
15.555001,1.0492
15.555965,0.9612
15.556900,0.9329
15.557772,0.8702
15.558815,1.0411
15.559878,1.0611
15.560852,0.9707
15.561877,1.0235
15.562779,0.8990
15.563664,0.8823
15.564685,1.0193
15.566025,1.3376
15.567012,0.9837
15.567918,0.9042
15.568775,0.8547
15.569794,1.0174
15.570796,0.9998
15.571781,0.9821
15.572929,1.1461
15.573935,1.0044
15.574879,0.9399
15.575878,0.9977
15.576857,0.9767
15.577873,1.0143
15.578797,0.9217
15.579766,0.9660
15.580979,1.2115
15.581962,0.9813
15.582966,1.0021
15.583900,0.9314
15.584886,0.9833
15.586024,1.1361
15.586989,0.9629
15.587911,0.9199
15.589104,1.1911
15.589982,0.8761
15.590826,0.8419
15.591922,1.0939
15.592851,0.9268
15.593838,0.9842
15.594860,1.0202
15.596074,1.2115
15.596979,0.9027
15.598094,1.1125
15.599038,0.9425
15.600035,0.9942
15.600749,0.7119
15.601580,0.8291
15.602555,0.9727
15.603524,0.9666
15.604482,0.9563
15.605331,0.8475
15.606423,1.0836
15.607427,1.0021
15.608418,0.9893
15.609346,0.9258
15.610374,1.0271
15.611466,1.0895
15.612213,0.7447
15.613077,0.8637
15.614052,0.9727
15.614914,0.8598
15.615899,0.9829
15.616920,1.0187
15.618277,1.3555
15.619303,1.0234
15.620303,0.9984
15.621269,0.9628
15.622202,0.9315
15.622916,0.7112
15.623759,0.8414
15.624772,1.0108
15.625723,0.9490
15.626719,0.9936
15.627670,0.9486
15.628672,1.0003
15.629683,1.0081
15.631007,1.3227
15.631981,0.9710
15.632982,0.9995
15.633925,0.9407
15.634797,0.8698
15.635764,0.9642
15.636869,1.1037
15.637900,1.0287
15.638840,0.9373
15.639810,0.9675
15.640781,0.9697
15.641671,0.8878
15.642674,1.0013
15.643623,0.9461
15.644644,1.0193
15.645656,1.0095
15.646641,0.9828
15.647609,0.9669
15.648630,1.0189
15.649582,0.9490
15.650600,1.0166
15.651606,1.0040
15.652614,1.0055
15.653817,1.2011
15.654792,0.9733
15.655707,0.9130
15.656610,0.9012
15.657602,0.9894
15.658543,0.9395
15.659601,1.0560
15.660791,1.1872
15.661788,0.9951
15.662831,1.0408
15.663760,0.9266
15.664645,0.8827
15.665406,0.7587
15.666180,0.7725
15.666922,0.7404
15.667804,0.8806
15.668905,1.0989
15.669927,1.0193
15.670886,0.9577
15.671889,1.0003
15.673095,1.2047
15.674119,1.0210
15.675238,1.1160
15.676228,0.9871
15.677077,0.8474
15.677972,0.8930
15.678827,0.8514
15.679851,1.0217
15.680811,0.9584
15.681855,1.0394
15.683045,1.1879
15.684032,0.9852
15.685012,0.9780
15.685705,0.6900
15.686413,0.7056
15.687153,0.7370
15.688487,1.3268
15.689245,0.7557
15.690174,0.9280
15.691158,0.9820
15.692237,1.0771
15.693161,0.9212
15.693975,0.8112
15.695167,1.1904
15.696172,1.0030
15.697164,0.9898
15.698043,0.8768
15.699272,1.2151
15.700113,0.8390
15.701091,0.9742
15.702080,0.9865
15.703077,0.9955
15.703969,0.8892
15.704919,0.9478
15.705915,0.9940
15.706931,1.0137
15.707888,0.9551
15.708761,0.8709
15.709941,1.1786
15.710872,0.9288
15.711708,0.8338
15.712633,0.9224
15.713729,1.0944
15.714715,0.9841
15.715703,0.9861
15.716753,1.0478
15.717941,1.1862
15.718851,0.9081
15.719934,1.0809
15.720938,1.0021
15.721886,0.9455
15.722632,0.7437
15.723380,0.7461
15.724592,1.2106
15.725578,0.9839
15.726538,0.9576
15.727550,1.0089
15.728499,0.9471
15.729523,1.0216
15.730499,0.9741
15.731498,0.9967
15.732394,0.8942
15.733295,0.8970
15.734346,1.0502
15.735324,0.9768
15.736307,0.9805
15.737267,0.9577
15.738332,1.0627
15.739456,1.1224
15.740424,0.9663
15.741387,0.9606
15.742358,0.9682
15.743341,0.9822
15.744388,1.0454
15.745308,0.9178
15.746507,1.1983
15.747702,1.1919
15.748676,0.9724
15.749621,0.9426
15.750590,0.9666
15.751600,1.0087
15.752966,1.3629
15.753863,0.8952
15.754848,0.9827
15.755791,0.9406
15.756613,0.8200
15.757625,1.0099
15.758634,1.0068
15.759686,1.0487
15.760878,1.1907
15.761846,0.9656
15.762824,0.9756
15.763787,0.9615
15.764791,1.0017
15.765759,0.9660
15.766690,0.9285
15.767487,0.7948
15.768542,1.0533
15.769477,0.9332
15.770460,0.9812
15.771454,0.9920
15.772574,1.1178
15.773534,0.9587
15.774239,0.7028
15.775254,1.0143
15.776302,1.0460
15.777242,0.9365
15.777957,0.7130
15.778816,0.8566
15.779793,0.9758
15.780793,0.9980
15.781809,1.0138
15.782995,1.1837
15.783981,0.9843
15.785083,1.0998
15.786017,0.9317
15.787035,1.0149
15.788015,0.9781
15.788995,0.9771
15.790057,1.0598
15.791150,1.0911
15.792010,0.8582
15.792993,0.9805
15.793984,0.9889
15.794872,0.8855
15.795841,0.9666
15.796646,0.8031
15.797738,1.0893
15.798767,1.0279
15.799725,0.9549
15.800513,0.7859
15.801503,0.9885
15.802534,1.0290
15.803476,0.9393
15.804482,1.0036
15.805409,0.9250
15.806149,0.7377
15.807005,0.8556
15.807938,0.9310
15.808919,0.9788
15.809851,0.9295
15.810683,0.8304
15.811682,0.9961
15.812428,0.7443
15.813179,0.7481
15.814030,0.8502
15.814799,0.7671
15.815744,0.9434
15.816540,0.7940
15.817460,0.9181
15.818320,0.8580
15.819236,0.9144
15.820157,0.9195
15.820968,0.8084
15.821994,1.0233
15.823185,1.1884
15.824114,0.9272
15.825008,0.8914
15.825915,0.9054
15.826842,0.9249
15.828129,1.2723
15.828970,0.8388
15.829904,0.9316
15.830842,0.9362
15.831763,0.9183
15.832672,0.9074
15.833367,0.6927
15.834238,0.8697
15.835018,0.7780
15.835948,0.9287
15.837119,1.1687
15.838027,0.9056
15.838952,0.9226
15.839910,0.9565
15.840910,0.9972
15.841910,0.9975
15.842847,0.9349
15.843838,0.9892
15.844773,0.9324
15.845572,0.7967
15.846682,1.1076
15.847616,0.9318
15.848610,0.9919
15.849598,0.9852
15.850617,1.0173
15.851835,1.2150
15.852807,0.9705
15.853825,1.0157
15.854837,1.0101
15.855653,0.8136
15.856498,0.8431
15.857465,0.9647
15.858450,0.9831
15.859406,0.9538
15.860330,0.9224
15.861345,1.0141
15.862327,0.9792
15.863309,0.9797
15.864259,0.9488
15.865211,0.9490
15.866188,0.9753
15.867055,0.8652
15.867883,0.8263
15.868906,1.0200
15.869897,0.9893
15.871080,1.1680
15.872063,0.9811
15.873123,1.0570
15.874270,1.1457
15.875277,1.0046
15.876276,0.9963
15.877244,0.9665
15.878080,0.8340
15.879052,0.9700
15.879909,0.8545
15.880802,0.8916
15.881824,1.0194
15.882774,0.9459
15.883794,1.0182
15.884768,0.9728
15.885879,1.1084
15.887020,1.1384
15.888018,0.9958
15.888951,0.9312
15.889772,0.8184
15.890813,1.0390
15.891904,1.0884
15.892924,1.0180
15.893955,1.0295
15.894886,0.9269
15.895893,1.0048
15.896875,0.9803
15.897831,0.9533
15.898769,0.9365
15.899670,0.8992
15.900491,0.8183
15.901484,0.9910
15.902314,0.8283
15.903315,1.0003
15.904262,0.9450
15.905193,0.9285
15.906073,0.8781
15.907045,0.9708
15.908025,0.9774
15.908924,0.8972
15.909932,1.0054
15.910990,1.0558
15.911829,0.8375
15.912771,0.9393
15.913734,0.9609
15.914742,1.0049
15.915936,1.1919
15.916930,0.9914
15.917936,1.0039
15.918854,0.9159
15.919824,0.9688
15.920778,0.9511
15.921694,0.9134
15.922514,0.8179
15.923506,0.9897
15.924577,1.0696
15.925597,1.0181
15.926515,0.9160
15.927527,1.0088
15.928537,1.0081
15.929364,0.8248
15.930108,0.7436
15.931014,0.9034
15.932011,0.9956
15.932907,0.8931
15.933759,0.8504
15.934782,1.0212
15.935676,0.8909
15.936606,0.9284
15.937595,0.9856
15.938753,1.1445
15.939508,0.7525
15.940286,0.7761
15.941159,0.8720
15.942172,1.0111
15.943283,1.1089
15.944111,0.8264
15.944985,0.8711
15.945832,0.8458
15.946850,1.0162
15.947797,0.9440
15.948773,0.9738
15.949921,1.1460
15.950763,0.8402
15.951734,0.9692
15.952731,0.9950
15.953715,0.9814
15.954623,0.9063
15.955547,0.9227
15.956535,0.9857
15.957506,0.9689
15.958533,1.0256
15.959543,1.0075
15.960467,0.9225
15.961449,0.9796
15.962421,0.9697
15.963348,0.9251
15.964345,0.9964
15.965333,0.9856
15.966062,0.7275
15.966949,0.8834
15.967956,1.0057
15.969010,1.0520
15.970064,1.0504
15.971297,1.2179
15.972267,0.9681
15.973264,0.9945
15.974275,1.0093
15.975211,0.9334
15.976206,0.9935
15.977223,1.0149
15.977992,0.7674
15.979060,1.0651
15.980064,1.0013
15.981176,1.1101
15.982141,0.9627
15.982994,0.8509
15.984022,1.0256
15.985214,1.1780
15.986225,1.0084
15.987351,1.1245
15.988276,0.9228
15.989108,0.8286
15.989974,0.8649
15.990983,1.0066
15.992021,1.0353
15.992870,0.8477
15.993985,1.1122
15.994957,0.9687
15.995992,1.0331
15.996864,0.8695
15.997853,0.9873
15.998856,1.0011
15.999842,0.9837
16.000806,0.9622
16.001746,0.9380
16.002737,0.9890
16.003723,0.9836
16.004684,0.9593
16.005627,0.9407
16.006639,1.0105
16.007606,0.9648
16.008646,1.0379
16.009605,0.9564
16.010606,0.9996
16.011361,0.7527
16.012371,1.0086
16.013326,0.9528
16.014494,1.1659
16.015480,0.9838
16.016451,0.9691
16.017406,0.9534
16.018361,0.9526
16.019369,1.0072
16.020484,1.1134
16.021483,0.9966
16.022478,0.9937
16.023489,1.0083
16.024458,0.9672
16.025439,0.9789
16.026361,0.9199
16.027377,1.0156
16.028386,1.0074
16.029395,1.0065
16.030302,0.9059
16.031302,0.9987
16.032282,0.9783
16.033107,0.8225
16.034006,0.8972
16.035253,1.2315
16.036165,0.9099
16.037098,0.9302
16.038089,0.9890
16.039073,0.9818
16.040152,1.0769
16.041134,0.9793
16.042128,0.9924
16.043046,0.9153
16.044187,1.1388
16.045051,0.8627
16.046168,1.1145
16.047145,0.9741
16.047976,0.8297
16.048979,1.0008
16.049947,0.9659
16.050952,1.0021
16.052205,1.2516
16.053343,1.1232
16.054279,0.9334
16.055111,0.8302
16.055954,0.8400
16.056980,1.0245
16.057991,1.0083
16.059100,1.1068
16.060070,0.9681
16.061001,0.9292
16.061994,0.9909
16.062960,0.9640
16.063945,0.9825
16.064879,0.9311
16.065941,1.0603
16.066783,0.8391
16.067754,0.9693
16.068760,1.0032
16.069612,0.8500
16.070387,0.7732
16.071405,1.0162
16.072435,1.0274
16.073420,0.9830
16.074363,0.9413
16.075247,0.8828
16.076251,1.0025
16.077079,0.8254
16.078282,1.1889
16.079564,1.2802
16.080562,0.9951
16.081551,0.9870
16.082532,0.9798
16.083516,0.9818
16.084539,1.0213
16.085630,1.0884
16.086614,0.9822
16.087579,0.9629
16.088325,0.7444
16.089356,1.0298
16.090361,1.0030
16.091333,0.9698
16.092469,1.1222
16.093477,1.0058
16.094693,1.2148
16.095675,0.9798
16.096771,1.0942
16.097752,0.9784
16.098684,0.9300
16.099504,0.8176
16.100504,0.9985
16.101482,0.9762
16.102483,0.9981
16.103469,0.9850
16.104480,1.0086
16.105586,1.1037
16.106564,0.9762
16.107581,1.0153
16.108558,0.9753
16.109730,1.1696
16.110558,0.8263
16.111631,1.0712
16.112586,0.9526
16.113581,0.9930
16.114562,0.9794
16.115540,0.9759
16.116528,0.9861
16.117834,1.3046
16.118802,0.9656
16.119793,0.9889
16.120775,0.9806
16.121574,0.7966
16.122590,1.0139
16.123531,0.9383
16.124660,1.1264
16.125642,0.9806
16.126653,1.0088
16.127609,0.9538
16.128578,0.9673
16.129561,0.9813
16.130890,1.3269
16.131729,0.8370
16.132527,0.7964
16.133520,0.9906
16.134527,1.0051
16.135500,0.9708
16.136519,1.0172
16.137648,1.1271
16.138639,0.9889
16.139637,0.9967
16.140578,0.9391
16.141583,1.0028
16.142506,0.9206
16.143249,0.7416
16.144339,1.0885
16.145559,1.2168
16.146628,1.0668
16.147637,1.0063
16.148603,0.9646
16.149596,0.9909
16.150740,1.1417
16.151638,0.8943
16.152647,1.0074
16.153626,0.9765
16.154377,0.7496
16.155294,0.9153
16.156310,1.0139
16.157445,1.1333
16.158513,1.0667
16.159478,0.9624
16.160681,1.2008
16.161653,0.9700
16.162678,1.0230
16.163598,0.9179
16.164519,0.9192
16.165371,0.8497
16.166345,0.9734
16.167338,0.9907
16.168242,0.9019
16.169084,0.8392
16.169953,0.8672
16.170869,0.9133
16.171783,0.9120
16.172669,0.8847
16.173596,0.9248
16.174524,0.9261
16.175286,0.7606
16.176214,0.9270
16.177185,0.9691
16.178180,0.9929
16.179042,0.8601
16.179893,0.8482
16.180828,0.9335
16.182077,1.2467
16.182912,0.8332
16.183825,0.9099
16.184747,0.9203
16.185507,0.7579
16.186306,0.7967
16.187149,0.8421
16.188127,0.9765
16.189251,1.1089
16.190207,0.9535
16.191092,0.8828
16.192074,0.9804
16.193080,1.0036
16.194430,1.3482
16.195361,0.9284
16.196339,0.9770
16.197368,1.0271
16.198211,0.8410
16.198953,0.7392
16.199788,0.8328
16.200938,1.1477
16.201854,0.9148
16.202841,0.9842
16.203809,0.9669
16.204789,0.9772
16.205633,0.8420
16.206392,0.7573
16.207500,1.1055
16.208737,1.2353
16.209660,0.9211
16.210522,0.8592
16.211484,0.9606
16.212484,0.9974
16.213618,1.1325
16.214601,0.9810
16.215627,1.0241
16.216837,1.2084
16.217810,0.9706
16.218792,0.9802
16.219768,0.9730
16.220766,0.9963
16.221566,0.7979
16.222560,0.9918
16.223743,1.1809
16.224757,1.0128
16.225743,0.9833
16.226716,0.9712
16.227686,0.9677
16.228541,0.8535
16.229517,0.9741
16.230496,0.9766
16.231475,0.9773
16.232231,0.7547
16.233208,0.9749
16.234049,0.8395
16.235084,1.0333
16.236094,1.0066
16.237060,0.9646
16.237992,0.9299
16.238967,0.9722
16.239946,0.9777
16.240921,0.9724
16.241852,0.9292
16.242820,0.9658
16.243622,0.7992
16.244611,0.9869
16.245947,1.3332
16.246869,0.9203
16.247887,1.0157
16.248851,0.9621
16.249790,0.9372
16.250963,1.1705
16.252069,1.1039
16.253053,0.9818
16.253944,0.8888
16.254779,0.8333
16.255788,1.0066
16.256763,0.9731
16.257747,0.9819
16.259067,1.3189
16.260041,0.9713
16.260989,0.9458
16.261982,0.9912
16.262985,1.0008
16.263945,0.9579
16.264908,0.9604
16.265787,0.8765
16.266755,0.9658
16.267782,1.0255
16.268769,0.9838
16.269607,0.8366
16.270566,0.9563
16.271545,0.9778
16.272507,0.9600
16.273699,1.1897
16.274692,0.9913
16.275624,0.9295
16.276382,0.7562
16.277374,0.9917
16.278312,0.9346
16.279279,0.9654
16.280254,0.9721
16.281232,0.9760
16.282198,0.9648
16.283056,0.8556
16.283879,0.8215
16.284873,0.9916
16.285791,0.9162
16.286585,0.7919
16.287795,1.2076
16.288972,1.1628
16.289985,1.0110
16.290955,0.9680
16.291936,0.9781
16.292894,0.9563
16.293904,1.0081
16.294894,0.9874
16.295870,0.9738
16.296784,0.9126
16.297756,0.9698
16.298549,0.7906
16.299542,0.9918
16.300558,1.0139
16.301559,0.9991
16.302574,1.0129
16.303638,1.0621
16.304613,0.9729
16.305578,0.9624
16.306543,0.9630
16.307534,0.9892
16.308505,0.9695
16.309263,0.7562
16.310489,1.2248
16.311508,1.0172
16.312514,1.0038
16.313484,0.9678
16.314489,1.0036
16.315624,1.1326
16.316704,1.0779
16.317714,1.0082
16.318702,0.9859
16.319640,0.9364
16.320638,0.9956
16.321517,0.8770
16.322459,0.9403
16.323651,1.1899
16.324639,0.9859
16.325630,0.9889
16.326600,0.9686
16.327614,1.0120
16.328602,0.9856
16.329639,1.0349
16.330631,0.9904
16.331630,0.9966
16.332375,0.7432
16.333292,0.9157
16.334296,1.0025
16.335221,0.9225
16.336066,0.8438
16.336960,0.8913
16.338088,1.1261
16.339051,0.9610
16.339912,0.8587
16.340877,0.9624
16.341968,1.0894
16.342838,0.8673
16.343801,0.9615
16.344777,0.9738
16.345653,0.8735
16.346623,0.9684
16.347625,0.9995
16.348779,1.1518
16.349613,0.8328
16.350360,0.7448
16.351439,1.0783
16.352647,1.2058
16.353606,0.9564
16.354550,0.9428
16.355502,0.9493
16.356471,0.9675
16.357497,1.0236
16.358485,0.9862
16.359491,1.0046
16.360486,0.9931
16.361595,1.1068
16.362615,1.0182
16.363593,0.9756
16.364572,0.9776
16.365324,0.7493
16.366151,0.8264
16.366989,0.8357
16.367972,0.9803
16.368956,0.9821
16.369929,0.9715
16.370900,0.9683
16.371909,1.0067
16.372867,0.9560
16.373828,0.9587
16.374842,1.0126
16.375744,0.8991
16.376707,0.9608
16.377507,0.7971
16.378498,0.9897
16.379745,1.2442
16.380674,0.9278
16.381606,0.9299
16.382557,0.9492
16.383522,0.9633
16.384481,0.9565
16.385304,0.8196
16.386005,0.6997
16.387127,1.1208
16.388021,0.8910
16.388866,0.8424
16.389831,0.9638
16.390752,0.9183
16.391757,1.0029
16.392723,0.9639
16.393675,0.9500
16.394646,0.9698
16.395640,0.9913
16.396622,0.9805
16.397588,0.9636
16.398570,0.9807
16.399511,0.9392
16.400553,1.0395
16.401666,1.1106
16.402672,1.0047
16.403604,0.9294
16.404580,0.9736
16.405525,0.9429
16.406465,0.9385
16.407526,1.0585
16.408522,0.9950
16.409495,0.9707
16.410179,0.6816
16.411038,0.8580
16.412031,0.9911
16.413047,1.0138
16.413999,0.9500
16.414871,0.8699
16.415890,1.0170
16.416770,0.8782
16.417675,0.9029
16.418586,0.9088
16.419577,0.9886
16.420332,0.7530
16.421073,0.7400
16.421904,0.8290
16.422835,0.9289
16.423837,0.9999
16.424900,1.0614
16.425808,0.9061
16.426655,0.8444
16.427485,0.8282
16.428488,1.0013
16.429484,0.9941
16.430270,0.7843
16.431024,0.7527
16.431983,0.9453
16.432690,0.7046
16.433502,0.8092
16.434520,1.0162
16.435457,0.9343
16.436560,1.1016
16.437548,0.9858
16.438536,0.9862
16.439544,1.0061
16.440537,0.9911
16.441563,1.0234
16.442402,0.8370
16.443533,1.1272
16.444312,0.7775
16.445277,0.9646
16.446286,1.0068
16.447187,0.8990
16.448039,0.8502
16.449359,1.3173
16.450335,0.9740
16.451324,0.9871
16.452303,0.9768
16.453232,0.9267
16.454243,1.0088
16.455049,0.8043
16.455920,0.8689
16.456663,0.7409
16.457394,0.7288
16.458139,0.7433
16.458874,0.7345
16.459624,0.7467
16.460367,0.7409
16.461247,0.8796
16.462220,0.9703
16.462957,0.7353
16.463706,0.7472
16.464445,0.7366
16.465185,0.7380
16.466052,0.8659
16.466798,0.7442
16.467529,0.7293
16.468265,0.7338
16.468939,0.6737
16.469691,0.7499
16.470432,0.7394
16.471274,0.8399
16.472046,0.7713
16.472780,0.7320
16.473715,0.9321
16.474438,0.7212
16.475182,0.7422
16.476021,0.8381
16.476755,0.7322
16.477493,0.7362
16.478223,0.7280
16.478909,0.6848
16.479675,0.7639
16.480407,0.7308
16.481278,0.8692
16.481947,0.6676
16.482678,0.7291
16.483423,0.7437
16.484165,0.7392
16.484855,0.6892
16.485547,0.6903
16.486281,0.7323
16.487027,0.7447
16.487718,0.6897
16.488466,0.7453
16.489217,0.7492
16.489952,0.7346
16.490756,0.8018
16.491472,0.7141
16.492222,0.7484
16.492960,0.7370
16.493702,0.7401
16.494453,0.7483
16.495202,0.7473
16.496012,0.8090
16.496744,0.7304
16.497461,0.7149
16.498200,0.7363
16.498941,0.7403
16.499675,0.7323
16.500737,1.0603
16.501461,0.7215
16.502187,0.7244
16.502959,0.7708
16.503628,0.6674
16.504379,0.7493
16.505133,0.7528
16.506002,0.8669
16.506786,0.7818
16.507512,0.7250
16.508251,0.7362
16.508984,0.7328
16.509729,0.7429
16.510435,0.7036
16.516069,5.6319
16.517046,0.9752
16.517755,0.7069
16.518498,0.7411
16.519179,0.6791
16.519921,0.7410
16.520873,0.9492
16.521671,0.7952
16.522455,0.7822
16.523207,0.7490
16.523945,0.7371
16.524691,0.7443
16.525391,0.6978
16.526135,0.7414
16.526798,0.6629
16.527484,0.6842
16.528432,0.9455
16.529149,0.7152
16.529855,0.7056
16.530596,0.7388
16.531328,0.7299
16.532078,0.7488
16.532809,0.7295
16.533546,0.7352
16.534291,0.7428
16.535116,0.8174
16.535980,0.8621
16.536706,0.7239
16.537445,0.7370
16.538205,0.7577
16.538949,0.7424
16.539700,0.7496
16.540426,0.7235
16.541104,0.6769
16.541863,0.7579
16.542592,0.7268
16.543336,0.7417
16.544094,0.7573
16.544782,0.6864
16.545642,0.8582
16.546362,0.7180
16.547121,0.7584
16.547865,0.7416
16.548606,0.7389
16.549370,0.7620
16.550034,0.6631
16.550769,0.7332
16.551533,0.7620
16.552247,0.7126
16.552999,0.7511
16.553745,0.7440
16.554485,0.7382
16.555553,1.0656
16.556289,0.7343
16.557024,0.7346
16.557769,0.7424
16.558493,0.7220
16.559236,0.7419
16.559981,0.7439
16.560723,0.7397
16.561470,0.7446
16.562213,0.7413
16.562957,0.7432
16.563687,0.7278
16.564432,0.7433
16.565280,0.8458
16.566023,0.7426
16.566970,0.9453
16.567707,0.7342
16.568432,0.7237
16.569190,0.7562
16.569904,0.7128
16.570638,0.7317
16.571394,0.7546
16.572125,0.7286
16.572864,0.7379
16.573636,0.7707
16.574391,0.7524
16.575283,0.8901
16.576018,0.7344
16.576951,0.9311
16.577692,0.7395
16.578641,0.9463
16.579347,0.7048
16.580090,0.7418
16.580819,0.7273
16.581534,0.7129
16.582284,0.7480
16.583012,0.7267
16.583753,0.7389
16.584763,1.0084
16.585467,0.7018
16.586209,0.7404
16.586949,0.7367
16.587685,0.7341
16.588444,0.7568
16.589170,0.7239
16.589901,0.7309
16.590641,0.7377
16.591306,0.6630
16.592001,0.6941
16.592735,0.7315
16.593462,0.7257
16.594321,0.8569
16.595051,0.7291
16.595779,0.7261
16.596455,0.6736
16.597201,0.7441
16.597948,0.7467
16.598688,0.7371
16.599540,0.8505
16.600287,0.7455
16.600972,0.6837
16.601757,0.7832
16.602500,0.7411
16.603241,0.7391
16.603988,0.7459
16.604832,0.8417
16.605777,0.9436
16.606717,0.9254
16.607454,0.7350
16.608189,0.7329
16.608921,0.7308
16.609781,0.8585
16.610518,0.7345
16.611259,0.7395
16.611972,0.7117
16.612712,0.7380
16.613446,0.7324
16.614136,0.6885
16.614885,0.7472
16.615618,0.7315
16.616351,0.7309
16.617284,0.9324
16.617968,0.6814
16.618625,0.6550
16.619383,0.7565
16.620112,0.7276
16.620854,0.7402
16.621598,0.7421
16.622345,0.7456
16.623085,0.7388
16.623801,0.7144
16.624495,0.6918
16.625169,0.6717
16.625908,0.7389
16.626675,0.7648
16.627401,0.7238
16.628460,1.0566
16.629182,0.7204
16.629914,0.7310
16.630659,0.7431
16.631403,0.7418
16.632164,0.7588
16.632912,0.7479
16.633913,0.9986
16.634860,0.9448
16.635588,0.7260
16.636317,0.7271
16.637065,0.7475
16.637810,0.7431
16.638888,1.0754
16.639604,0.7148
16.640330,0.7232
16.641115,0.7845
16.641838,0.7208
16.642587,0.7477
16.643311,0.7221
16.644035,0.7223
16.644775,0.7384
16.645448,0.6716
16.646127,0.6767
16.646863,0.7353
16.647612,0.7465
16.648465,0.8518
16.649150,0.6824
16.649890,0.7400
16.650630,0.7374
16.651369,0.7370
16.652104,0.7339
16.652817,0.7108
16.653683,0.8642
16.654408,0.7228
16.655150,0.7403
16.656145,0.9935
16.656881,0.7344
16.657626,0.7429
16.658471,0.8431
16.659192,0.7188
16.659935,0.7424
16.660675,0.7385
16.661413,0.7358
16.662161,0.7459
16.662905,0.7431
16.663738,0.8312
16.664463,0.7230
16.665210,0.7447
16.666028,0.8171
16.666774,0.7444
16.667726,0.9496
16.668552,0.8244
16.669287,0.7331
16.670056,0.7683
16.670802,0.7443
16.671562,0.7573
16.672306,0.7424
16.673086,0.7794
16.674019,0.9305
16.674737,0.7158
16.675514,0.7757
16.676255,0.7387
16.676997,0.7416
16.677754,0.7545
16.678477,0.7212
16.679333,0.8539
16.680055,0.7212
16.680799,0.7420
16.681754,0.9406
16.682483,0.7271
16.683185,0.7006
16.683942,0.7560
16.684676,0.7323
16.685619,0.9403
16.686353,0.7324
16.687081,0.7268
16.687856,0.7735
16.688700,0.8412
16.689642,0.9406
16.690390,0.7459
16.691125,0.7335
16.691884,0.7574
16.692818,0.9195
16.693680,0.8600
16.694419,0.7379
16.695155,0.7339
16.696109,0.9530
16.696854,0.7427
16.697589,0.7329
16.698426,0.8354
16.699167,0.7397
16.699902,0.7340
16.700696,0.7923
16.701441,0.7422
16.702187,0.7448
16.702912,0.7241
16.703659,0.7451
16.704379,0.7180
16.705098,0.7178
16.705834,0.7335
16.706576,0.7402
16.707471,0.8932
16.708259,0.7860
16.708998,0.7384
16.709733,0.7334
16.710466,0.7303
16.711217,0.7490
16.711954,0.7365
16.712689,0.7328
16.713529,0.8380
16.714212,0.6812
16.714948,0.7350
16.715675,0.7250
16.716423,0.7463
16.717188,0.7633
16.717857,0.6675
16.718807,0.9486
16.719556,0.7462
16.720333,0.7755
16.721102,0.7674
16.721819,0.7156
16.722584,0.7625
16.723431,0.8451
16.724157,0.7244
16.724898,0.7397
16.725626,0.7263
16.726377,0.7493
16.727109,0.7310
16.727838,0.7266
16.728580,0.7400
16.729318,0.7360
16.730005,0.6864
16.730698,0.6907
16.731433,0.7330
16.732173,0.7376
16.733019,0.8455
16.733760,0.7395
16.734542,0.7794
16.735279,0.7354
16.736219,0.9384
16.736953,0.7323
16.737825,0.8700
16.738611,0.7844
16.739346,0.7331
16.740306,0.9590
16.741038,0.7298
16.741778,0.7381
16.742503,0.7229
16.743221,0.7165
16.743964,0.7423
16.744698,0.7316
16.745442,0.7418
16.746387,0.9437
16.747149,0.7602
16.747864,0.7141
16.748590,0.7239
16.749353,0.7608
16.750119,0.7580
16.750860,0.7385
16.751553,0.6914
16.752416,0.8614
16.753156,0.7382
16.753891,0.7334
16.754633,0.7407
16.755387,0.7523
16.756161,0.7718
16.757061,0.8914
16.758006,0.9437
16.758732,0.7235
16.759475,0.7414
16.760210,0.7330
16.760946,0.7355
16.761669,0.7204
16.762409,0.7381
16.763146,0.7352
16.763886,0.7387
16.764614,0.7261
16.765348,0.7319
16.766077,0.7277
16.766807,0.7280
16.767553,0.7444
16.768278,0.7228
16.769228,0.9496
16.769903,0.6725
16.770643,0.7382
16.771305,0.6581
16.771975,0.6687
16.772694,0.7170
16.773434,0.7379
16.774181,0.7454
16.775122,0.9334
16.775851,0.7271
16.776565,0.7117
16.777307,0.7396
16.778032,0.7245
16.778902,0.8684
16.779648,0.7436
16.780378,0.7286
16.781130,0.7503
16.781982,0.8508
16.782712,0.7276
16.783437,0.7228
16.784240,0.8008
16.784996,0.7553
16.785754,0.7556
16.786488,0.7327
16.787338,0.8477
16.788072,0.7337
16.788797,0.7225
16.789510,0.7109
16.790448,0.9361
16.791175,0.7248
16.791905,0.7299
16.792849,0.9294
16.793569,0.7185
16.794309,0.7380
16.795048,0.7383
16.795822,0.7715
16.796731,0.9074
16.797475,0.7421
16.798207,0.7295
16.798942,0.7346
16.799689,0.7445
16.800420,0.7288
16.801152,0.7308
16.801967,0.8140
16.802700,0.7303
16.803435,0.7334
16.804166,0.7296
16.804894,0.7269
16.805648,0.7516
16.806430,0.7798
16.807278,0.8467
16.808165,0.8863
16.808883,0.7157
16.809624,0.7390
16.810375,0.7490
16.811069,0.6934
16.811946,0.8749
16.812683,0.7346
16.813418,0.7335
16.814196,0.7757
16.814927,0.7296
16.815666,0.7371
16.816393,0.7253
16.817259,0.8639
16.817997,0.7373
16.818727,0.7270
16.819675,0.9465
16.820413,0.7363
16.821158,0.7428
16.822013,0.8540
16.822736,0.7210
16.823483,0.7445
16.824266,0.7811
16.825001,0.7346
16.825746,0.7435
16.826445,0.6971
16.827196,0.7490
16.827935,0.7372
16.828663,0.7263
16.829422,0.7574
16.830170,0.7462
16.830913,0.7418
16.831758,0.8429
16.832475,0.7152
16.833210,0.7334
16.833937,0.7260
16.834706,0.7670
16.835663,0.9427
16.836407,0.7420
16.837228,0.8194
16.837962,0.7326
16.838743,0.7790
16.839481,0.7361
16.840219,0.7365
16.841136,0.9157
16.841849,0.7115
16.842576,0.7251
16.843308,0.7295
16.844024,0.7148
16.844772,0.7460
16.845501,0.7273
16.846249,0.7464
16.847305,1.0548
16.848030,0.7232
16.848777,0.7452
16.849529,0.7503
16.850289,0.7573
16.851017,0.7280
16.851862,0.8426
16.852551,0.6869
16.853283,0.7295
16.854208,0.9245
16.855009,0.7983
16.855740,0.7284
16.856455,0.7123
16.857188,0.7315
16.857896,0.7074
16.858825,0.9268
16.859559,0.7325
16.860312,0.7507
16.861052,0.7386
16.861853,0.7992
16.862600,0.7452
16.863339,0.7370
16.864090,0.7497
16.864838,0.7460
16.865570,0.7307
16.866281,0.7083
16.867023,0.7419
16.868024,0.9865
16.868770,0.7435
16.869506,0.7346
16.870449,0.9412
16.871156,0.7047
16.871887,0.7299
16.872622,0.7332
16.873342,0.7177
16.874104,0.7619
16.875114,0.9957
16.875855,0.7385
16.876609,0.7525
16.877444,0.8331
16.878178,0.7314
16.878920,0.7418
16.879657,0.7346
16.880412,0.7528
16.881162,0.7483
16.881964,0.8009
16.882684,0.7184
16.883407,0.7211
16.884130,0.7204
16.884888,0.7578
16.885633,0.7430
16.886378,0.7427
16.887229,0.8501
16.887951,0.7208
16.888621,0.6673
16.889378,0.7552
16.890110,0.7315
16.890852,0.7398
16.891801,0.9469
16.892521,0.7182
16.893270,0.7473
16.894004,0.7328
16.894680,0.6740
16.895427,0.7453
16.896160,0.7305
16.897015,0.8541
16.897948,0.9313
16.898667,0.7169
16.899410,0.7411
16.900144,0.7315
16.900882,0.7375
16.901602,0.7181
16.902320,0.7162
16.903065,0.7435
16.903803,0.7363
16.904548,0.7432
16.905283,0.7326
16.906017,0.7340
16.906847,0.8274
16.907583,0.7342
16.908320,0.7354
16.909075,0.7534
16.909877,0.8006
16.910624,0.7445
16.911334,0.7083
16.912011,0.6760
16.912755,0.7421
16.913491,0.7340
16.914238,0.7453
16.914974,0.7346
16.915704,0.7281
16.916572,0.8657
16.917318,0.7442
16.918056,0.7369
16.918741,0.6838
16.919480,0.7364
16.920416,0.9347
16.921273,0.8544
16.921949,0.6755
16.922683,0.7323
16.923413,0.7281
16.924182,0.7670
16.924926,0.7424
16.925642,0.7142
16.926349,0.7058
16.927017,0.6663
16.927754,0.7358
16.928483,0.7269
16.929229,0.7439
16.929988,0.7580
16.930742,0.7524
16.931600,0.8556
16.932329,0.7268
16.933006,0.6770
16.933752,0.7438
16.934503,0.7487
16.935273,0.7684
16.936125,0.8512
16.936854,0.7268
16.937581,0.7249
16.938353,0.7704
16.939240,0.8863
16.939967,0.7251
16.940718,0.7490
16.941583,0.8629
16.942269,0.6838
16.943005,0.7359
16.943733,0.7260
16.944458,0.7224
16.945160,0.7004
16.945842,0.6807
16.946687,0.8435
16.947624,0.9343
16.948339,0.7136
16.949082,0.7425
16.949818,0.7337
16.950548,0.7276
16.951396,0.8465
16.952410,1.0118
16.953175,0.7629
16.954124,0.9412
16.954857,0.7312
16.955606,0.7447
16.956347,0.7394
16.957099,0.7513
16.957848,0.7468
16.958577,0.7274
16.959300,0.7212
16.959977,0.6755
16.960720,0.7408
16.961466,0.7443
16.962304,0.8359
16.963048,0.7432
16.963788,0.7379
16.964526,0.7356
16.965272,0.7446
16.965951,0.6780
16.966818,0.8649
16.967547,0.7271
16.968270,0.7210
16.969014,0.7437
16.969763,0.7466
16.970702,0.9376
16.971408,0.7040
16.972131,0.7205
16.972851,0.7196
16.973579,0.7255
16.974324,0.7431
16.975061,0.7361
16.975799,0.7358
16.976666,0.8653
16.977400,0.7319
16.978141,0.7396
16.978868,0.7255
16.979613,0.7429
16.980363,0.7482
16.981089,0.7245
16.981830,0.7396
16.982561,0.7285
16.983291,0.7279
16.984047,0.7556
16.984797,0.7475
16.985546,0.7476
16.986402,0.8534
16.987132,0.7288
16.987871,0.7374
16.988627,0.7544
16.989378,0.7496
16.990120,0.7406
16.990854,0.7321
16.991710,0.8542
16.992451,0.7388
16.993167,0.7144
16.993902,0.7335
16.994628,0.7238
16.995396,0.7659
16.996132,0.7344
16.996963,0.8305
16.997902,0.9365
16.998617,0.7131
16.999364,0.7457
17.000115,0.7496
17.000792,0.6753
17.001655,0.8607
17.002395,0.7380
17.003142,0.7449
17.003898,0.7550
17.004625,0.7251
17.005374,0.7466
17.006264,0.8892
17.006993,0.7273
17.007741,0.7459
17.008473,0.7304
17.009423,0.9476
17.010138,0.7136
17.010866,0.7269
17.011601,0.7325
17.012320,0.7172
17.013065,0.7446
17.013822,0.7547
17.014503,0.6790
17.015201,0.6961
17.016119,0.9174
17.016857,0.7352
17.017603,0.7449
17.018350,0.7442
17.019109,0.7585
17.019971,0.8605
17.021011,1.0372
17.021740,0.7274
17.022480,0.7381
17.023209,0.7268
17.023963,0.7530
17.024713,0.7487
17.025450,0.7347
17.026299,0.8477
17.027076,0.7755
17.027796,0.7179
17.028535,0.7372
17.029269,0.7318
17.030017,0.7474
17.031077,1.0584
17.031794,0.7154
17.032522,0.7253
17.033242,0.7180
17.033971,0.7288
17.034716,0.7427
17.035456,0.7377
17.036319,0.8617
17.037054,0.7337
17.037781,0.7248
17.038522,0.7395
17.039283,0.7593
17.040039,0.7553
17.040790,0.7487
17.041629,0.8372
17.042372,0.7407
17.043112,0.7397
17.043797,0.6828
17.044556,0.7567
17.045278,0.7202
17.046138,0.8594
17.046873,0.7331
17.047596,0.7214
17.048580,0.9819
17.049309,0.7267
17.050050,0.7400
17.050767,0.7147
17.051487,0.7184
17.052230,0.7411
17.052997,0.7664
17.053753,0.7539
17.054500,0.7450
17.055232,0.7302
17.056012,0.7785
17.056738,0.7247
17.057477,0.7372
17.058173,0.6938
17.058926,0.7517
17.059958,1.0299
17.060798,0.8381
17.061511,0.7118
17.062241,0.7275
17.062969,0.7275
17.063719,0.7477
17.064471,0.7505
17.065181,0.7076
17.065920,0.7384
17.066640,0.7180
17.067388,0.7455
17.068121,0.7317
17.068804,0.6818
17.069768,0.9625
17.070559,0.7889
17.071494,0.9333
17.072210,0.7131
17.072955,0.7449
17.073692,0.7345
17.074425,0.7309
17.075289,0.8617
17.075976,0.6861
17.076714,0.7370
17.077666,0.9498
17.078373,0.7049
17.079174,0.7998
17.080023,0.8474
17.080758,0.7335
17.081697,0.9364
17.082434,0.7350
17.083176,0.7404
17.083920,0.7432
17.084623,0.7012
17.085362,0.7371
17.086095,0.7314
17.086831,0.7346
17.087590,0.7565
17.088353,0.7616
17.089121,0.7593
17.089960,0.8369
17.090692,0.7308
17.091436,0.7418
17.092175,0.7373
17.092935,0.7583
17.093692,0.7554
17.094457,0.7630
17.095228,0.7694
17.095945,0.7160
17.096629,0.6813
17.097372,0.7409
17.098114,0.7412
17.099087,0.9714
17.100040,0.9505
17.100815,0.7727
17.101557,0.7398
17.102277,0.7183
17.103021,0.7435
17.103779,0.7554
17.104795,1.0147
17.105524,0.7264
17.106270,0.7443
17.106943,0.6724
17.107676,0.7313
17.108431,0.7525
17.109170,0.7373
17.110057,0.8861
17.110995,0.9354
17.111724,0.7270
17.112466,0.7405
17.113220,0.7525
17.114163,0.9416
17.115207,1.0421
17.116084,0.8752
17.116962,0.8755
17.117928,0.9641
17.118874,0.9436
17.119805,0.9286
17.120704,0.8967
17.121520,0.8146
17.122545,1.0228
17.123351,0.8043
17.124568,1.2156
17.125565,0.9947
17.126510,0.9430
17.127486,0.9741
17.128484,0.9965
17.129509,1.0225
17.130522,1.0111
17.131502,0.9783
17.132346,0.8426
17.133396,1.0491
17.134339,0.9406
17.135303,0.9634
17.136290,0.9832
17.137383,1.0918
17.138334,0.9462
17.139299,0.9643
17.140209,0.9076
17.141131,0.9201
17.142077,0.9437
17.142856,0.7773
17.143770,0.9117
17.144682,0.9099
17.145719,1.0354
17.146613,0.8902
17.147538,0.9225
17.148476,0.9357
17.149403,0.9253
17.150293,0.8874
17.151099,0.8052
17.152110,1.0086
17.153044,0.9322
17.153976,0.9298
17.154785,0.8069
17.155724,0.9374
17.156648,0.9217
17.157592,0.9419
17.158799,1.2052
17.159534,0.7322
17.160448,0.9126
17.161371,0.9206
17.162297,0.9247
17.163226,0.9276
17.164143,0.9153
17.165093,0.9475
17.166016,0.9208
17.166941,0.9233
17.167773,0.8294
17.168669,0.8936
17.169562,0.8911
17.170238,0.6737
17.171029,0.7910
17.172164,1.1324
17.173076,0.9099
17.174028,0.9499
17.174913,0.8831
17.175972,1.0571
17.176826,0.8514
17.177755,0.9274
17.178950,1.1800
17.179847,0.8948
17.180594,0.7446
17.181273,0.6775
17.182062,0.7874
17.182995,0.9314
17.183944,0.9466
17.184849,0.9029
17.185832,0.9811
17.186739,0.9048
17.187668,0.9270
17.188578,0.9080
17.189507,0.9267
17.190395,0.8866
17.191341,0.9436
17.192089,0.7471
17.192912,0.8206
17.193838,0.9240
17.194789,0.9488
17.195653,0.8626
17.196808,1.1398
17.197937,1.1274
17.198860,0.9205
17.199658,0.7957
17.200560,0.9004
17.201483,0.9204
17.202431,0.9462
17.203113,0.6798
17.203901,0.7874
17.205096,1.1929
17.206011,0.9126
17.206927,0.9143
17.207854,0.9249
17.208663,0.8062
17.209598,0.9338
17.210628,1.0278
17.211588,0.9575
17.212528,0.9377
17.213466,0.9365
17.214143,0.6743
17.214925,0.7818
17.215775,0.8476
17.216781,1.0043
17.217638,0.8547
17.218754,1.1141
17.219715,0.9589
17.220654,0.9362
17.221569,0.9128
17.222609,1.0386
17.223541,0.9297
17.224469,0.9253
17.225172,0.7008
17.225856,0.6829
17.226596,0.7380
17.227516,0.9177
17.228497,0.9790
17.229418,0.9195
17.230321,0.9005
17.231214,0.8922
17.232210,0.9937
17.233123,0.9114
17.234166,1.0406
17.235096,0.9285
17.236109,0.9977
17.237001,0.8905
17.237829,0.8254
17.238781,0.9501
17.239632,0.8492
17.240665,1.0308
17.241599,0.9315
17.242540,0.9392
17.243473,0.9310
17.244413,0.9381
17.245300,0.8843
17.246308,1.0078
17.247214,0.9035
17.248028,0.8120
17.248824,0.7943
17.249637,0.8101
17.250587,0.9483
17.251376,0.7870
17.252301,0.9243
17.253235,0.9312
17.254023,0.7860
17.254961,0.9363
17.255838,0.8749
17.256767,0.9270
17.257958,1.1893
17.258685,0.7241
17.259360,0.6733
17.260306,0.9452
17.261339,1.0189
17.262266,0.9241
17.263063,0.7952
17.264023,0.9580
17.265079,1.0538
17.265867,0.7859
17.266637,0.7685
17.267546,0.9066
17.268297,0.7490
17.269079,0.7806
17.269818,0.7374
17.270623,0.8025
17.271549,0.9241
17.272482,0.9307
17.273398,0.9136
17.274223,0.8237
17.275026,0.8022
17.275936,0.9077
17.276868,0.9303
17.277754,0.8831
17.278516,0.7607
17.279492,0.9734
17.280343,0.8495
17.281139,0.7947
17.281935,0.7939
17.282857,0.9197
17.283816,0.9574
17.284717,0.8989
17.285634,0.9146
17.286630,0.9944
17.287572,0.9397
17.288507,0.9329
17.289362,0.8524
17.290294,0.9310
17.291427,1.1309
17.292228,0.7992
17.293009,0.7805
17.293915,0.9040
17.294785,0.8675
17.295660,0.8732
17.296580,0.9177
17.297512,0.9295
17.298560,1.0460
17.299488,0.9261
17.300433,0.9435
17.301350,0.9148
17.302238,0.8867
17.302943,0.7037
17.303716,0.7709
17.304640,0.9220
17.305593,0.9506
17.306545,0.9504
17.307405,0.8572
17.308322,0.9155
17.309282,0.9595
17.310350,1.0652
17.311210,0.8578
17.312003,0.7914
17.312940,0.9346
17.313834,0.8920
17.314579,0.7433
17.315442,0.8610
17.316635,1.1907
17.317539,0.9023
17.318472,0.9300
17.319377,0.9032
17.320248,0.8707
17.321070,0.8200
17.321973,0.8992
17.322875,0.8996
17.323939,1.0622
17.324799,0.8572
17.325551,0.7495
17.326480,0.9273
17.327535,1.0529
17.328420,0.8830
17.329330,0.9076
17.330290,0.9591
17.331182,0.8905
17.332015,0.8313
17.332923,0.9060
17.333954,1.0288
17.334900,0.9432
17.335742,0.8401
17.336510,0.7664
17.337424,0.9114
17.338341,0.9151
17.339275,0.9332
17.340154,0.8764
17.341080,0.9244
17.342009,0.9271
17.342925,0.9139
17.343784,0.8569
17.344700,0.9139
17.345646,0.9442
17.346485,0.8362
17.347157,0.6703
17.347954,0.7955
17.348855,0.8995
17.349787,0.9296
17.350919,1.1305
17.351851,0.9299
17.352779,0.9254
17.353647,0.8661
17.354580,0.9311
17.355530,0.9478
17.356498,0.9660
17.357553,1.0535
17.358233,0.6773
17.359000,0.7667
17.359864,0.8612
17.360791,0.9250
17.361754,0.9611
17.362700,0.9440
17.363661,0.9587
17.364595,0.9299
17.365529,0.9321
17.366393,0.8626
17.367319,0.9235
17.368232,0.9126
17.368910,0.6750
17.369663,0.7513
17.370595,0.9292
17.371629,1.0191
17.372567,0.9362
17.373334,0.7652
17.374013,0.6784
17.374833,0.8178
17.375806,0.9704
17.376821,1.0132
17.377809,0.9858
17.378593,0.7822
17.379577,0.9817
17.380568,0.9891
17.381573,1.0031
17.382562,0.9866
17.383569,1.0049
17.384560,0.9892
17.385318,0.7565
17.386175,0.8560
17.387160,0.9832
17.388027,0.8648
17.388887,0.8573
17.389939,1.0504
17.390853,0.9121
17.391677,0.8214
17.392565,0.8862
17.393526,0.9598
17.394279,0.7505
17.395282,1.0018
17.396243,0.9592
17.397156,0.9107
17.397945,0.7875
17.398806,0.8590
17.399660,0.8520
17.400606,0.9435
17.401505,0.8966
17.402256,0.7499
17.403011,0.7537
17.403872,0.8594
17.404976,1.1016
17.405842,0.8643
17.406806,0.9619
17.407636,0.8281
17.408375,0.7368
17.409334,0.9576
17.410498,1.1624
17.411378,0.8776
17.412119,0.7403
17.412976,0.8543
17.413913,0.9360
17.414782,0.8660
17.415765,0.9807
17.416860,1.0929
17.417776,0.9141
17.418559,0.7815
17.419552,0.9910
17.420469,0.9150
17.421407,0.9354
17.422699,1.2898
17.423490,0.7892
17.424478,0.9867
17.425225,0.7452
17.426077,0.8506
17.427009,0.9300
17.427872,0.8607
17.428931,1.0570
17.429869,0.9356
17.430832,0.9614
17.431840,1.0056
17.432699,0.8575
17.433534,0.8328
17.434500,0.9638
17.435496,0.9942
17.436534,1.0356
17.437532,0.9963
17.438287,0.7536
17.439063,0.7746
17.439914,0.8488
17.441026,1.1100
17.442008,0.9801
17.443015,1.0053
17.444134,1.1170
17.445139,1.0029
17.446144,1.0023
17.447130,0.9837
17.447978,0.8466
17.448891,0.9106
17.449871,0.9781
17.450890,1.0168
17.451851,0.9588
17.452764,0.9109
17.453742,0.9754
17.454767,1.0237
17.455779,1.0098
17.456651,0.8698
17.457526,0.8730
17.458321,0.7930
17.459265,0.9431
17.460285,1.0181
17.461261,0.9737
17.462218,0.9556
17.463226,1.0055
17.464079,0.8512
17.465085,1.0040
17.466163,1.0757
17.467132,0.9674
17.468068,0.9336
17.468959,0.8890
17.469837,0.8758
17.470819,0.9801
17.471783,0.9620
17.472955,1.1692
17.473925,0.9688
17.474928,1.0007
17.475894,0.9636
17.476810,0.9139
17.477775,0.9628
17.478780,1.0030
17.479617,0.8346
17.480298,0.6793
17.481081,0.7822
17.481895,0.8116
17.482816,0.9196
17.483764,0.9453
17.485037,1.2711
17.485890,0.8510
17.486825,0.9328
17.487750,0.9233
17.488671,0.9186
17.489637,0.9642
17.490650,1.0106
17.491341,0.6886
17.492299,0.9578
17.493221,0.9199
17.494111,0.8874
17.494900,0.7869
17.495940,1.0385
17.496851,0.9087
17.497766,0.9129
17.498643,0.8751
17.499480,0.8344
17.500407,0.9251
17.501354,0.9448
17.502190,0.8349
17.502988,0.7957
17.503911,0.9209
17.504833,0.9208
17.505961,1.1254
17.506807,0.8441
17.507729,0.9196
17.508630,0.8998
17.509550,0.9170
17.510398,0.8451
17.511335,0.9354
17.512484,1.1481
17.513171,0.6845
17.514065,0.8934
17.514991,0.9239
17.515780,0.7870
17.516729,0.9464
17.517591,0.8604
17.518509,0.9156
17.519365,0.8543
17.520418,1.0517
17.521345,0.9254
17.522248,0.9020
17.523182,0.9320
17.523886,0.7023
17.524623,0.7343
17.525532,0.9072
17.526436,0.9018
17.527374,0.9356
17.528278,0.9034
17.529107,0.8267
17.529900,0.7906
17.530810,0.9074
17.531878,1.0662
17.533000,1.1202
17.533825,0.8221
17.534693,0.8660
17.535387,0.6918
17.536316,0.9268
17.537369,1.0528
17.538260,0.8884
17.539061,0.7995
17.539962,0.8984
17.540896,0.9317
17.541794,0.8965
17.542539,0.7425
17.543568,1.0276
17.544637,1.0671
17.545532,0.8923
17.546457,0.9232
17.547306,0.8473
17.548178,0.8707
17.549228,1.0482
17.550161,0.9307
17.551104,0.9412
17.552023,0.9163
17.552942,0.9170
17.553791,0.8469
17.554680,0.8877
17.555625,0.9421
17.556546,0.9192
17.557239,0.6908
17.558047,0.8070
17.558845,0.7966
17.559690,0.8428
17.560550,0.8582
17.561462,0.9100
17.562346,0.8817
17.563276,0.9295
17.564196,0.9173
17.565342,1.1442
17.566181,0.8372
17.566979,0.7957
17.567817,0.8363
17.568575,0.7561
17.569731,1.1531
17.570649,0.9163
17.571882,1.2313
17.572790,0.9053
17.573688,0.8967
17.574606,0.9156
17.575528,0.9194
17.576472,0.9423
17.577394,0.9198
17.578412,1.0155
17.579357,0.9430
17.580207,0.8496
17.581019,0.8100
17.581921,0.8996
17.582881,0.9586
17.583936,1.0531
17.584784,0.8454
17.585712,0.9234
17.586615,0.9013
17.587527,0.9093
17.588481,0.9523
17.589393,0.9098
17.590438,1.0430
17.591362,0.9225
17.592224,0.8604
17.593217,0.9905
17.594144,0.9251
17.595087,0.9414
17.596102,1.0131
17.596878,0.7739
17.597798,0.9180
17.598712,0.9118
17.599674,0.9595
17.600549,0.8734
17.601239,0.6878
17.602153,0.9128
17.603068,0.9137
17.603983,0.9124
17.605127,1.1421
17.605931,0.8012
17.606867,0.9343
17.607879,1.0100
17.608803,0.9215
17.609768,0.9632
17.610671,0.9011
17.611555,0.8819
17.612240,0.6832
17.612996,0.7551
17.613854,0.8553
17.614750,0.8948
17.615724,0.9711
17.616638,0.9126
17.617564,0.9241
17.618503,0.9360
17.619539,1.0340
17.620474,0.9328
17.621392,0.9166
17.622244,0.8497
17.622948,0.7034
17.623676,0.7257
17.624599,0.9215
17.625852,1.2503
17.626631,0.7769
17.627549,0.9161
17.628459,0.9078
17.629339,0.8781
17.630308,0.9679
17.631332,1.0224
17.632512,1.1785
17.633413,0.8983
17.634108,0.6927
17.634892,0.7830
17.635757,0.8635
17.636813,1.0531
17.637660,0.8458
17.638592,0.9299
17.639985,1.3777
17.640793,0.8056
17.641599,0.8036
17.642488,0.8872
17.643334,0.8439
17.644197,0.8620
17.644892,0.6927
17.645629,0.7351
17.646364,0.7327
17.647043,0.6786
17.647909,0.8640
17.648836,0.9249
17.649756,0.9178
17.650898,1.1397
17.651770,0.8699
17.652981,1.2093
17.653792,0.7970
17.654764,0.9692
17.655580,0.8138
17.656266,0.6834
17.656965,0.6986
17.657652,0.6848
17.658548,0.8936
17.659492,0.9429
17.660327,0.8324
17.661252,0.9247
17.662174,0.9199
17.663004,0.8271
17.664245,1.2388
17.665151,0.9042
17.666070,0.9167
17.666742,0.6703
17.667487,0.7430
17.668443,0.9544
17.669364,0.9185
17.670422,1.0576
17.671318,0.8930
17.672195,0.8768
17.672998,0.8009
17.673915,0.9143
17.674887,0.9704
17.675818,0.9283
17.676862,1.0423
17.677773,0.9090
17.678504,0.7290
17.679432,0.9256
17.680346,0.9125
17.681289,0.9422
17.682179,0.8877
17.683082,0.9013
17.683916,0.8317
17.685070,1.1519
17.686099,1.0141
17.686900,0.7996
17.687810,0.9073
17.688719,0.9067
17.689728,0.9949
17.690488,0.7580
17.691582,1.0917
17.692502,0.9179
17.693341,0.8371
17.694284,0.9418
17.695191,0.9050
17.696111,0.9179
17.696898,0.7850
17.697828,0.9276
17.698969,1.1398
17.699815,0.8435
17.700549,0.7324
17.701495,0.9433
17.702372,0.8753
17.703305,0.9319
17.704241,0.9338
17.705148,0.9051
17.706050,0.8996
17.706847,0.7948
17.707764,0.9154
17.708676,0.9097
17.709601,0.9228
17.710532,0.9295
17.711327,0.7924
17.712349,1.0216
17.713228,0.8765
17.714024,0.7935
17.714816,0.7898
17.715765,0.9468
17.716642,0.8756
17.717317,0.6726
17.718054,0.7356
17.718966,0.9098
17.719819,0.8516
17.720621,0.8002
17.721471,0.8474
17.722273,0.8002
17.723262,0.9877
17.724054,0.7896
17.724847,0.7918
17.725629,0.7800
17.726506,0.8745
17.727327,0.8193
17.728043,0.7144
17.728840,0.7956
17.729756,0.9140
17.730676,0.9174
17.731575,0.8973
17.732510,0.9330
17.733313,0.8000
17.734003,0.6891
17.734787,0.7818
17.735765,0.9759
17.736687,0.9200
17.737613,0.9239
17.738614,0.9986
17.739428,0.8117
17.740374,0.9436
17.741316,0.9417
17.742210,0.8917
17.742991,0.7786
17.743902,0.9096
17.744905,1.0003
17.745643,0.7362
17.746545,0.9001
17.747485,0.9370
17.748400,0.9136
17.749372,0.9702
17.750320,0.9399
17.751315,0.9923
17.752151,0.8344
17.752943,0.7893
17.753877,0.9318
17.754773,0.8948
17.755668,0.8928
17.756731,1.0603
17.757611,0.8782
17.758547,0.9339
17.759417,0.8677
17.760387,0.9685
17.761283,0.8941
17.762078,0.7944
17.763126,1.0452
17.764034,0.9058
17.764958,0.9226
17.765900,0.9393
17.766706,0.8038
17.767488,0.7805
17.768558,1.0675
17.769473,0.9128
17.770568,1.0931
17.771485,0.9149
17.772418,0.9311
17.773342,0.9221
17.774282,0.9393
17.775215,0.9305
17.776004,0.7878
17.776917,0.9110
17.777773,0.8538
17.778527,0.7519
17.779483,0.9537
17.780504,1.0193
17.781415,0.9087
17.782545,1.1278
17.783454,0.9064
17.784330,0.8749
17.785165,0.8334
17.786214,1.0472
17.787144,0.9283
17.788059,0.9129
17.788809,0.7481
17.789765,0.9540
17.790683,0.9158
17.791729,1.0436
17.792639,0.9081
17.793573,0.9318
17.794477,0.9025
17.795415,0.9357
17.796361,0.9432
17.797246,0.8770
17.798036,0.7887
17.798952,0.9140
17.799801,0.8467
17.800592,0.7884
17.801532,0.9379
17.802341,0.8057
17.803262,0.9199
17.804288,1.0238
17.805230,0.9398
17.806034,0.8017
17.806830,0.7938
17.807780,0.9480
17.808699,0.9171
17.809750,1.0486
17.810645,0.8934
17.811334,0.6866
17.812178,0.8430
17.813093,0.9132
17.814048,0.9528
17.815227,1.1645
17.816266,1.0363
17.817412,1.1448
17.818275,0.8604
17.819076,0.8006
17.819879,0.8005
17.820712,0.8313
17.821723,1.0086
17.822520,0.7947
17.823518,0.9965
17.824446,0.9259
17.825363,0.9149
17.826287,0.9230
17.827191,0.9020
17.828104,0.9106
17.829041,0.9350
17.829958,0.9150
17.830902,0.9423
17.831811,0.9068
17.832699,0.8855
17.833361,0.6600
17.834228,0.8666
17.835034,0.8041
17.835940,0.9038
17.836873,0.9306
17.837668,0.7932
17.838586,0.9162
17.839645,1.0569
17.840553,0.9059
17.841474,0.9186
17.842621,1.1447
17.843560,0.9372
17.844475,0.9130
17.845331,0.8542
17.846230,0.8977
17.847308,1.0639
17.848147,0.8373
17.848949,0.8000
17.850085,1.1341
17.850858,0.7706
17.851760,0.8999
17.852666,0.9045
17.853633,0.9644
17.854488,0.8536
17.855184,0.6936
17.856002,0.8172
17.856932,0.9278
17.857787,0.8526
17.858642,0.8536
17.859569,0.9246
17.860511,0.9401
17.861292,0.7782
17.861940,0.6472
17.862846,0.9042
17.863762,0.9138
17.864517,0.7532
17.865414,0.8950
17.866391,0.9741
17.867285,0.8930
17.868145,0.8590
17.868957,0.8092
17.869861,0.9023
17.870767,0.9043
17.871624,0.8547
17.872530,0.9035
17.873237,0.7052
17.874129,0.8912
17.875057,0.9267
17.876188,1.1286
17.877111,0.9206
17.877930,0.8171
17.878823,0.8915
17.879751,0.9251
17.880603,0.8504
17.881461,0.8557
17.882365,0.9023
17.883045,0.6793
17.883814,0.7665
17.884719,0.9024
17.885748,1.0280
17.886690,0.9390
17.887755,1.0631
17.888513,0.7558
17.889428,0.9133
17.890335,0.9047
17.891395,1.0589
17.892067,0.6695
17.892857,0.7895
17.893665,0.8062
17.894525,0.8581
17.895312,0.7848
17.896215,0.9021
17.897237,1.0200
17.898153,0.9137
17.898837,0.6816
17.899598,0.7596
17.900724,1.1231
17.901614,0.8884
17.902669,1.0526
17.903579,0.9088
17.904494,0.9128
17.905421,0.9242
17.906323,0.9003
17.907185,0.8609
17.908304,1.1167
17.909210,0.9039
17.910034,0.8216
17.910817,0.7815
17.911758,0.9383
17.912624,0.8641
17.913547,0.9212
17.914592,1.0427
17.915496,0.9022
17.916359,0.8610
17.917294,0.9335
17.918206,0.9103
17.919144,0.9359
17.920007,0.8605
17.920704,0.6949
17.921376,0.6698
17.922287,0.9096
17.923235,0.9459
17.924140,0.9036
17.924994,0.8511
17.926065,1.0693
17.926970,0.9032
17.927895,0.9222
17.928752,0.8553
17.929670,0.9161
17.930602,0.9300
17.931508,0.9038
17.932560,1.0501
17.933452,0.8895
17.934335,0.8807
17.935513,1.1768
17.936425,0.9103
17.937319,0.8919
17.938217,0.8967
17.938989,0.7701
17.939943,0.9525
17.940866,0.9209
17.941767,0.8984
17.942647,0.8778
17.943328,0.6791
17.944318,0.9892
17.945183,0.8625
17.945981,0.7960
17.947113,1.1298
17.947900,0.7855
17.948789,0.8871
17.949644,0.8528
17.950568,0.9220
17.951477,0.9068
17.952411,0.9315
17.953296,0.8828
17.953990,0.6929
17.954896,0.9046
17.955759,0.8603
17.956642,0.8815
17.957570,0.9263
17.958484,0.9113
17.959243,0.7572
17.960304,1.0604
17.961314,1.0072
17.962233,0.9172
17.963147,0.9118
17.964081,0.9326
17.964782,0.6990
17.965515,0.7306
17.966419,0.9016
17.967572,1.1510
17.968498,0.9238
17.969383,0.8831
17.970294,0.9072
17.971242,0.9463
17.972108,0.8639
17.973032,0.9220
17.974048,1.0132
17.974964,0.9142
17.975839,0.8736
17.976570,0.7282
17.977513,0.9412
17.978536,1.0207
17.979435,0.8971
17.980285,0.8478
17.981176,0.8902
17.982092,0.9138
17.982897,0.8027
17.983790,0.8907
17.984842,1.0499
17.985772,0.9285
17.986577,0.8034
17.987268,0.6888
17.988039,0.7696
17.988974,0.9333
17.989964,0.9884
17.990752,0.7854
17.991685,0.9309
17.992582,0.8953
17.993501,0.9171
17.994647,1.1433
17.995694,1.0449
17.996598,0.9022
17.997510,0.9097
17.998182,0.6700
17.998994,0.8112
17.999883,0.8865
18.000797,0.9119
18.001637,0.8378
18.002529,0.8900
18.003459,0.9277
18.004366,0.9047
18.005277,0.9107
18.006276,0.9973
18.007007,0.7290
18.007792,0.7823
18.008647,0.8531
18.009320,0.6709
18.010174,0.8536
18.011106,0.9299
18.012059,0.9507
18.013099,1.0379
18.013998,0.8967
18.014891,0.8916
18.015749,0.8554
18.016682,0.9305
18.017533,0.8491
18.018479,0.9415
18.019695,1.2141
18.020374,0.6767
18.021305,0.9299
18.022212,0.9060
18.023146,0.9320
18.024094,0.9459
18.024859,0.7619
18.025790,0.9298
18.026902,1.1094
18.027829,0.9247
18.028628,0.7971
18.029510,0.8805
18.030427,0.9149
18.031317,0.8872
18.032224,0.9060
18.033515,1.2774
18.034436,0.9184
18.035371,0.9328
18.036195,0.8234
18.037001,0.8035
18.037965,0.9626
18.038873,0.9061
18.039945,1.0693
18.040786,0.8396
18.041646,0.8571
18.042516,0.8689
18.043446,0.9273
18.044337,0.8894
18.045318,0.9798
18.046241,0.9206
18.047168,0.9251
18.048068,0.8987
18.048960,0.8897
18.049913,0.9505
18.050802,0.8873
18.051736,0.9320
18.052579,0.8410
18.053276,0.6948
18.054404,1.1271
18.055360,0.9536
18.056276,0.9148
18.057200,0.9217
18.058040,0.8383
18.058995,0.9522
18.059933,0.9362
18.060772,0.8367
18.061635,0.8610
18.062544,0.9072
18.063486,0.9399
18.064411,0.9230
18.065097,0.6846
18.066072,0.9734
18.066852,0.7782
18.067752,0.8986
18.068660,0.9065
18.069582,0.9198
18.070524,0.9394
18.071430,0.9042
18.072367,0.9351
18.073276,0.9077
18.074201,0.9235
18.075000,0.7966
18.075859,0.8572
18.076616,0.7550
18.077650,1.0321
18.078566,0.9136
18.079499,0.9305
18.080326,0.8252
18.081271,0.9445
18.082189,0.9154
18.083097,0.9058
18.084016,0.9173
18.084939,0.9208
18.085873,0.9320
18.086940,1.0647
18.087766,0.8241
18.088666,0.8979
18.089626,0.9577
18.090608,0.9801
18.091527,0.9171
18.092445,0.9165
18.093580,1.1320
18.094514,0.9323
18.095572,1.0554
18.096455,0.8811
18.097309,0.8518
18.098008,0.6983
18.098798,0.7887
18.099747,0.9471
18.100639,0.8900
18.101494,0.8529
18.102421,0.9249
18.103293,0.8702
18.104092,0.7979
18.105227,1.1202
18.106143,0.9149
18.107080,0.9347
18.108050,0.9677
18.108892,0.8399
18.109647,0.7531
18.110566,0.9169
18.111484,0.9167
18.112369,0.8823
18.113258,0.8883
18.114424,1.1639
18.115330,0.9043
18.116241,0.9101
18.117052,0.8090
18.118011,0.9571
18.118962,0.9358
18.119823,0.8590
18.120562,0.7375
18.121480,0.9154
18.122358,0.8764
18.123334,0.9746
18.124236,0.9002
18.125134,0.8963
18.126135,0.9992
18.127082,0.9450
18.128000,0.9160
18.128900,0.8978
18.129995,1.0799
18.130856,0.8590
18.131600,0.7422
18.132573,0.9708
18.133437,0.8621
18.134311,0.8723
18.135162,0.8497
18.135944,0.7800
18.136990,1.0441
18.137910,0.9184
18.138867,0.9553
18.139804,0.9348
18.140678,0.8720
18.141508,0.8281
18.142362,0.8521
18.143345,0.9813
18.144236,0.8890
18.145018,0.7803
18.145812,0.7924
18.146652,0.8385
18.147428,0.7735
18.148085,0.6547
18.148815,0.7293
18.149726,0.9086
18.150857,1.1289
18.151772,0.9134
18.152896,1.1224
18.153997,1.0991
18.154910,0.9108
18.155749,0.8367
18.156659,0.9077
18.157623,0.9624
18.158534,0.9086
18.159485,0.9495
18.160727,1.2404
18.161569,0.8397
18.162521,0.9504
18.163381,0.8576
18.164073,0.6910
18.164882,0.8072
18.165924,1.0394
18.166841,0.9155
18.167747,0.9038
18.168594,0.8447
18.169550,0.9541
18.170455,0.9038
18.171371,0.9140
18.172240,0.8675
18.173027,0.7859
18.174167,1.1374
18.174977,0.8086
18.175813,0.8336
18.176706,0.8913
18.177707,0.9984
18.178665,0.9560
18.179573,0.9056
18.180532,0.9573
18.181359,0.8248
18.182313,0.9537
18.183192,0.8772
18.184133,0.9381
18.185045,0.9101
18.185934,0.8877
18.186675,0.7390
18.187600,0.9230
18.188512,0.9096
18.189566,1.0521
18.190511,0.9432
18.191430,0.9167
18.192354,0.9216
18.193257,0.9028
18.194206,0.9461
18.194944,0.7370
18.195859,0.9131
18.196770,0.9082
18.197497,0.7249
18.198424,0.9255
18.199299,0.8731
18.200102,0.8020
18.201160,1.0552
18.202056,0.8943
18.202966,0.9077
18.203771,0.8029
18.204687,0.9142
18.205665,0.9761
18.206564,0.8974
18.207576,1.0102
18.208276,0.6979
18.209054,0.7769
18.209984,0.9280
18.210918,0.9316
18.211828,0.9084
18.212999,1.1687
18.213960,0.9594
18.214911,0.9490
18.215820,0.9073
18.216759,0.9369
18.217698,0.9366
18.218603,0.9032
18.219283,0.6786
18.220270,0.9857
18.221192,0.9203
18.222023,0.8287
18.222934,0.9097
18.223846,0.9099
18.224898,1.0498
18.225754,0.8538
18.226673,0.9172
18.227578,0.9023
18.228498,0.9184
18.229426,0.9260
18.230089,0.6604
18.230873,0.7830
18.231998,1.1235
18.232941,0.9410
18.233850,0.9071
18.234633,0.7814
18.235538,0.9023
18.236422,0.8826
18.237341,0.9148
18.238214,0.8723
18.239004,0.7874
18.239927,0.9209
18.240815,0.8860
18.241538,0.7209
18.242371,0.8316
18.243224,0.8519
18.244030,0.8045
18.245150,1.1178
18.246057,0.9051
18.246927,0.8673
18.247754,0.8251
18.248649,0.8929
18.249585,0.9348
18.250546,0.9591
18.251444,0.8956
18.252137,0.6914
18.252906,0.7674
18.253839,0.9311
18.254770,0.9295
18.255732,0.9603
18.256585,0.8505
18.257505,0.9184
18.258496,0.9886
18.259555,1.0577
18.260482,0.9253
18.261383,0.8990
18.262346,0.9596
18.263111,0.7632
18.263898,0.7844
18.264763,0.8637
18.265810,1.0444
18.266730,0.9176
18.267650,0.9177
18.268550,0.8980
18.269475,0.9235
18.270530,1.0529
18.271434,0.9023
18.272522,1.0855
18.273443,0.9191
18.274368,0.9235
18.275279,0.9102
18.276206,0.9250
18.277098,0.8902
18.278052,0.9519
18.278832,0.7783
18.279958,1.1231
18.280887,0.9275
18.281825,0.9362
18.282637,0.8093
18.283671,1.0321
18.284590,0.9173
18.285510,0.9179
18.286373,0.8606
18.287310,0.9358
18.288256,0.9442
18.289222,0.9644
18.290071,0.8468
18.290860,0.7868
18.291989,1.1273
18.292908,0.9166
18.293823,0.9127
18.294857,1.0196
18.295729,0.8695
18.296488,0.7577
18.297399,0.9090
18.298299,0.8971
18.299099,0.7990
18.300045,0.9437
18.301088,1.0408
18.301927,0.8374
18.302775,0.8463
18.303681,0.9031
18.304615,0.9323
18.305728,1.1115
18.306560,0.8298
18.307254,0.6916
18.308024,0.7692
18.308803,0.7767
18.309749,0.9447
18.310623,0.8724
18.311555,0.9299
18.312404,0.8473
18.313350,0.9443
18.314217,0.8655
18.314993,0.7743
18.315947,0.9523
18.316795,0.8453
18.317677,0.8802
18.318559,0.8806
18.319488,0.9262
18.320324,0.8344
18.321205,0.8804
18.322036,0.8281
18.322842,0.8044
18.323636,0.7921
18.324616,0.9772
18.325531,0.9130
18.326260,0.7273
18.326955,0.6941
18.327682,0.7256
18.328595,0.9111
18.329279,0.6820
18.330055,0.7748
18.330966,0.9086
18.331895,0.9272
18.332748,0.8512
18.333602,0.8527
18.334520,0.9153
18.335588,1.0661
18.336518,0.9279
18.337453,0.9330
18.338583,1.1286
18.339497,0.9117
18.340190,0.6907
18.341001,0.8102
18.341798,0.7954
18.342758,0.9581
18.343668,0.9086
18.344607,0.9367
18.345506,0.8967
18.346452,0.9447
18.347520,1.0660
18.348416,0.8942
18.349300,0.8818
18.350396,1.0944
18.351088,0.6898
18.351852,0.7632
18.352726,0.8726
18.353661,0.9324
18.354543,0.8805
18.355475,0.9302
18.356434,0.9564
18.357337,0.9018
18.358241,0.9025
18.359115,0.8725
18.360028,0.9109
18.360968,0.9385
18.361873,0.9032
18.362617,0.7417
18.363752,1.1334
18.364785,1.0309
18.365714,0.9266
18.366672,0.9446
18.367595,0.9209
18.368536,0.9385
18.369455,0.9157
18.370374,0.9167
18.371519,1.1447
18.372427,0.9052
18.373106,0.6772
18.373880,0.7735
18.374849,0.9666
18.375773,0.9226
18.376816,1.0402
18.377973,1.1548
18.378870,0.8951
18.379799,0.9271
18.380720,0.9190
18.381616,0.8940
18.382611,0.9932
18.383526,0.9127
18.384210,0.6827
18.384999,0.7873
18.385783,0.7824
18.386736,0.9517
18.387644,0.9060
18.388640,0.9941
18.389567,0.9249
18.390493,0.9239
18.391483,0.9880
18.392406,0.9210
18.393314,0.9060
18.394143,0.8279
18.394826,0.6808
18.395559,0.7316
18.396449,0.8881
18.397332,0.8805
18.398246,0.9128
18.399282,1.0215
18.400195,0.9111
18.401121,0.9237
18.401858,0.7352
18.402610,0.7501
18.403514,0.9013
18.404381,0.8655
18.405193,0.8111
18.405880,0.6848
18.406618,0.7360
18.407505,0.8847
18.408379,0.8720
18.409281,0.9012
18.410108,0.8131
18.410998,0.8878
18.411783,0.7825
18.412730,0.9452
18.413607,0.8748
18.414517,0.9085
18.415465,0.9458
18.416260,0.7925
18.416933,0.6727
18.417670,0.7346
18.418572,0.9006
18.419443,0.8688
18.420165,0.7199
18.420949,0.7829
18.422191,1.2408
18.423093,0.8999
18.423970,0.8747
18.424766,0.7944
18.425642,0.8736
18.426583,0.9395
18.427606,1.0214
18.428289,0.6805
18.429180,0.8905
18.429958,0.7759
18.430805,0.8450
18.431742,0.9344
18.432740,0.9966
18.433488,0.7463
18.434358,0.8681
18.435496,1.1371
18.436408,0.9097
18.437167,0.7561
18.437950,0.7821
18.438741,0.7774
18.439491,0.7481
18.440408,0.9149
18.441331,0.9208
18.442192,0.8600
18.442935,0.7409
18.443866,0.9290
18.444780,0.9115
18.445643,0.8613
18.446566,0.9208
18.447260,0.6925
18.448064,0.8034
18.448879,0.8130
18.449698,0.8171
18.450380,0.6777
18.451258,0.8768
18.452062,0.8024
18.452927,0.8627
18.453754,0.8251
18.455012,1.2555
18.455798,0.7841
18.456619,0.8192
18.457307,0.6861
18.458214,0.9066
18.459048,0.8319
18.459850,0.8003
18.460811,0.9587
18.461484,0.6706
18.462154,0.6688
18.462879,0.7241
18.463611,0.7280
18.464544,0.9320
18.465668,1.1213
18.466582,0.9124
18.467335,0.7386
18.468169,0.8333
18.469126,0.9549
18.470016,0.8879
18.470878,0.8599
18.471581,0.7013
18.472256,0.6736
18.473038,0.7805
18.473946,0.9069
18.474866,0.9179
18.475749,0.8809
18.476709,0.9583
18.477499,0.7882
18.478678,1.1762
18.479580,0.9005
18.480453,0.8707
18.481135,0.6805
18.481910,0.7736
18.482911,0.9997
18.483647,0.7340
18.484564,0.9143
18.485529,0.9635
18.486484,0.9536
18.487337,0.8502
18.488259,0.9217
18.489017,0.7558
18.489803,0.7845
18.490706,0.9009
18.491806,1.0979
18.492700,0.8915
18.493630,0.9276
18.494312,0.6801
18.495189,0.8765
18.496175,0.9837
18.497018,0.8404
18.497983,0.9631
18.498884,0.8995
18.499931,1.0446
18.500786,0.8527
18.501706,0.9184
18.502624,0.9158
18.503553,0.9269
18.504417,0.8618
18.505227,0.8085
18.505993,0.7646
18.506909,0.9140
18.507815,0.9047
18.508748,0.9300
18.509628,0.8787
18.510529,0.8989
18.511566,1.0350
18.512724,1.1562
18.513606,0.8795
18.514543,0.9352
18.515439,0.8941
18.516127,0.6863
18.517294,1.1660
18.518015,0.7193
18.518814,0.7968
18.519757,0.9411
18.520547,0.7873
18.521517,0.9688
18.522438,0.9183
18.523498,1.0582
18.524632,1.1318
18.525552,0.9185
18.526479,0.9245
18.527156,0.6749
18.527958,0.8011
18.528897,0.9367
18.529863,0.9641
18.530789,0.9245
18.531738,0.9464
18.532654,0.9141
18.533552,0.8960
18.534483,0.9294
18.535405,0.9204
18.536298,0.8901
18.537223,0.9242
18.538165,0.9406
18.538947,0.7797
18.539872,0.9231
18.540869,0.9949
18.541792,0.9207
18.542743,0.9490
18.543638,0.8937
18.544550,0.9094
18.545689,1.1369
18.546909,1.2067
18.547851,0.9400
18.548695,0.8419
18.549400,0.7026
18.550341,0.9397
18.551214,0.8715
18.552330,1.1140
18.553265,0.9326
18.554194,0.9273
18.555105,0.9089
18.555894,0.7871
18.556822,0.9264
18.557688,0.8634
18.558516,0.8268
18.559393,0.8745
18.560250,0.8557
18.561058,0.8069
18.561990,0.9296
18.562909,0.9172
18.563799,0.8884
18.564657,0.8556
18.565602,0.9434
18.566507,0.9029
18.567448,0.9395
18.568337,0.8866
18.569272,0.9341
18.570357,1.0825
18.571080,0.7210
18.571876,0.7945
18.573036,1.1576
18.573820,0.7822
18.574772,0.9505
18.575667,0.8924
18.576584,0.9154
18.577520,0.9338
18.578356,0.8346
18.579303,0.9457
18.580231,0.9262
18.581080,0.8473
18.581897,0.8149
18.582611,0.7120
18.583544,0.9309
18.584703,1.1570
18.585661,0.9563
18.586605,0.9419
18.587501,0.8934
18.588422,0.9188
18.589336,0.9123
18.590209,0.8719
18.591011,0.8002
18.591959,0.9458
18.592836,0.8745
18.593755,0.9169
18.594616,0.8594
18.595538,0.9202
18.596488,0.9477
18.597422,0.9323
18.598585,1.1615
18.599487,0.8993
18.600411,0.9214
18.601255,0.8426
18.602034,0.7774
18.602976,0.9403
18.603830,0.8526
18.604586,0.7539
18.605503,0.9148
18.606281,0.7763
18.606980,0.6975
18.607762,0.7804
18.608678,0.9142
18.609580,0.8995
18.610513,0.9310
18.611986,1.4594
18.612786,0.7979
18.613730,0.9417
18.614607,0.8752
18.615294,0.6846
18.616096,0.8013
18.617152,1.0537
18.617941,0.7873
18.618867,0.9243
18.619772,0.9024
18.620640,0.8666
18.621567,0.9245
18.622530,0.9618
18.623530,0.9978
18.624328,0.7960
18.625195,0.8660
18.625875,0.6784
18.626599,0.7218
18.627309,0.7081
18.627978,0.6676
18.628662,0.6820
18.629327,0.6635
18.630126,0.7975
18.631272,1.1441
18.632202,0.9278
18.633268,1.0641
18.634179,0.9088
18.634975,0.7947
18.635934,0.9561
18.636805,0.8693
18.637573,0.7664
18.638514,0.9392
18.639300,0.7841
18.640172,0.8707
18.641071,0.8969
18.641988,0.9156
18.643128,1.1379
18.643915,0.7847
18.644815,0.8980
18.645721,0.9039
18.646616,0.8934
18.647496,0.8775
18.648202,0.7044
18.648998,0.7951
18.649915,0.9144
18.650975,1.0584
18.651878,0.9011
18.652658,0.7777
18.653592,0.9317
18.654272,0.6785
18.655056,0.7830
18.655975,0.9168
18.656804,0.8278
18.657668,0.8616
18.658586,0.9141
18.659270,0.6816
18.660093,0.8228
18.661023,0.9280
18.661932,0.9063
18.662758,0.8247
18.663658,0.8982
18.664544,0.8818
18.665516,0.9694
18.666376,0.8585
18.667277,0.9005
18.668340,1.0605
18.669499,1.1449
18.670176,0.6749
18.670976,0.7994
18.671777,0.7988
18.672689,0.9105
18.673753,1.0610
18.674667,0.9126
18.675600,0.9309
18.676474,0.8715
18.677391,0.9153
18.678324,0.9314
18.679206,0.8806
18.679989,0.7814
18.680872,0.8812
18.681608,0.7337
18.682526,0.9166
18.683392,0.8633
18.684264,0.8705
18.685088,0.8227
18.686107,1.0179
18.687043,0.9339
18.687955,0.9096
18.688883,0.9265
18.689804,0.9181
18.690869,1.0515
18.691721,0.8494
18.692484,0.7613
18.693399,0.9126
18.694275,0.8742
18.695073,0.7970
18.695879,0.8046
18.696822,0.9407
18.697705,0.8816
18.698618,0.9086
18.699563,0.9425
18.700481,0.9161
18.701608,1.1242
18.702470,0.8603
18.703136,0.6639
18.703909,0.7722
18.704831,0.9203
18.705762,0.9286
18.706628,0.8640
18.707565,0.9345
18.708479,0.9126
18.709525,1.0433
18.710395,0.8680
18.711310,0.9136
18.712180,0.8688
18.712966,0.7834
18.713669,0.7017
18.714338,0.6667
18.715214,0.8754
18.715978,0.7619
18.716651,0.6710
18.717338,0.6852
18.718025,0.6859
18.718712,0.6853
18.719634,0.9205
18.720538,0.9016
18.721452,0.9117
18.722393,0.9392
18.723292,0.8969
18.724092,0.7986
18.725256,1.1622
18.726196,0.9380
18.727344,1.1467
18.728313,0.9672
18.729296,0.9806
18.730183,0.8849
18.731123,0.9376
18.732031,0.9065
18.732945,0.9114
18.733880,0.9330
18.735024,1.1425
18.735729,0.7031
18.736490,0.7583
18.737493,1.0008
18.738408,0.9130
18.739350,0.9401
18.740218,0.8674
18.741010,0.7905
18.741943,0.9288
18.742857,0.9118
18.743791,0.9319
18.744643,0.8500
18.745571,0.9256
18.746506,0.9332
18.747193,0.6854
18.747969,0.7753
18.748922,0.9503
18.749783,0.8597
18.750676,0.8908
18.751605,0.9274
18.752540,0.9328
18.753490,0.9476
18.754411,0.9190
18.755257,0.8446
18.756167,0.9093
18.757032,0.8631
18.757886,0.8520
18.758632,0.7438
18.759746,1.1123
18.760672,0.9241
18.761581,0.9065
18.762492,0.9089
18.763408,0.9141
18.764352,0.9423
18.765274,0.9207
18.766290,1.0019
18.767356,1.0643
18.768229,0.8705
18.768904,0.6736
18.769635,0.7292
18.770584,0.9466
18.771487,0.9015
18.772380,0.8909
18.773427,1.0385
18.774120,0.6910
18.774922,0.8012
18.775857,0.9328
18.776686,0.8264
18.777643,0.9551
18.778679,1.0341
18.779539,0.8586
18.780217,0.6757
18.780989,0.7709
18.781934,0.9437
18.782829,0.8927
18.783761,0.9295
18.784785,1.0221
18.785698,0.9114
18.786809,1.1090
18.787741,0.9295
18.788622,0.8794
18.789533,0.9091
18.790500,0.9642
18.791201,0.6988
18.791981,0.7791
18.792835,0.8524
18.793972,1.1349
18.794756,0.7819
18.795640,0.8826
18.796527,0.8848
18.797337,0.8083
18.798040,0.7017
18.798783,0.7409
18.799725,0.9405
18.800608,0.8811
18.801534,0.9238
18.802240,0.7041
18.803020,0.7781
18.803871,0.8499
18.804773,0.8998
18.805726,0.9512
18.806610,0.8816
18.807509,0.8972
18.808435,0.9238
18.809321,0.8841
18.810293,0.9708
18.811191,0.8961
18.812014,0.8206
18.813126,1.0974
18.813900,0.7730
18.814729,0.8261
18.815691,0.9602
18.816603,0.9101
18.817569,0.9638
18.818825,1.2545
18.819723,0.8957
18.820613,0.8874
18.821495,0.8797
18.822410,0.9132
18.823354,0.9417
18.824030,0.6754
18.824941,0.9090
18.825874,0.9316
18.826801,0.9241
18.827654,0.8516
18.828563,0.9068
18.829506,0.9405
18.830406,0.8977
18.831398,0.9906
18.832541,1.1402
18.833471,0.9285
18.834366,0.8928
18.835090,0.7236
18.835888,0.7956
18.836961,1.0707
18.837870,0.9069
18.838657,0.7853
18.839496,0.8368
18.840421,0.9231
18.841304,0.8812
18.842097,0.7920
18.843148,1.0483
18.843964,0.8141
18.844920,0.9542
18.845851,0.9283
18.846605,0.7522
18.847490,0.8832
18.848347,0.8546
18.849229,0.8813
18.850030,0.7998
18.850812,0.7799
18.851646,0.8322
18.852780,1.1312
18.853816,1.0342
18.854503,0.6854
18.855252,0.7462
18.856030,0.7775
18.856924,0.8909
18.857762,0.8357
18.858822,1.0583
18.859738,0.9141
18.860645,0.9056
18.861584,0.9373
18.862507,0.9206
18.863462,0.9527
18.864746,1.2803
18.865641,0.8922
18.866541,0.8987
18.867463,0.9194
18.868164,0.6994
18.868942,0.7776
18.869860,0.9151
18.870906,1.0446
18.871757,0.8484
18.872687,0.9288
18.873592,0.9028
18.874566,0.9719
18.875362,0.7935
18.876316,0.9535
18.877348,1.0296
18.878491,1.1417
18.879174,0.6808
18.879978,0.8006
18.880872,0.8912
18.881807,0.9337
18.882850,1.0409
18.883731,0.8789
18.884617,0.8837
18.885538,0.9193
18.886467,0.9271
18.887369,0.8996
18.888225,0.8560
18.889152,0.9249
18.889985,0.8309
18.890780,0.7926
18.891921,1.1395
18.892832,0.9090
18.893660,0.8255
18.894493,0.8311
18.895338,0.8424
18.896254,0.9158
18.897164,0.9078
18.898086,0.9198
18.898871,0.7827
18.899774,0.9016
18.900790,1.0137
18.901512,0.7201
18.902445,0.9310
18.903338,0.8911
18.904273,0.9336
18.905238,0.9631
18.906157,0.9175
18.907078,0.9190
18.907862,0.7819
18.908774,0.9104
18.909532,0.7553
18.910510,0.9762
18.911341,0.8294
18.912622,1.2803
18.913546,0.9214
18.914488,0.9399
18.915280,0.7900
18.916072,0.7909
18.917049,0.9755
18.917964,0.9124
18.918835,0.8693
18.919564,0.7269
18.920492,0.9255
18.921325,0.8318
18.922182,0.8560
18.923024,0.8400
18.924136,1.1101
18.925046,0.9074
18.925937,0.8895
18.926781,0.8413
18.927670,0.8872
18.928346,0.6735
18.929470,1.1231
18.930411,0.9389
18.931319,0.9067
18.932233,0.9123
18.933123,0.8880
18.933909,0.7842
18.934844,0.9335
18.935987,1.1279
18.936904,0.9156
18.937955,1.0488
18.938887,0.9298
18.939809,0.9203
18.940706,0.8946
18.941703,0.9955
18.942625,0.9201
18.943511,0.8841
18.944440,0.9265
18.945383,0.9416
18.946246,0.8590
18.947153,0.9057
18.948103,0.9476
18.949026,0.9213
18.949943,0.9147
18.950808,0.8627
18.951937,1.1269
18.952970,1.0308
18.953898,0.9258
18.954796,0.8967
18.955697,0.8989
18.956553,0.8539
18.957498,0.9432
18.958363,0.8625
18.959401,1.0375
18.960328,0.9245
18.961289,0.9605
18.962199,0.9079
18.963000,0.7985
18.963935,0.9332
18.964804,0.8667
18.965760,0.9539
18.966608,0.8461
18.967291,0.6807
18.968074,0.7821
18.968992,0.9169
18.969938,0.9437
18.970834,0.8940
18.971628,0.7923
18.972770,1.1398
18.973681,0.9094
18.974597,0.9135
18.975502,0.9029
18.976370,0.8661
18.977613,1.2427
18.978297,0.6822
18.979095,0.7965
18.980013,0.9162
18.980809,0.7932
18.981768,0.9575
18.982915,1.1455
18.983889,0.9717
18.984954,1.0623
18.985890,0.9338
18.986802,0.9100
18.987721,0.9170
18.988680,0.9566
18.989357,0.6754
18.990277,0.9185
18.991224,0.9451
18.992131,0.9056
18.993062,0.9293
18.993850,0.7857
18.994768,0.9155
18.995702,0.9321
18.996591,0.8870
18.997460,0.8669
18.998360,0.8981
18.999221,0.8606
19.000259,1.0353
19.001177,0.9164
19.002086,0.9069
19.002896,0.8075
19.003810,0.9122
19.004752,0.9402
19.005634,0.8794
19.006581,0.9446
19.007481,0.8977
19.008400,0.9173
19.009347,0.9445
19.010213,0.8655
19.010907,0.6923
19.012019,1.1102
19.012980,0.9566
19.013884,0.9025
19.014800,0.9133
19.015749,0.9469
19.016696,0.9454
19.017616,0.9181
19.018563,0.9447
19.019480,0.9152
19.020419,0.9368
19.021344,0.9237
19.022084,0.7385
19.022882,0.7957
19.028609,5.7252
19.029667,1.0561
19.030604,0.9344
19.031534,0.9280
19.032394,0.8582
19.033073,0.6772
19.033850,0.7759
19.034938,1.0859
19.035841,0.9010
19.036774,0.9307
19.037867,1.0912
19.038819,0.9506
19.039759,0.9376
19.040776,1.0152
19.041647,0.8691
19.042698,1.0486
19.043605,0.9045
19.044301,0.6941
19.045069,0.7673
19.045948,0.8766
19.046878,0.9280
19.047779,0.8996
19.048704,0.9231
19.049804,1.0977
19.050720,0.9138
19.051604,0.8822
19.052512,0.9059
19.053397,0.8832
19.054329,0.9300
19.055112,0.7820
19.055920,0.8059
19.056861,0.9396
19.057912,1.0489
19.058813,0.8985
19.059721,0.9067
19.060704,0.9802
19.061753,1.0349
19.062562,0.8069
19.063687,1.1225
19.064739,1.0508
19.065653,0.9116
19.066340,0.6845
19.067227,0.8863
19.068039,0.8103
19.068956,0.9148
19.069852,0.8945
19.070767,0.9128
19.071629,0.8604
19.072587,0.9554
19.073515,0.9258
19.074447,0.9296
19.075332,0.8835
19.076174,0.8405
19.077326,1.1504
19.078259,0.9311
19.079210,0.9486
19.079999,0.7865
19.080911,0.9105
19.081805,0.8919
19.082657,0.8504
19.083589,0.9300
19.084513,0.9219
19.085369,0.8533
19.086298,0.9288
19.087209,0.9093
19.088025,0.8136
19.088932,0.9052
19.089770,0.8357
19.090655,0.8835
19.091515,0.8572
19.092377,0.8604
19.093309,0.9306
19.094225,0.9145
19.095133,0.9057
19.096056,0.9211
19.096991,0.9334
19.097904,0.9106
19.098731,0.8245
19.099520,0.7873
19.100417,0.8958
19.101304,0.8846
19.102412,1.1069
19.103311,0.8972
19.104249,0.9348
19.105156,0.9045
19.105945,0.7877
19.106930,0.9826
19.107767,0.8354
19.108626,0.8568
19.109706,1.0773
19.110387,0.6797
19.111084,0.6947
19.111739,0.6537
19.112518,0.7773
19.113368,0.8480
19.114245,0.8764
19.115064,0.8164
19.115855,0.7897
19.116662,0.8047
19.117567,0.9026
19.118291,0.7222
19.118985,0.6931
19.119675,0.6883
19.120511,0.8339
19.121641,1.1275
19.122525,0.8824
19.123404,0.8769
19.124198,0.7916
19.124990,0.7916
19.125792,0.7995
19.126643,0.8499
19.127589,0.9439
19.128518,0.9271
19.129191,0.6709
19.129880,0.6873
19.130692,0.8107
19.131628,0.9337
19.132310,0.6806
19.133195,0.8840
19.134441,1.2441
19.135377,0.9337
19.136269,0.8907
19.137051,0.7796
19.137970,0.9174
19.138922,0.9493
19.139813,0.8901
19.140596,0.7801
19.141555,0.9568
19.142482,0.9255
19.143319,0.8350
19.144156,0.8357
19.144908,0.7506
19.145638,0.7276
19.146579,0.9395
19.147322,0.7414
19.148182,0.8586
19.149036,0.8520
19.149923,0.8855
19.150684,0.7586
19.151717,1.0307
19.152641,0.9223
19.153509,0.8668
19.154183,0.6713
19.154852,0.6687
19.155612,0.7579
19.156520,0.9056
19.157588,1.0667
19.158517,0.9271
19.159222,0.7033
19.160005,0.7822
19.160802,0.7946
19.161738,0.9340
19.162623,0.8832
19.163398,0.7729
19.164303,0.9032
19.165256,0.9524
19.166036,0.7780
19.166737,0.6982
19.167485,0.7466
19.168545,1.0577
19.169454,0.9074
19.170372,0.9160
19.171129,0.7554
19.171918,0.7869
19.172769,0.8494
19.173679,0.9055
19.174612,0.9317
19.175296,0.6816
19.176132,0.8351
19.177135,0.9884
19.178306,1.1694
19.179235,0.9270
19.180210,0.9729
19.181125,0.9121
19.182074,0.9470
19.183024,0.9484
19.183880,0.8543
19.184794,0.9120
19.185698,0.9016
19.186702,1.0021
19.187402,0.6978
19.188275,0.8717
19.189062,0.7863
19.189962,0.8973
19.190897,0.9332
19.192164,1.2650
19.192997,0.8315
19.193917,0.9179
19.194834,0.9148
19.195754,0.9184
19.196634,0.8783
19.197544,0.9079
19.198357,0.8109
19.199303,0.9447
19.200228,0.9232
19.201176,0.9459
19.201966,0.7884
19.202892,0.9241
19.203793,0.8991
19.204741,0.9454
19.205604,0.8611
19.206533,0.9268
19.207483,0.9485
19.208430,0.9454
19.209328,0.8952
19.210406,1.0773
19.211317,0.9095
19.212237,0.9190
19.213154,0.9151
19.213943,0.7871
19.214883,0.9382
19.215779,0.8938
19.216820,1.0389
19.217813,0.9913
19.218741,0.9260
19.219589,0.8460
19.220523,0.9317
19.221405,0.8806
19.222360,0.9523
19.223365,1.0045
19.224316,0.9487
19.225399,1.0810
19.226317,0.9158
19.227244,0.9264
19.228147,0.9005
19.229071,0.9220
19.229873,0.8005
19.230764,0.8886
19.231521,0.7552
19.232442,0.9188
19.233383,0.9393
19.234248,0.8605
19.235149,0.8997
19.236105,0.9540
19.237025,0.9183
19.238178,1.1384
19.239241,1.0606
19.240075,0.8315
19.241124,1.0469
19.241985,0.8595
19.242809,0.8223
19.243772,0.9609
19.244696,0.9217
19.245625,0.9271
19.246541,0.9135
19.247563,1.0205
19.248497,0.9313
19.249430,0.9317
19.250343,0.9109
19.251253,0.9090
19.252064,0.8088
19.253269,1.2026
19.254052,0.7817
19.254985,0.9308
19.255901,0.9137
19.256750,0.8472
19.257640,0.8875
19.258557,0.9154
19.259606,1.0468
19.260490,0.8824
19.261393,0.9011
19.262333,0.9377
19.263251,0.9169
19.264115,0.8622
19.264920,0.8036
19.265883,0.9604
19.266795,0.9099
19.267691,0.8946
19.268614,0.9203
19.269573,0.9569
19.270516,0.9414
19.271460,0.9417
19.272506,1.0445
19.273451,0.9421
19.274310,0.8572
19.275084,0.7734
19.275880,0.7939
19.276620,0.7374
19.277318,0.6962
19.278013,0.6941
19.278821,0.8063
19.279728,0.9048
19.280646,0.9162
19.281568,0.9198
19.282538,0.9677
19.283435,0.8955
19.284345,0.9085
19.285490,1.1442
19.286172,0.6791
19.286962,0.7894
19.287819,0.8556
19.288760,0.9384
19.289684,0.9226
19.290601,0.9145
19.291552,0.9491
19.292477,0.9229
19.293388,0.9087
19.294294,0.9050
19.295309,1.0135
19.296176,0.8653
19.296862,0.6843
19.297593,0.7287
19.298737,1.1419
19.299643,0.9044
19.300484,0.8383
19.301333,0.8470
19.302334,1.0001
19.303282,0.9467
19.304204,0.9194
19.305159,0.9532
19.305976,0.8146
19.306881,0.9037
19.307765,0.8818
19.308484,0.7173
19.309414,0.9282
19.310556,1.1394
19.311487,0.9294
19.312767,1.2776
19.313900,1.1187
19.314769,0.8668
19.315623,0.8522
19.316476,0.8509
19.317412,0.9339
19.318221,0.8071
19.318920,0.6967
19.319867,0.9449
19.320687,0.8175
19.321620,0.9317
19.322515,0.8933
19.323516,0.9986
19.324688,1.1575
19.325592,0.9016
19.326527,0.9328
19.327376,0.8474
19.328279,0.9013
19.329219,0.9379
19.330056,0.8350
19.330956,0.8984
19.331797,0.8390
19.332722,0.9232
19.333607,0.8830
19.334517,0.9079
19.335472,0.9527
19.336346,0.8723
19.337233,0.8859
19.338031,0.7957
19.338959,0.9260
19.339894,0.9334
19.340675,0.7788
19.341348,0.6709
19.342300,0.9517
19.343206,0.9034
19.344119,0.9114
19.345113,0.9920
19.346046,0.9306
19.346959,0.9111
19.347807,0.8467
19.348832,1.0230
19.349745,0.9104
19.350661,0.9140
19.351592,0.9289
19.352536,0.9422
19.353467,0.9291
19.354324,0.8547
19.355313,0.9884
19.356235,0.9192
19.357178,0.9411
19.357990,0.8108
19.359053,1.0606
19.359904,0.8486
19.360860,0.9544
19.361658,0.7956
19.362519,0.8590
19.363209,0.6884
19.363956,0.7455
19.364654,0.6960
19.365291,0.6347
19.366135,0.8437
19.366940,0.8022
19.367668,0.7263
19.368594,0.9241
19.369479,0.8836
19.370273,0.7921
19.371467,1.1924
19.372139,0.6705
19.372942,0.8014
19.373853,0.9086
19.374636,0.7809
19.375571,0.9340
19.376239,0.6658
19.377016,0.7761
19.378155,1.1372
19.378935,0.7776
19.379662,0.7249
19.380338,0.6739
19.381240,0.9015
19.382345,1.1031
19.383221,0.8743
19.383910,0.6862
19.384589,0.6779
19.385259,0.6678
19.386058,0.7980
19.386950,0.8905
19.387738,0.7859
19.388419,0.6784
19.389092,0.6718
19.389891,0.7978
19.390754,0.8600
19.391585,0.8297
19.392380,0.7931
19.393260,0.8787
19.394002,0.7398
19.394697,0.6930
19.395376,0.6770
19.396062,0.6853
19.396770,0.7062
19.397635,0.8629
19.398616,0.9785
19.399556,0.9390
19.400627,1.0689
19.401547,0.9174
19.402450,0.9016
19.403249,0.7968
19.404014,0.7639
19.404871,0.8549
19.405662,0.7892
19.406533,0.8693
19.407228,0.6932
19.408024,0.7954
19.408814,0.7878
19.409487,0.6711
19.410274,0.7845
19.411028,0.7531
19.411830,0.7995
19.412963,1.1312
19.414018,1.0534
19.414708,0.6875
19.415489,0.7789
19.416419,0.9281
19.417346,0.9255
19.418096,0.7483
19.418789,0.6916
19.419629,0.8374
19.420525,0.8944
19.421406,0.8790
19.422329,0.9210
19.423336,1.0058
19.424316,0.9786
19.425329,1.0104
19.426595,1.2641
19.427585,0.9888
19.428623,1.0356
19.429596,0.9716
19.430582,0.9835
19.431577,0.9932
19.432645,1.0653
19.433618,0.9715
19.434850,1.2305
19.435870,1.0181
19.436866,0.9934
19.437855,0.9870
19.438914,1.0570
19.440046,1.1307
19.440890,0.8419
19.441899,1.0070
19.442824,0.9223
19.443810,0.9844
19.444779,0.9671
19.445776,0.9946
19.446670,0.8928
19.447915,1.2426
19.448859,0.9423
19.449857,0.9960
19.450783,0.9236
19.451786,1.0013
19.452767,0.9788
19.453763,0.9946
19.454754,0.9892
19.455756,1.0000
19.456751,0.9922
19.457609,0.8562
19.458348,0.7372
19.459066,0.7165
19.459867,0.7997
19.460798,0.9283
19.461866,1.0666
19.462603,0.7349
19.463639,1.0343
19.464558,0.9169
19.465504,0.9437
19.466432,0.9261
19.467345,0.9116
19.468272,0.9260
19.469072,0.7976
19.470143,1.0696
19.471037,0.8922
19.471958,0.9183
19.472712,0.7516
19.473388,0.6739
19.474328,0.9380
19.475468,1.1390
19.476452,0.9819
19.477503,1.0488
19.478451,0.9461
19.479365,0.9128
19.480377,1.0102
19.481312,0.9316
19.482187,0.8729
19.482918,0.7296
19.483646,0.7259
19.484392,0.7442
19.485125,0.7307
19.485866,0.7406
19.486631,0.7625
19.487371,0.7384
19.488060,0.6879
19.488738,0.6754
19.489472,0.7319
19.490218,0.7449
19.490947,0.7281
19.491673,0.7238
19.492422,0.7471
19.493150,0.7263
19.494035,0.8835
19.494712,0.6752
19.495463,0.7488
19.496260,0.7952
19.497111,0.8504
19.498060,0.9467
19.498792,0.7301
19.499529,0.7351
19.500263,0.7322
19.500948,0.6841
19.501805,0.8546
19.502539,0.7317
19.503274,0.7336
19.504178,0.9028
19.504912,0.7323
19.505625,0.7109
19.506316,0.6893
19.507070,0.7531
19.507801,0.7289
19.508579,0.7762
19.509322,0.7412
19.510019,0.6955
19.510765,0.7444
19.511617,0.8501
19.512338,0.7185
19.513129,0.7906
19.513875,0.7440
19.514619,0.7425
19.515557,0.9354
19.516268,0.7098
19.517002,0.7325
19.517732,0.7275
19.518468,0.7346
19.519220,0.7498
19.519972,0.7509
19.520843,0.8688
19.521689,0.8446
19.522411,0.7201
19.523145,0.7315
19.523878,0.7318
19.524749,0.8698
19.525493,0.7418
19.526235,0.7375
19.527294,1.0589
19.528015,0.7191
19.528751,0.7336
19.529494,0.7405
19.530221,0.7257
19.530953,0.7308
19.531662,0.7072
19.532406,0.7421
19.533161,0.7532
19.533878,0.7157
19.534630,0.7501
19.535360,0.7282
19.536101,0.7396
19.536912,0.8090
19.537640,0.7265
19.538370,0.7278
19.539127,0.7563
19.539852,0.7229
19.540594,0.7401
19.541318,0.7224
19.542234,0.9150
19.543166,0.9286
19.543919,0.7501
19.544928,1.0072
19.545833,0.9034
19.546789,0.9535
19.547687,0.8967
19.548349,0.6596
19.549546,1.1961
19.550500,0.9525
19.551508,1.0061
19.552235,0.7256
19.553063,0.8269
19.554070,1.0053
19.555026,0.9542
19.555804,0.7754
19.556790,0.9847
19.557717,0.9251
19.558519,0.8004
19.559519,0.9974
19.560631,1.1100
19.561359,0.7266
19.562236,0.8757
19.563184,0.9460
19.564027,0.8410
19.565016,0.9872
19.566000,0.9811
19.566960,0.9582
19.567848,0.8856
19.568756,0.9066
19.569611,0.8520
19.570742,1.1281
19.571712,0.9673
19.572632,0.9149
19.573529,0.8953
19.574432,0.9010
19.575560,1.1268
19.576229,0.6666
19.577003,0.7735
19.577877,0.8719
19.578762,0.8826
19.579608,0.8440
19.580280,0.6704
19.581060,0.7788
19.581968,0.9062
19.582646,0.6758
19.583412,0.7651
19.584063,0.6486
19.584851,0.7874
19.585736,0.8822
19.586599,0.8617
19.587715,1.1132
19.588387,0.6698
19.589308,0.9194
19.590219,0.9099
19.591118,0.8968
19.591873,0.7534
19.592606,0.7305
19.593533,0.9245
19.594618,1.0833
19.595536,0.9159
19.596222,0.6847
19.596999,0.7754
19.597795,0.7944
19.598694,0.8969
19.599651,0.9545
19.600610,0.9571
19.601515,0.9026
19.602494,0.9776
19.603324,0.8276
19.604188,0.8634
19.604952,0.7620
19.605810,0.8551
19.606743,0.9310
19.607557,0.8122
19.608480,0.9211
19.609232,0.7502
19.609913,0.6795
19.610615,0.7001
19.611552,0.9351
19.612502,0.9481
19.613338,0.8334
19.614196,0.8570
19.615065,0.8672
19.615881,0.8140
19.616650,0.7676
19.617572,0.9196
19.618497,0.9232
19.619189,0.6895
19.620182,0.9929
19.620971,0.7867
19.621774,0.8006
19.622549,0.7729
19.623226,0.6748
19.623915,0.6882
19.624642,0.7245
19.625506,0.8623
19.626418,0.9104
19.627158,0.7376
19.628159,0.9926
19.628957,0.7967
19.629898,0.9384
19.630943,1.0433
19.631807,0.8614
19.632557,0.7481
19.633583,1.0239
19.634456,0.8707
19.635370,0.9122
19.636070,0.6989
19.636876,0.8040
19.637784,0.9060
19.638622,0.8364
19.639524,0.8991
19.640200,0.6748
19.641003,0.8015
19.642166,1.1485
19.642954,0.7865
19.643724,0.7679
19.644397,0.6706
19.645268,0.8676
19.646048,0.7790
19.646820,0.7702
19.647761,0.9388
19.648443,0.6803
19.649131,0.6867
19.650139,1.0064
19.650922,0.7814
19.651878,0.9532
19.652790,0.9099
19.653665,0.8732
19.654353,0.6859
19.655301,0.9472
19.656588,1.2853
19.657512,0.9219
19.658203,0.6883
19.658987,0.7829
19.659861,0.8726
19.660618,0.7544
19.661627,1.0078
19.662529,0.8992
19.663415,0.8844
19.664099,0.6820
19.664887,0.7873
19.665805,0.9157
19.666731,0.9249
19.667788,1.0546
19.668661,0.8711
19.669357,0.6936
19.670253,0.8958
19.671000,0.7444
19.671799,0.7968
19.672700,0.8997
19.673720,1.0171
19.674611,0.8894
19.675521,0.9078
19.676662,1.1388
19.677598,0.9337
19.678517,0.9173
19.679550,1.0304
19.680457,0.9051
19.681341,0.8818
19.682011,0.6690
19.682808,0.7956
19.683717,0.9064
19.684747,1.0285
19.685787,1.0372
19.686517,0.7278
19.687501,0.9822
19.688596,1.0928
19.689515,0.9172
19.690469,0.9524
19.691498,1.0263
19.692409,0.9092
19.693109,0.6980
19.693898,0.7882
19.694874,0.9737
19.695819,0.9428
19.696708,0.8872
19.697642,0.9321
19.698548,0.9045
19.699496,0.9457
19.700352,0.8542
19.701288,0.9356
19.702220,0.9297
19.703123,0.9010
19.703916,0.7912
19.704641,0.7226
19.705543,0.9006
19.706465,0.9197
19.707390,0.9203
19.708333,0.9415
19.709485,1.1507
19.710393,0.9061
19.711318,0.9225
19.712263,0.9447
19.713235,0.9698
19.714243,1.0067
19.715188,0.9428
19.716182,0.9913
19.717085,0.9016
19.718019,0.9322
19.718886,0.8638
19.719814,0.9252
19.720859,1.0436
19.721751,0.8896
19.722623,0.8700
19.723757,1.1314
19.724584,0.8251
19.725531,0.9454
19.726207,0.6739
19.727103,0.8947
19.727913,0.8086
19.728836,0.9200
19.729759,0.9217
19.730660,0.8987
19.731567,0.9045
19.732503,0.9334
19.733412,0.9078
19.734355,0.9405
19.735197,0.8419
19.735990,0.7869
19.737064,1.0723
19.737847,0.7807
19.738864,1.0151
19.739775,0.9090
19.740623,0.8458
19.741564,0.9388
19.742502,0.9355
19.743450,0.9461
19.744300,0.8485
19.745198,0.8971
19.746125,0.9247
19.747069,0.9419
19.747946,0.8748
19.748960,1.0122
19.749789,0.8268
19.750828,1.0367
19.751716,0.8853
19.752654,0.9361
19.753586,0.9300
19.754472,0.8845
19.755393,0.9189
19.756320,0.9251
19.757309,0.9878
19.758081,0.7705
19.758943,0.8602
19.759800,0.8549
19.760702,0.9001
19.761632,0.9275
19.762566,0.9319
19.763481,0.9133
19.764414,0.9307
19.765334,0.9178
19.766080,0.7459
19.766872,0.7893
19.767652,0.7780
19.768634,0.9809
19.769525,0.8886
19.770208,0.6817
19.770997,0.7880
19.771921,0.9213
19.772848,0.9259
19.773819,0.9686
19.774731,0.9095
19.775862,1.1296
19.776782,0.9173
19.777671,0.8868
19.778587,0.9144
19.779483,0.8938
19.780465,0.9806
19.781138,0.6708
19.781930,0.7909
19.783021,1.0893
19.783924,0.9006
19.784777,0.8517
19.785793,1.0139
19.786772,0.9765
19.787645,0.8717
19.788589,0.9414
19.789514,0.9235
19.790352,0.8360
19.791266,0.9126
19.792032,0.7643
19.792808,0.7741
19.793727,0.9165
19.794827,1.0982
19.795756,0.9274
19.796865,1.1061
19.797779,0.9123
19.798716,0.9349
19.799607,0.8895
19.800551,0.9419
19.801502,0.9493
19.802395,0.8908
19.803087,0.6893
19.803905,0.8171
19.804658,0.7506
19.805585,0.9251
19.806515,0.9279
19.807481,0.9644
19.808765,1.2821
19.809635,0.8681
19.810564,0.9265
19.811476,0.9100
19.812416,0.9376
19.813342,0.9247
19.814027,0.6832
19.814942,0.9131
19.815901,0.9572
19.816818,0.9152
19.817717,0.8969
19.818608,0.8895
19.819548,0.9372
19.820484,0.9341
19.821515,1.0288
19.822393,0.8766
19.823295,0.8995
19.824230,0.9348
19.825002,0.7699
19.825814,0.8093
19.826783,0.9679
19.827796,1.0102
19.828730,0.9321
19.829598,0.8657
19.830283,0.6826
19.831075,0.7912
19.831975,0.8978
19.832748,0.7711
19.833686,0.9365
19.834609,0.9211
19.835717,1.1058
19.836409,0.6895
19.837302,0.8912
19.838187,0.8846
19.839200,1.0109
19.840151,0.9487
19.841270,1.1032
19.842077,0.8056
19.843220,1.1407
19.844145,0.9236
19.845221,1.0735
19.846070,0.8465
19.846804,0.7326
19.847559,0.7528
19.848487,0.9267
19.849418,0.9286
19.850313,0.8930
19.851210,0.8962
19.852009,0.7962
19.852911,0.9001
19.853848,0.9351
19.854807,0.9571
19.855663,0.8546
19.856941,1.2758
19.857820,0.8762
19.858593,0.7712
19.859502,0.9065
19.860426,0.9222
19.861353,0.9252
19.862397,1.0425
19.863331,0.9320
19.864221,0.8896
19.865014,0.7909
19.865871,0.8548
19.866769,0.8958
19.867747,0.9759
19.868884,1.1352
19.869627,0.7413
19.870537,0.9079
19.871456,0.9173
19.872359,0.9009
19.873263,0.9030
19.874006,0.7406
19.874950,0.9417
19.875834,0.8824
19.876748,0.9122
19.877602,0.8518
19.878501,0.8969
19.879474,0.9700
19.880111,0.6355
19.880904,0.7916
19.881852,0.9460
19.882648,0.7937
19.883614,0.9637
19.884513,0.8968
19.885335,0.8200
19.886210,0.8749
19.886996,0.7830
19.887925,0.9275
19.888836,0.9088
19.889759,0.9204
19.890592,0.8318
19.891261,0.6670
19.892037,0.7744
19.892980,0.9416
19.893901,0.9189
19.894814,0.9108
19.895668,0.8521
19.896535,0.8644
19.897441,0.9048
19.898500,1.0566
19.899376,0.8736
19.900298,0.9217
19.901259,0.9583
19.902336,1.0625
19.903276,0.9374
19.904282,1.0043
19.905110,0.8260
19.906039,0.9274
19.907003,0.9611
19.907920,0.9150
19.908765,0.8435
19.909666,0.8989
19.910589,0.9210
19.911517,0.9257
19.912374,0.8552
19.913296,0.9215
19.914241,0.9421
19.915177,0.9347
19.916108,0.9291
19.917166,1.0425
19.918103,0.9350
19.919020,0.9153
19.919944,0.9217
19.920808,0.8616
19.921728,0.9178
19.922637,0.9075
19.923495,0.8553
19.924175,0.6786
19.924986,0.8104
19.925915,0.9272
19.926853,0.9359
19.928001,1.1453
19.928905,0.9021
19.929820,0.9126
19.930789,0.9676
19.931669,0.8777
19.932597,0.9257
19.933515,0.9164
19.934375,0.8581
19.935280,0.9041
19.936065,0.7824
19.936983,0.9159
19.937911,0.9263
19.938769,0.8551
19.939673,0.9017
19.940711,1.0369
19.941563,0.8492
19.942241,0.6763
19.943058,0.8168
19.943951,0.8911
19.944790,0.8364
19.945637,0.8457
19.946508,0.8689
19.947373,0.8621
19.948289,0.9160
19.949193,0.9018
19.949998,0.8027
19.950901,0.9005
19.951818,0.9151
19.952764,0.9442
19.953613,0.8457
19.954537,0.9216
19.955380,0.8408
19.956246,0.8652
19.956984,0.7360
19.957721,0.7358
19.958416,0.6927
19.959105,0.6875
19.959919,0.8052
19.961051,1.1302
19.961968,0.9147
19.962894,0.9243
19.963791,0.8949
19.964613,0.8202
19.965582,0.9671
19.966489,0.9041
19.967357,0.8665
19.968043,0.6845
19.968792,0.7477
19.969743,0.9489
19.970636,0.8904
19.971594,0.9563
19.972730,1.1341
19.973664,0.9317
19.974567,0.9008
19.975510,0.9414
19.976395,0.8831
19.977283,0.8861
19.978236,0.9512
19.979078,0.8375
19.979880,0.7994
19.980957,1.0756
19.981869,0.8976
19.982772,0.9002
19.983721,0.9470
19.984877,1.1544
19.985774,0.8940
19.986898,1.1223
19.987936,1.0364
19.988890,0.9512
19.989675,0.7835
19.990349,0.6716
19.991317,0.9675
19.992207,0.8873
19.993094,0.8856
19.994228,1.1320
19.995009,0.7790
19.995928,0.9163
19.996840,0.9101
19.997768,0.9257
19.998629,0.8586
19.999657,1.0267
20.000581,0.9218
20.001493,0.9093
20.002372,0.8770
20.003277,0.9042
20.004223,0.9441
20.005145,0.9203
20.006046,0.8986
20.006840,0.7922
20.007753,0.9109
20.008672,0.9168
20.009633,0.9574
20.010590,0.9541
20.011680,1.0836
20.012414,0.7285
20.013175,0.7544
20.014002,0.8234
20.014908,0.8988
20.015808,0.8758
20.016621,0.7913
20.017610,0.9807
20.018594,0.9623
20.019428,0.8214
20.020262,0.8241
20.021311,1.0446
20.022373,1.0358
20.023695,1.2744
20.024639,0.9356
20.025377,0.7299
20.026249,0.8667
20.027186,0.9170
20.028251,1.0433
20.029535,1.2636
20.030606,1.0640
20.031903,1.2900
20.033256,1.3323
20.034629,1.3489
20.036060,1.4235
20.037330,1.2496
20.038469,1.1134
20.039507,1.0313
20.040523,1.0127
20.041512,0.9865
20.042561,1.0432
20.043606,1.0420
20.044645,1.0333
20.045781,1.1306
20.046699,0.9135
20.047398,0.6967
20.048244,0.8401
20.049037,0.7896
20.049968,0.9258
20.051532,1.5592
20.052771,1.2119
20.054054,1.2667
20.055459,1.3835
20.056894,1.4177
20.058290,1.3733
20.059313,0.9990
20.060217,0.8858
20.061609,1.3721
20.062912,1.2950
20.064354,1.4180
20.065563,1.1933
20.066863,1.2926
20.068253,1.3653
20.069528,1.2545
20.070955,1.4185
20.072169,1.1934
20.073450,1.2643
20.074886,1.4229
20.076284,1.3742
20.077800,1.4971
20.079102,1.2885
20.080416,1.2953
20.081679,1.2529
20.083000,1.3111
20.084308,1.2874
20.085590,1.2600
20.087033,1.4333
20.088494,1.4375
20.089724,1.2160
20.091045,1.3050
20.092446,1.3820
20.093773,1.3053
20.094738,0.9448
20.095963,1.2041
20.097409,1.4218
20.098787,1.3576
20.100105,1.2945
20.101649,1.5229
20.102951,1.2909
20.104481,1.5039
20.105762,1.2598
20.106612,0.8321
20.107406,0.7832
20.108571,1.1553
20.109766,1.1846
20.111086,1.2986
20.112330,1.2226
20.113601,1.2477
20.114955,1.3320
20.116404,1.4260
20.118040,1.6196
20.119345,1.2861
20.120910,1.5445
20.122344,1.4121
20.123666,1.3010
20.125043,1.3653
20.126500,1.4348
20.127947,1.4319
20.129201,1.2331
20.130370,1.1452
20.131664,1.2611
20.133023,1.3382
20.134493,1.4460
20.135947,1.4358
20.137402,1.4309
20.138870,1.4489
20.140126,1.2336
20.141382,1.2364
20.142635,1.2183
20.143897,1.2511
20.145410,1.4910
20.146750,1.3204
20.148357,1.5854
20.149935,1.5570
20.151147,1.1886
20.152433,1.2653
20.153712,1.2619
20.155085,1.3509
20.156460,1.3568
20.157752,1.2749
20.159346,1.5713
20.160629,1.2611
20.161827,1.1862
20.162896,1.0489
20.164424,1.5063
20.165766,1.3306
20.167208,1.4209
20.168512,1.2817
20.169706,1.1822
20.171064,1.3437
20.172458,1.3724
20.173580,1.0987
20.174364,0.7718
20.175753,1.3846
20.177057,1.2837
20.178511,1.4328
20.179905,1.3727
20.181405,1.4792
20.182789,1.3605
20.184302,1.4899
20.185609,1.2839
20.186891,1.2703
20.188361,1.4464
20.189941,1.5587
20.191414,1.4514
20.192837,1.4049
20.194061,1.2057
20.195495,1.4101
20.196399,0.8929
20.197843,1.4280
20.199239,1.3743
20.200855,1.5965
20.202270,1.3938
20.203874,1.5817
20.205310,1.4123
20.206689,1.3572
20.208295,1.5949
20.209668,1.3487
20.211051,1.3608
20.212369,1.2988
20.213715,1.3113
20.214861,1.1242
20.216363,1.4800
20.217882,1.4976
20.218896,0.9906
20.220072,1.1570
20.221406,1.3103
20.222720,1.2990
20.224123,1.3808
20.225352,1.2070
20.226667,1.2948
20.228415,1.7366
20.229407,0.9724
20.230410,0.9844
20.231826,1.4062
20.233207,1.3599
20.234438,1.2100
20.235711,1.2499
20.237089,1.3565
20.238593,1.4832
20.239979,1.3750
20.241497,1.4942
20.242779,1.2705
20.244006,1.2045
20.245437,1.4091
20.246761,1.3136
20.248374,1.5891
20.249696,1.2921
20.251054,1.3364
20.252500,1.4240
20.254029,1.5174
20.255291,1.2416
20.256910,1.5977
20.258422,1.4885
20.259848,1.4148
20.261234,1.3629
20.262547,1.2914
20.263901,1.3420
20.265374,1.4541
20.266661,1.2526
20.268039,1.3655
20.269503,1.4427
20.270630,1.1033
20.271780,1.1458
20.273267,1.4640
20.274220,0.9348
20.275408,1.1792
20.276782,1.3593
20.278052,1.2462
20.279663,1.5889
20.281001,1.3266
20.282444,1.4242
20.283877,1.4125
20.285170,1.2724
20.286471,1.2834
20.287901,1.4094
20.289080,1.1548
20.290343,1.2453
20.291590,1.2205
20.292910,1.3086
20.294414,1.4824
20.295779,1.3420
20.297064,1.2682
20.298405,1.3198
20.299873,1.4563
20.301293,1.3974
20.302755,1.4406
20.304258,1.4816
20.305592,1.3124
20.306839,1.2354
20.307922,1.0626
20.309330,1.3849
20.310705,1.3537
20.312048,1.3205
20.313414,1.3448
20.314702,1.2752
20.316271,1.5528
20.317844,1.5515
20.318844,0.9794
20.320316,1.4464
20.321599,1.2613
20.322826,1.2158
20.324341,1.4935
20.325899,1.5366
20.327260,1.3400
20.328720,1.4378
20.329668,0.9370
20.330639,0.9591
20.331977,1.3263
20.333443,1.4448
20.335003,1.5412
20.336420,1.3995
20.338063,1.6192
20.339373,1.2865
20.340784,1.3847
20.341789,0.9835
20.343060,1.2529
20.344380,1.3002
20.345576,1.1730
20.346668,1.0823
20.347937,1.2655
20.349404,1.4422
20.350566,1.1491
20.351895,1.3177
20.353145,1.2309
20.354441,1.2752
20.355840,1.3866
20.357011,1.1500
20.358185,1.1572
20.359435,1.2277
20.361001,1.5545
20.362401,1.3788
20.363889,1.4645
20.365029,1.1194
20.366491,1.4401
20.368108,1.6063
20.369580,1.4512
20.370842,1.2500
20.372240,1.3810
20.373560,1.2958
20.374898,1.3260
20.376058,1.1409
20.377437,1.3547
20.378838,1.3895
20.380307,1.4481
20.381649,1.3186
20.382723,1.0625
20.383959,1.2312
20.385503,1.5264
20.386611,1.0965
20.387537,0.9138
20.388299,0.7512
20.389017,0.7140
20.389860,0.8362
20.390623,0.7517
20.391312,0.6850
20.392017,0.7024
20.392707,0.6840
20.393419,0.7072
20.394133,0.7078
20.395043,0.9067
20.396367,1.3193
20.397680,1.2666
20.398570,0.8784
20.399347,0.7653
20.400350,0.9985
20.401564,1.1934
20.402850,1.2746
20.404280,1.4058
20.405742,1.4410
20.407105,1.3442
20.408419,1.2933
20.409754,1.3168
20.411174,1.3960
20.412433,1.2379
20.413601,1.1530
20.415291,1.6790
20.416537,1.2246
20.418102,1.5541
20.419428,1.3045
20.420766,1.3210
20.421576,0.7998
20.422352,0.7642
20.423547,1.1899
20.424861,1.3034
20.426227,1.3456
20.427677,1.4273
20.428995,1.3063
20.430533,1.5161
20.431890,1.3453
20.433368,1.4538
20.434908,1.4999
20.436401,1.4714
20.437819,1.3924
20.439326,1.4859
20.440891,1.5418
20.442361,1.4448
20.443670,1.2694
20.445042,1.3594
20.446332,1.2655
20.447695,1.3407
20.448842,1.1224
20.449903,1.0543
20.451429,1.5201
20.452882,1.4409
20.454418,1.5128
20.455779,1.3413
20.457380,1.5776
20.458897,1.4906
20.460406,1.4862
20.462009,1.5893
20.463551,1.5170
20.464976,1.4118
20.466224,1.2305
20.467564,1.3328
20.469350,1.7725
20.471136,1.7634
20.472562,1.4034
20.474072,1.4959
20.475213,1.1183
20.476560,1.3394
20.477701,1.1189
20.478841,1.1200
20.480088,1.2395
20.481314,1.2207
20.482612,1.2927
20.483872,1.2454
20.485101,1.2220
20.486409,1.3028
20.487666,1.2486
20.488850,1.1682
20.490169,1.3121
20.491423,1.2481
20.492665,1.2348
20.493911,1.2412
20.495383,1.4664
20.496934,1.5126
20.498423,1.4651
20.499953,1.5107
20.501374,1.4013
20.502900,1.4957
20.504512,1.5894
20.505754,1.2272
20.507420,1.6434
20.508929,1.4867
20.510453,1.5055
20.511794,1.3256
20.513245,1.4436
20.514618,1.3522
20.515826,1.1860
20.516839,1.0062
20.517790,0.9448
20.518967,1.1710
20.520180,1.2087
20.521432,1.2465
20.522866,1.4137
20.524006,1.1141
20.525401,1.3873
20.526998,1.5823
20.528353,1.3338
20.529851,1.4776
20.531507,1.6334
20.533034,1.5049
20.534338,1.2830
20.535625,1.2794
20.536904,1.2645
20.538051,1.1395
20.539572,1.5161
20.541019,1.4295
20.542433,1.4062
20.543766,1.3161
20.545362,1.5744
20.546981,1.5986
20.548488,1.4880
20.549744,1.2409
20.550984,1.2175
20.552143,1.1523
20.553587,1.4391
20.554808,1.1958
20.556209,1.3942
20.557669,1.4381
20.559059,1.3751
20.560884,1.8075
20.562463,1.5564
20.563979,1.5017
20.565444,1.4441
20.566758,1.2928
20.567877,1.0996
20.569429,1.5446
20.570964,1.5140
20.572507,1.5246
20.573976,1.4456
20.575375,1.3777
20.576874,1.4626
20.578138,1.2440
20.579495,1.3504
20.580783,1.2663
20.582426,1.6231
20.583786,1.3456
20.585331,1.5233
20.586696,1.3416
20.588107,1.3911
20.589129,1.0151
20.590179,1.0444
20.591199,1.0149
20.592189,0.9866
20.593055,0.8620
20.594368,1.3078
20.595644,1.2399
20.596815,1.1657
20.598147,1.3265
20.599667,1.4984
20.600883,1.2003
20.602043,1.1530
20.603321,1.2560
20.604731,1.4020
20.606315,1.5625
20.607707,1.3680
20.609067,1.3405
20.610543,1.4542
20.611770,1.2121
20.612974,1.1834
20.614353,1.3726
20.615759,1.3842
20.617275,1.4974
20.618330,1.0327
20.619672,1.3203
20.620976,1.2897
20.621999,1.0156
20.623075,1.0549
20.624154,1.0647
20.625246,1.0707
20.626336,1.0693
20.627524,1.1661
20.628390,0.8529
20.629334,0.9358
20.630503,1.1657
20.631310,0.8041
20.632481,1.1673
20.633686,1.2004
20.634568,0.8770
20.635531,0.9590
20.636335,0.8004
20.637156,0.8186
20.637987,0.8255
20.638787,0.7958
20.639597,0.8044
20.640384,0.7837
20.641622,1.2265
20.642522,0.8949
20.643364,0.8377
20.644335,0.9684
20.645163,0.8231
20.646100,0.9327
20.647535,1.4291
20.648886,1.3310
20.650485,1.5921
20.651698,1.1930
20.653150,1.4280
20.654282,1.1088
20.655989,1.6833
20.657252,1.2415
20.658378,1.1030
20.660130,1.7169
20.661512,1.3569
20.662962,1.4341
20.664434,1.4488
20.666207,1.7582
20.667616,1.3836
20.669083,1.4522
20.670575,1.4658
20.672028,1.4386
20.673560,1.5079
20.675057,1.4832
20.676619,1.5378
20.678123,1.4910
20.679970,1.8210
20.681360,1.3678
20.683073,1.6921
20.684355,1.2578
20.685947,1.5697
20.687418,1.4465
20.688690,1.2580
20.690256,1.5529
20.691374,1.0946
20.692418,1.0142
20.694017,1.5928
20.695242,1.2188
20.696709,1.4461
20.698308,1.5799
20.699900,1.5685
20.701423,1.4967
20.702943,1.5065
20.704455,1.4910
20.706017,1.5425
20.707510,1.4685
20.708973,1.4387
20.710305,1.3075
20.711851,1.5254
20.713358,1.4896
20.714581,1.2008
20.715658,1.0637
20.716887,1.2152
20.718040,1.1400
20.719238,1.1930
20.720593,1.3488
20.722162,1.5509
20.723604,1.4182
20.725088,1.4703
20.726190,1.0776
20.727310,1.0968
20.728920,1.5891
20.730415,1.4704
20.732055,1.6230
20.733875,1.7942
20.735432,1.5351
20.736893,1.4475
20.738441,1.5248
20.739821,1.3666
20.741345,1.5068
20.742878,1.5114
20.744426,1.5245
20.745906,1.4661
20.747434,1.5038
20.748895,1.4369
20.750481,1.5652
20.752169,1.6703
20.753346,1.1554
20.754896,1.5280
20.756639,1.7209
20.757811,1.1584
20.759416,1.5868
20.760638,1.2080
20.761620,0.9690
20.762591,0.9582
20.763729,1.1331
20.764903,1.1692
20.766432,1.5238
20.767773,1.3187
20.769422,1.6307
20.770980,1.5433
20.772352,1.3479
20.773415,1.0437
20.774828,1.3949
20.776605,1.7563
20.778306,1.6860
20.779837,1.5054
20.781189,1.3302
20.782549,1.3384
20.784027,1.4636
20.785043,0.9954
20.785979,0.9269
20.787583,1.5833
20.789041,1.4435
20.790419,1.3555
20.791894,1.4608
20.793472,1.5524
20.795245,1.7606
20.796711,1.4472
20.798064,1.3280
20.799263,1.1754
20.800645,1.3607
20.801931,1.2712
20.803510,1.5556
20.804762,1.2383
20.806293,1.5078
20.807777,1.4620
20.808899,1.1018
20.810127,1.2096
20.811137,0.9924
20.812612,1.4518
20.813844,1.2189
20.815459,1.6082
20.816877,1.4040
20.818455,1.5551
20.819956,1.4827
20.821265,1.2901
20.822636,1.3482
20.823884,1.2241
20.825464,1.5605
20.827121,1.6445
20.828629,1.4816
20.830122,1.4797
20.831198,1.0526
20.832538,1.3182
20.834086,1.5357
20.835522,1.4138
20.836761,1.2261
20.837937,1.1714
20.839418,1.4780
20.840834,1.3916
20.842127,1.2704
20.843934,1.7882
20.845428,1.4699
20.846764,1.3218
20.848541,1.7591
20.850092,1.5372
20.851613,1.4989
20.852971,1.3442
20.854443,1.4465
20.855935,1.4775
20.857138,1.1805
20.858341,1.1980
20.859818,1.4706
20.861282,1.4429
20.862785,1.4798
20.864134,1.3293
20.865419,1.2631
20.866915,1.4826
20.868284,1.3484
20.870044,1.7423
20.871711,1.6432
20.873076,1.3411
20.874356,1.2583
20.875372,0.9951
20.876587,1.1818
20.878070,1.4705
20.879551,1.4570
20.881326,1.7623
20.882727,1.3747
20.884296,1.5458
20.885881,1.5604
20.887211,1.3060
20.889027,1.7989
20.890435,1.3869
20.891982,1.5345
20.893367,1.3592
20.894664,1.2804
20.896176,1.4988
20.897560,1.3637
20.899070,1.4983
20.900941,1.8464
20.902337,1.3721
20.903883,1.5267
20.905416,1.5101
20.906687,1.2534
20.907994,1.2940
20.909373,1.3539
20.910626,1.2252
20.912091,1.4530
20.913566,1.4499
20.914738,1.1598
20.915967,1.2067
20.917411,1.4369
20.918825,1.4001
20.920321,1.4760
20.921939,1.5965
20.923313,1.3545
20.924894,1.5566
20.926415,1.4954
20.927975,1.5394
20.929259,1.2635
20.930656,1.3739
20.932260,1.5924
20.933409,1.1265
20.934424,0.9986
20.935574,1.1442
20.936836,1.2585
20.938002,1.1614
20.939429,1.4216
20.941043,1.5926
20.942647,1.5802
20.944203,1.5412
20.945410,1.1865
20.946421,0.9938
20.947416,0.9852
20.948627,1.2038
20.949833,1.2023
20.951046,1.2075
20.952378,1.3260
20.954243,1.8239
20.955697,1.4329
20.956869,1.1512
20.958126,1.2394
20.959570,1.4237
20.961078,1.4934
20.962304,1.2031
20.963921,1.5933
20.965493,1.5544
20.966753,1.2379
20.968327,1.5554
20.969540,1.1902
20.970828,1.2648
20.972412,1.5765
20.974138,1.7038
20.975539,1.3766
20.977074,1.5169
20.978551,1.4541
20.980036,1.4699
20.981664,1.6070
20.983097,1.4264
20.984595,1.4664
20.986027,1.4180
20.987866,1.8150
20.989494,1.6027
20.990899,1.3908
20.992444,1.5288
20.994192,1.7331
20.995635,1.4232
20.997093,1.4438
20.998423,1.3078
20.999994,1.5563
21.001276,1.2610
21.002727,1.4311
21.004384,1.6366
21.005980,1.5544
21.007496,1.4983
21.009078,1.5689
21.010564,1.4653
21.012312,1.7343
21.013916,1.5786
21.015421,1.4853
21.017140,1.6956
21.018613,1.4539
21.020148,1.5216
21.021943,1.7702
21.023284,1.3245
21.024856,1.5556
21.026257,1.3819
21.027611,1.3295
21.028968,1.3435
21.030282,1.2905
21.031891,1.5893
21.033504,1.5897
21.034823,1.3059
21.036017,1.1738
21.037419,1.3814
21.039192,1.7514
21.040905,1.6883
21.042464,1.5350
21.043702,1.2198
21.045291,1.5673
21.046844,1.5292
21.047897,1.0309
21.049344,1.4239
21.050901,1.5348
21.052180,1.2595
21.053611,1.4058
21.055070,1.4455
21.056383,1.2903
21.057754,1.3260
21.059145,1.3669
21.060424,1.2600
21.061566,1.1364
21.062714,1.1433
21.063687,0.9675
21.064803,1.1128
21.066029,1.2206
21.067504,1.4698
21.069117,1.5983
21.070280,1.1442
21.071710,1.4120
21.073289,1.5559
21.074858,1.5478
21.076176,1.2971
21.078096,1.9020
21.079341,1.2210
21.080643,1.2940
21.081875,1.2181
21.083075,1.1924
21.084330,1.2492
21.085653,1.2997
21.087150,1.4826
21.088875,1.7006
21.090317,1.4220
21.091684,1.3457
21.092896,1.1979
21.094164,1.2476
21.095433,1.2434
21.096865,1.4148
21.098415,1.5315
21.099728,1.2950
21.101093,1.3428
21.102324,1.2079
21.103599,1.2530
21.104582,0.9714
21.105405,0.8099
21.106731,1.3155
21.108341,1.5881
21.109642,1.2827
21.111019,1.3650
21.112473,1.4302
21.113926,1.4345
21.115419,1.4784
21.116898,1.4579
21.118312,1.3925
21.119648,1.3136
21.121003,1.3437
21.122428,1.3990
21.123697,1.2533
21.125082,1.3597
21.126508,1.4020
21.127302,0.7777
21.128884,1.5767
21.130239,1.3318
21.131628,1.3643
21.132992,1.3508
21.134443,1.4279
21.135848,1.3906
21.137268,1.3971
21.138342,1.0500
21.139340,0.9764
21.140621,1.2620
21.141936,1.3036
21.143365,1.4080
21.144606,1.1979
21.145952,1.3346
21.147443,1.4674
21.149034,1.5693
21.150543,1.4853
21.151700,1.1457
21.153038,1.3227
21.154491,1.4286
21.155773,1.2700
21.157065,1.2681
21.158516,1.4269
21.159660,1.1324
21.160943,1.2713
21.162381,1.4169
21.163632,1.2210
21.164886,1.2424
21.166358,1.4522
21.167603,1.2297
21.169002,1.3871
21.170372,1.3482
21.171673,1.2701
21.172645,0.9607
21.173595,0.9299
21.174620,1.0135
21.175712,1.0811
21.177070,1.3361
21.178435,1.3435
21.179686,1.2325
21.180783,1.0851
21.181606,0.8046
21.182367,0.7492
21.183526,1.1539
21.184303,0.7670
21.185093,0.7846
21.186347,1.2332
21.187645,1.2757
21.189105,1.4497
21.190507,1.3781
21.191647,1.1201
21.193179,1.5250
21.194516,1.3130
21.195716,1.1887
21.196531,0.7908
21.197297,0.7556
21.198260,0.9578
21.199376,1.1050
21.200442,1.0430
21.201429,0.9831
21.202349,0.9181
21.203494,1.1415
21.204478,0.9811
21.205451,0.9706
21.206380,0.9234
21.207380,0.9967
21.208372,0.9797
21.209721,1.3393
21.210925,1.1687
21.212371,1.4235
21.213640,1.2298
21.214580,0.9279
21.215524,0.9312
21.216861,1.3163
21.218315,1.4297
21.219530,1.1975
21.220689,1.1467
21.221814,1.1132
21.223092,1.2549
21.224205,1.0952
21.225230,1.0031
21.226362,1.1139
21.227408,1.0250
21.228396,0.9780
21.229635,1.2180
21.230970,1.3123
21.232265,1.2697
21.233731,1.4433
21.235211,1.4567
21.236297,1.0620
21.237551,1.2358
21.238707,1.1457
21.239681,0.9703
21.240763,1.0794
21.242293,1.5037
21.243428,1.1111
21.244622,1.1814
21.246001,1.3680
21.247128,1.1041
21.248353,1.2181
21.249645,1.2720
21.251166,1.5100
21.252422,1.2327
21.253617,1.1844
21.254881,1.2518
21.255984,1.0957
21.257213,1.2244
21.258266,1.0479
21.259601,1.3275
21.260836,1.2216
21.262027,1.1837
21.263461,1.4284
21.264616,1.1392
21.266048,1.4182
21.267203,1.1334
21.268428,1.2172
21.269597,1.1587
21.270694,1.0928
21.271882,1.1839
21.273013,1.1253
21.274487,1.4699
21.275955,1.4520
21.277412,1.4375
21.278721,1.2870
21.279955,1.2182
21.281403,1.4409
21.282661,1.2433
21.283798,1.1325
21.284941,1.1373
21.286197,1.2518
21.287517,1.3010
21.288907,1.3736
21.290624,1.6960
21.291848,1.2083
21.293169,1.3005
21.294430,1.2548
21.295674,1.2285
21.296838,1.1573
21.297854,1.0108
21.298971,1.1119
21.300414,1.4371
21.301952,1.5159
21.303439,1.4657
21.304973,1.5175
21.306409,1.4124
21.307856,1.4312
21.309298,1.4186
21.310695,1.3757
21.311861,1.1454
21.313014,1.1456
21.314299,1.2797
21.315576,1.2713
21.316802,1.2104
21.317876,1.0650
21.319142,1.2607
21.320351,1.2043
21.321768,1.4114
21.323098,1.3090
21.324381,1.2749
21.325795,1.3790
21.327119,1.2998
21.328365,1.2376
21.329798,1.4142
21.330863,1.0460
21.332107,1.2368
21.333364,1.2507
21.334615,1.2460
21.335741,1.1109
21.337311,1.5607
21.338510,1.1939
21.339699,1.1826
21.343401,3.6963
21.344654,1.2419
21.345853,1.1931
21.347019,1.1612
21.348156,1.1317
21.349182,1.0202
21.350596,1.4087
21.352032,1.4186
21.353334,1.2684
21.354668,1.3165
21.355996,1.3215
21.357512,1.5077
21.358963,1.4296
21.360298,1.3125
21.361680,1.3663
21.363074,1.3878
21.364516,1.4194
21.365640,1.1175
21.366795,1.1527
21.367893,1.0929
21.369380,1.4821
21.370918,1.4929
21.372405,1.4640
21.373705,1.2786
21.375357,1.6425
21.376587,1.2084
21.377548,0.9509
21.378897,1.3457
21.380419,1.5168
21.381874,1.4331
21.383382,1.4859
21.384690,1.2762
21.386099,1.3971
21.387344,1.2212
21.388615,1.2478
21.390089,1.4628
21.391184,1.0737
21.392811,1.6189
21.394301,1.4676
21.395668,1.3446
21.397016,1.3364
21.398513,1.4902
21.399707,1.1804
21.400920,1.1881
21.402344,1.4162
21.403892,1.5294
21.405098,1.1859
21.406324,1.2187
21.407513,1.1836
21.408698,1.1791
21.409863,1.1624
21.410879,1.0098
21.412435,1.5499
21.413691,1.2424
21.414954,1.2558
21.416180,1.2206
21.417372,1.1863
21.418981,1.5750
21.420439,1.4368
21.421660,1.2052
21.422716,1.0409
21.423927,1.2064
21.425123,1.1907
21.426429,1.3010
21.427646,1.2082
21.428868,1.2164
21.430063,1.1902
21.431516,1.4476
21.432728,1.1931
21.433689,0.9542
21.435053,1.3589
21.436507,1.4485
21.437810,1.2839
21.439064,1.2457
21.440492,1.4233
21.441994,1.4840
21.443079,1.0641
21.444188,1.1007
21.445979,1.7689
21.447353,1.3516
21.448781,1.4063
21.450326,1.5264
21.451739,1.3890
21.453042,1.2826
21.454297,1.2331
21.455348,1.0317
21.456673,1.3028
21.458030,1.3434
21.459435,1.3865
21.460668,1.2195
21.462112,1.4289
21.463511,1.3776
21.464806,1.2825
21.466324,1.4949
21.467725,1.3829
21.469095,1.3575
21.470303,1.1843
21.471717,1.3930
21.473104,1.3657
21.474404,1.2786
21.475792,1.3752
21.476921,1.1081
21.478296,1.3561
21.479565,1.2472
21.480757,1.1805
21.482200,1.4208
21.483884,1.6596
21.485257,1.3519
21.486834,1.5559
21.487947,1.0909
21.489106,1.1378
21.490862,1.7343
21.492375,1.4904
21.493953,1.5286
21.495364,1.3918
21.496640,1.2362
21.498156,1.5042
21.499579,1.3985
21.500864,1.2728
21.502309,1.4238
21.503774,1.4407
21.505101,1.3060
21.506516,1.3893
21.507991,1.4629
21.509483,1.4669
21.510622,1.1273
21.511586,0.9519
21.512790,1.1916
21.514300,1.4846
21.515997,1.6729
21.517462,1.4411
21.518743,1.2691
21.520114,1.3493
21.521571,1.4327
21.522623,1.0403
21.523565,0.9305
21.525059,1.4830
21.526409,1.3155
21.527873,1.4394
21.529181,1.2841
21.530571,1.3700
21.531926,1.3433
21.533276,1.3238
21.534326,1.0242
21.535707,1.3571
21.537070,1.3420
21.538425,1.3316
21.539935,1.4866
21.541261,1.3029
21.542913,1.6279
21.544474,1.5377
21.545778,1.2924
21.546825,1.0281
21.548133,1.2845
21.549425,1.2704
21.550727,1.2911
21.551960,1.2190
21.553503,1.5355
21.554973,1.4477
21.556653,1.6565
21.557870,1.2045
21.559233,1.3393
21.560573,1.3174
21.562062,1.4765
21.563552,1.4687
21.564933,1.3679
21.566494,1.5401
21.568296,1.7796
21.569585,1.2662
21.570854,1.2555
21.571843,0.9710
21.572899,1.0354
21.574206,1.2866
21.575647,1.4186
21.577360,1.6997
21.578855,1.4715
21.580236,1.3586
21.581845,1.5904
21.583369,1.4992
21.584657,1.2488
21.585877,1.2074
21.587094,1.2085
21.588545,1.4457
21.589816,1.2533
21.591431,1.5908
21.592935,1.4794
21.594312,1.3580
21.596068,1.7330
21.597553,1.4627
21.598936,1.3685
21.600480,1.5216
21.601772,1.2737
21.603297,1.5039
21.604414,1.0935
21.605574,1.1384
21.607243,1.6557
21.608593,1.3273
21.609873,1.2662
21.611358,1.4786
21.612960,1.5785
21.614433,1.4494
21.615980,1.5312
21.617505,1.5046
21.618938,1.4184
21.620383,1.4274
21.621763,1.3444
21.623228,1.4438
21.624906,1.6558
21.626608,1.6846
21.628112,1.4900
21.629814,1.6787
21.631454,1.6231
21.633015,1.5394
21.634754,1.7168
21.636288,1.5151
21.637747,1.4372
21.638853,1.0866
21.640140,1.2668
21.641576,1.4188
21.642862,1.2728
21.644431,1.5622
21.646054,1.6050
21.647411,1.3335
21.649020,1.5871
21.650247,1.2026
21.651849,1.5833
21.653464,1.5929
21.655133,1.6555
21.656374,1.2189
21.657939,1.5352
21.659287,1.3244
21.660826,1.5200
21.662203,1.3555
21.663554,1.3310
21.665050,1.4836
21.666365,1.2988
21.667920,1.5174
21.669496,1.5528
21.670973,1.4634
21.672364,1.3711
21.673550,1.1479
21.674684,1.1204
21.675922,1.2264
21.677453,1.5234
21.678827,1.3494
21.680353,1.5030
21.681962,1.5868
21.683441,1.4550
21.684878,1.4205
21.686092,1.1957
21.687513,1.4015
21.688977,1.4512
21.690309,1.3080
21.691966,1.6401
21.693439,1.4496
21.694747,1.2915
21.696351,1.5822
21.697358,0.9851
21.698615,1.2353
21.699824,1.1966
21.701409,1.5782
21.703065,1.6428
21.704528,1.4377
21.705899,1.3581
21.707480,1.5556
21.708955,1.4612
21.710283,1.3091
21.711829,1.5253
21.713381,1.5283
21.714717,1.3101
21.716097,1.3536
21.717159,1.0398
21.718234,1.0536
21.719940,1.6848
21.721492,1.5276
21.722828,1.3235
21.724276,1.4317
21.725666,1.3664
21.727266,1.5883
21.728659,1.3695
21.730077,1.4051
21.731349,1.2515
21.732714,1.3576
21.734353,1.6148
21.735870,1.4961
21.737474,1.5834
21.739059,1.5679
21.740525,1.4419
21.742020,1.4805
21.743276,1.2335
21.744357,1.0622
21.746002,1.6230
21.747427,1.4017
21.748966,1.5254
21.750324,1.3346
21.751700,1.3581
21.753360,1.6367
21.754917,1.5348
21.756437,1.4965
21.758131,1.6703
21.759427,1.2747
21.761051,1.6025
21.762526,1.4484
21.763649,1.1101
21.765022,1.3683
21.766017,0.9909
21.766969,0.9492
21.768350,1.3759
21.769927,1.5546
21.771261,1.3095
21.772681,1.4026
21.774100,1.3961
21.775415,1.2935
21.776663,1.2343
21.777871,1.1949
21.779321,1.4315
21.780955,1.6097
21.782366,1.3946
21.783778,1.3782
21.785380,1.5784
21.786959,1.5482
21.788272,1.2940
21.789331,1.0401
21.790929,1.5752
21.792449,1.4941
21.793808,1.3359
21.795403,1.5695
21.797171,1.7547
21.798531,1.3406
21.799977,1.4252
21.801470,1.4702
21.802988,1.5045
21.804373,1.3616
21.805929,1.5229
21.807309,1.3563
21.808680,1.3514
21.810149,1.4464
21.811159,0.9865
21.812369,1.2006
21.813614,1.2110
21.814651,1.0238
21.815853,1.1893
21.817122,1.2622
21.817967,0.8398
21.818848,0.8749
21.819986,1.1210
21.821117,1.1080
21.822175,1.0443
21.823207,1.0241
21.824180,0.9567
21.825219,1.0307
21.826186,0.9606
21.827154,0.9610
21.828135,0.9753
21.829086,0.9461
21.830261,1.1694
21.831400,1.1154
21.832693,1.2643
21.833921,1.2147
21.835041,1.1011
21.836282,1.2233
21.837464,1.1605
21.838557,1.0895
21.839665,1.1043
21.840787,1.1171
21.841871,1.0791
21.843123,1.2461
21.844431,1.2818
21.845633,1.1906
21.846792,1.1461
21.848063,1.2662
21.849515,1.4469
21.850964,1.4277
21.852305,1.3200
21.853410,1.0894
21.855006,1.5773
21.856377,1.3499
21.857610,1.1984
21.859201,1.5733
21.860503,1.2951
21.861802,1.2863
21.863363,1.5532
21.864972,1.5696
21.866282,1.2875
21.867719,1.4142
21.869352,1.6111
21.870904,1.5279
21.872379,1.4547
21.873792,1.3806
21.875380,1.5695
21.876944,1.5318
21.878434,1.4679
21.879669,1.2180
21.880750,1.0684
21.882291,1.5188
21.883884,1.5715
21.885441,1.5326
21.886801,1.3413
21.888426,1.6061
21.890011,1.5708
21.891126,1.0910
21.892209,1.0639
21.893536,1.3051
21.895025,1.4763
21.896428,1.3805
21.898036,1.5954
21.899556,1.4979
21.901057,1.4878
21.902927,1.8479
21.904263,1.3149
21.905870,1.5852
21.907458,1.5662
21.908984,1.5128
21.910443,1.4369
21.911778,1.3156
21.913363,1.5634
21.914589,1.2070
21.915744,1.1413
21.917415,1.6470
21.918669,1.2327
21.919837,1.1634
21.921063,1.2201
21.922428,1.3596
21.923893,1.4495
21.925381,1.4690
21.926703,1.2883
21.927776,1.0517
21.929349,1.5557
21.930938,1.5679
21.932447,1.4905
21.933927,1.4654
21.935539,1.5899
21.936978,1.4250
21.938178,1.1780
21.939631,1.4335
21.940992,1.3481
21.942639,1.6235
21.944061,1.4084
21.945621,1.5415
21.947087,1.4532
21.948568,1.4589
21.949717,1.1353
21.950837,1.1018
21.952429,1.5701
21.954079,1.6372
21.955600,1.4985
21.957103,1.4895
21.958431,1.3046
21.959873,1.4287
21.961233,1.3356
21.962384,1.1346
21.963889,1.4676
21.965418,1.5075
21.966963,1.5273
21.968419,1.4396
21.969919,1.4786
21.971426,1.4850
21.972651,1.2116
21.974031,1.3670
21.975543,1.4907
21.976977,1.4204
21.978440,1.4416
21.980031,1.5783
21.981420,1.3667
21.982856,1.4236
21.984147,1.2843
21.985531,1.3610
21.986902,1.3575
21.988439,1.5142
21.989540,1.0812
21.990806,1.2545
21.992490,1.6769
21.993927,1.4133
21.995416,1.4667
21.997123,1.6936
21.998641,1.4912
22.000326,1.6721
22.001866,1.5173
22.003286,1.3965
22.004747,1.4365
22.006384,1.6206
22.008033,1.6096
22.009477,1.4271
22.010911,1.4194
22.012470,1.5441
22.014028,1.5445
22.015553,1.4987
22.017051,1.4840
22.018137,1.0628
22.019370,1.2246
22.020951,1.5537
22.022574,1.6015
22.024075,1.4860
22.025583,1.4842
22.027080,1.4822
22.028153,1.0474
22.029336,1.1630
22.030706,1.3602
22.032283,1.5593
22.033812,1.5064
22.035153,1.3194
22.036590,1.4129
22.037994,1.3917
22.039173,1.1590
22.040710,1.5198
22.041819,1.0848
22.043030,1.2038
22.044442,1.4073
22.045689,1.2328
22.046916,1.2200
22.048552,1.6306
22.049831,1.2600
22.051099,1.2614
22.052513,1.4078
22.053659,1.1296
22.054782,1.1151
22.056033,1.2463
22.057396,1.3578
22.058841,1.4381
22.060093,1.2288
22.061167,1.0672
22.062144,0.9715
22.063256,1.1043
22.064099,0.8376
22.064876,0.7715
22.066431,1.5499
22.067771,1.3230
22.069068,1.2898
22.070375,1.3020
22.072013,1.6000
22.073174,1.1391
22.074537,1.3554
22.075878,1.3236
22.077040,1.1553
22.078479,1.4334
22.080033,1.5367
22.081189,1.1353
22.082614,1.4183
22.083827,1.1890
22.085013,1.1794
22.086660,1.6418
22.088223,1.5452
22.089523,1.2795
22.090909,1.3695
22.092145,1.2120
22.093564,1.4124
22.094728,1.1483
22.095921,1.1855
22.097099,1.1723
22.098195,1.0916
22.099536,1.3356
22.100836,1.2832
22.102046,1.2027
22.103545,1.4937
22.104871,1.3085
22.106117,1.2265
22.107535,1.3998
22.108902,1.3506
22.110407,1.4971
22.111979,1.5513
22.113333,1.3333
22.114828,1.4740
22.116137,1.2883
22.117142,0.9982
22.118310,1.1611
22.119854,1.5390
22.121437,1.5607
22.122908,1.4560
22.124381,1.4535
22.125868,1.4717
22.127504,1.6130
22.128617,1.0982
22.130083,1.4432
22.131579,1.4746
22.132837,1.2430
22.134139,1.2797
22.135903,1.7574
22.137455,1.5289
22.139036,1.5663
22.140060,1.0020
22.141426,1.3585
22.142960,1.5173
22.144418,1.4392
22.146043,1.6094
22.147113,1.0477
22.148338,1.2196
22.149546,1.2021
22.150732,1.1822
22.151689,0.9522
22.152937,1.2430
22.154264,1.3222
22.155521,1.2523
22.156814,1.2715
22.158026,1.2045
22.159374,1.3417
22.160994,1.5790
22.162116,1.1002
22.163130,0.9922
22.164409,1.2708
22.165604,1.1879
22.166787,1.1780
22.167929,1.1368
22.169222,1.2882
22.170568,1.3298
22.171685,1.0937
22.172850,1.1604
22.174113,1.2576
22.175201,1.0829
22.176546,1.3391
22.177846,1.2777
22.179161,1.3074
22.180598,1.4321
22.181739,1.1237
22.182890,1.1434
22.184017,1.1223
22.185324,1.3014
22.186947,1.6029
22.188444,1.4753
22.189781,1.3189
22.191281,1.4840
22.192662,1.3746
22.194276,1.5974
22.195881,1.5816
22.197242,1.3380
22.198654,1.4049
22.200294,1.6238
22.201943,1.6265
22.203280,1.3170
22.204779,1.4767
22.206339,1.5417
22.207609,1.2495
22.208713,1.0889
22.209866,1.1459
22.211010,1.1394
22.212068,1.0529
22.213500,1.4261
22.214967,1.4516
22.216478,1.4889
22.217963,1.4707
22.219083,1.1009
22.220132,1.0289
22.221546,1.3946
22.223089,1.5279
22.224546,1.4330
22.226010,1.4491
22.227431,1.3986
22.228753,1.3017
22.229920,1.1450
22.231015,1.0879
22.232681,1.6425
22.234190,1.4947
22.235370,1.1609
22.236795,1.3931
22.238353,1.5354
22.239803,1.4281
22.241084,1.2595
22.242569,1.4780
22.243814,1.2311
22.245007,1.1693
22.246275,1.2618
22.247333,1.0528
22.248652,1.3117
22.249970,1.3037
22.251171,1.1950
22.252623,1.4458
22.253775,1.1370
22.254730,0.9476
22.255943,1.2065
22.257136,1.1882
22.258177,1.0359
22.259380,1.1976
22.260684,1.2757
22.262097,1.4081
22.263337,1.2348
22.264753,1.4112
22.265759,0.9846
22.266908,1.1415
22.268407,1.4916
22.269946,1.5219
22.271183,1.2155
22.272653,1.4476
22.274227,1.5585
22.275795,1.5474
22.277285,1.4679
22.278602,1.2945
22.279927,1.3105
22.281176,1.2410
22.282581,1.4000
22.284036,1.4393
22.285528,1.4705
22.286945,1.4012
22.288230,1.2636
22.289660,1.4237
22.291189,1.5131
22.292653,1.4445
22.294108,1.4398
22.295334,1.2043
22.296786,1.4452
22.298045,1.2388
22.299358,1.3060
22.300825,1.4472
22.302371,1.5269
22.303879,1.4570
22.305409,1.5086
22.306698,1.2668
22.307879,1.1761
22.309015,1.1313
22.310175,1.1551
22.311916,1.7356
22.313437,1.4994
22.314909,1.4538
22.316498,1.5674
22.317593,1.0763
22.319097,1.4889
22.320145,1.0394
22.321670,1.5192
22.323322,1.6269
22.324738,1.3958
22.326380,1.6198
22.327652,1.2417
22.328907,1.2391
22.330406,1.4928
22.331901,1.4729
22.333470,1.5507
22.334851,1.3555
22.336445,1.5722
22.337953,1.4898
22.339475,1.5022
22.341144,1.6492
22.342757,1.5950
22.344065,1.2884
22.345351,1.2668
22.346778,1.4201
22.348405,1.6058
22.349771,1.3512
22.350946,1.1525
22.351976,1.0234
22.353473,1.4911
22.354960,1.4729
22.356467,1.4849
22.357952,1.4694
22.359315,1.3413
22.360770,1.4351
22.362040,1.2489
22.363135,1.0878
22.364616,1.4760
22.365867,1.2354
22.366997,1.1236
22.368575,1.5727
22.370078,1.4862
22.371570,1.4688
22.373028,1.4431
22.374403,1.3677
22.375933,1.5041
22.377228,1.2731
22.378688,1.4396
22.380279,1.5722
22.381802,1.5009
22.383082,1.2609
22.384546,1.4422
22.386037,1.4768
22.387227,1.1678
22.388314,1.0802
22.389767,1.4448
22.390937,1.1486
22.392470,1.5261
22.393981,1.4884
22.395290,1.2867
22.396806,1.4946
22.398027,1.1981
22.399065,1.0320
22.400453,1.3829
22.401891,1.4232
22.403379,1.4648
22.405061,1.6555
22.406363,1.2793
22.407862,1.4919
22.409440,1.5566
22.410720,1.2643
22.412425,1.6888
22.413847,1.4019
22.415257,1.3921
22.416550,1.2856
22.418060,1.4951
22.419403,1.3203
22.420790,1.3668
22.421956,1.1411
22.423321,1.3540
22.424676,1.3413
22.426006,1.3219
22.427280,1.2704
22.428353,1.0537
22.429611,1.2508
22.430962,1.3187
22.431990,1.0090
22.433209,1.2018
22.434560,1.3283
22.435681,1.1120
22.437043,1.3518
22.438340,1.2736
22.439893,1.5306
22.441382,1.4678
22.443078,1.6567
22.444435,1.3334
22.446049,1.5928
22.447437,1.3665
22.448864,1.4120
22.450000,1.1150
22.451299,1.2803
22.452871,1.5498
22.454024,1.1311
22.455378,1.3359
22.456627,1.2131
22.457778,1.1404
22.459222,1.4199
22.460580,1.3364
22.461793,1.2016
22.463310,1.4954
22.464748,1.4161
22.466072,1.3047
22.467418,1.3244
22.468868,1.4382
22.470209,1.3195
22.471515,1.2852
22.472913,1.3855
22.474346,1.4116
22.475595,1.2251
22.476402,0.7956
22.477366,0.9558
22.478741,1.3617
22.480177,1.4141
22.481578,1.3796
22.487687,6.0972
22.489002,1.3032
22.490331,1.3108
22.491753,1.4015
22.493168,1.3934
22.494504,1.3138
22.495942,1.4218
22.497426,1.4613
22.499113,1.6691
22.500441,1.3089
22.501802,1.3450
22.503145,1.3240
22.504550,1.3825
22.505738,1.1751
22.507080,1.3202
22.508637,1.5334
22.509774,1.1245
22.510759,0.9619
22.512067,1.2833
22.513382,1.2918
22.514968,1.5568
22.516414,1.4239
22.517755,1.3199
22.519413,1.6361
22.520868,1.4334
22.522022,1.1339
22.523469,1.4237
22.524872,1.3913
22.526193,1.2894
22.527574,1.3600
22.528970,1.3840
22.530351,1.3611
22.531639,1.2663
22.532803,1.1515
22.533774,0.9526
22.535283,1.4866
22.536644,1.3399
22.538055,1.3885
22.539534,1.4566
22.541095,1.5479
22.542435,1.3166
22.543689,1.2423
22.544582,0.8703
22.545401,0.8076
22.546869,1.4610
22.548206,1.3149
22.549575,1.3463
22.550895,1.3082
22.552353,1.4352
22.553433,1.0565
22.554717,1.2723
22.556330,1.5929
22.557858,1.5016
22.559280,1.3994
22.560580,1.2785
22.561816,1.2248
22.563303,1.4634
22.564740,1.4155
22.565932,1.1696
22.567377,1.4246
22.568688,1.2656
22.570064,1.3653
22.571421,1.3344
22.572875,1.4344
22.574382,1.4849
22.575820,1.4025
22.577446,1.6042
22.578707,1.2467
22.580102,1.3754
22.581378,1.2537
22.582572,1.1689
22.583942,1.3586
22.585409,1.4449
22.587005,1.5771
22.588375,1.3462
22.589398,0.9875
22.590729,1.3144
22.592098,1.3477
22.593421,1.3013
22.594733,1.2955
22.596092,1.3364
22.597527,1.4130
22.598776,1.2256
22.600140,1.3400
22.601381,1.2194
22.602692,1.2773
22.604322,1.6178
22.605576,1.2323
22.606813,1.2255
22.608358,1.5210
22.609754,1.3746
22.610980,1.2041
22.611904,0.9032
22.613299,1.3718
22.614622,1.3019
22.615968,1.3339
22.617429,1.4394
22.618758,1.3072
22.620151,1.3705
22.621371,1.1984
22.622406,1.0064
22.623859,1.4388
22.625365,1.4826
22.626776,1.3773
22.628460,1.6628
22.629737,1.2517
22.631100,1.3391
22.632446,1.3232
22.633925,1.4600
22.635456,1.5091
22.636878,1.4077
22.638194,1.2948
22.639619,1.4067
22.640711,1.0795
22.642214,1.4791
22.643595,1.3549
22.644962,1.3552
22.646617,1.6300
22.647954,1.3251
22.649457,1.4786
22.650880,1.4010
22.652408,1.5035
22.653876,1.4549
22.655145,1.2443
22.656454,1.2859
22.658168,1.6916
22.659527,1.3354
22.660729,1.1902
22.662094,1.3418
22.663417,1.3004
22.664683,1.2458
22.665838,1.1423
22.667042,1.1856
22.668372,1.3080
22.669808,1.3975
22.671238,1.4081
22.672640,1.3799
22.673987,1.3361
22.675445,1.4356
22.676682,1.2258
22.677914,1.2086
22.679433,1.4985
22.680849,1.3920
22.682362,1.4932
22.683819,1.4244
22.685443,1.6010
22.686940,1.4772
22.688175,1.2104
22.689508,1.3126
22.690800,1.2802
22.692130,1.3050
22.693452,1.2999
22.694986,1.5119
22.696413,1.4062
22.697879,1.4429
22.699496,1.5914
22.700619,1.1001
22.701563,0.9322
22.702960,1.3845
22.704381,1.3969
22.705684,1.2678
22.707074,1.3788
22.708491,1.3928
22.709931,1.4280
22.711347,1.3931
22.712655,1.2841
22.713564,0.8975
22.714890,1.3140
22.716315,1.4003
22.717320,0.9836
22.718294,0.9555
22.719504,1.1885
22.720714,1.1986
22.721992,1.2539
22.723466,1.4506
22.724353,0.8709
22.725246,0.8788
22.726417,1.1505
22.728011,1.5821
22.729458,1.4245
22.730890,1.4211
22.732313,1.3987
22.733722,1.3873
22.735258,1.5117
22.736226,0.9445
22.737661,1.4170
22.738950,1.2783
22.740361,1.3877
22.741607,1.1999
22.742922,1.3040
22.744412,1.4661
22.746023,1.5939
22.747268,1.2246
22.748248,0.9590
22.749570,1.3028
22.750895,1.3132
22.752403,1.4874
22.753664,1.2453
22.755228,1.5530
22.756551,1.2991
22.757873,1.3103
22.759292,1.3989
22.760539,1.2309
22.761864,1.3125
22.763148,1.2605
22.764512,1.3402
22.765763,1.2396
22.767094,1.3050
22.768372,1.2585
22.769777,1.3730
22.771058,1.2546
22.772533,1.4513
22.773791,1.2465
22.775100,1.2885
22.776413,1.2899
22.777874,1.4482
22.779127,1.2307
22.780414,1.2626
22.781770,1.3344
22.782685,0.8942
22.784048,1.3391
22.785656,1.5846
22.786767,1.0992
22.788168,1.3819
22.789584,1.3921
22.790787,1.1911
22.792120,1.3086
22.793073,0.9333
22.793946,0.8530
22.795077,1.1127
22.796441,1.3419
22.797928,1.4663
22.798914,0.9627
22.799794,0.8596
22.800899,1.0855
22.802083,1.1657
22.803514,1.4105
22.804560,1.0349
22.805340,0.7674
22.806419,1.0736
22.807735,1.3020
22.809045,1.2904
22.810172,1.1027
22.811033,0.8416
22.812430,1.3783
22.813531,1.0851
22.814300,0.7586
22.815276,0.9706
22.816431,1.1285
22.817944,1.5037
22.819212,1.2450
22.820619,1.3850
22.821935,1.3049
22.823168,1.2151
22.824463,1.2736
22.825734,1.2597
22.826838,1.0846
22.828116,1.2575
22.829426,1.2891
22.830728,1.2765
22.832107,1.3546
22.833292,1.1609
22.834610,1.3003
22.835842,1.2207
22.837412,1.5464
22.838290,0.8629
22.839296,0.9928
22.840556,1.2411
22.841895,1.3282
22.843142,1.2211
22.844361,1.1947
22.845633,1.2509
22.846908,1.2638
22.848411,1.4831
22.849886,1.4606
22.851223,1.3174
22.852582,1.3348
22.854063,1.4698
22.855474,1.3909
22.856915,1.4200
22.858213,1.2764
22.859372,1.1365
22.860701,1.3172
22.861966,1.2424
22.863512,1.5247
22.864859,1.3306
22.866350,1.4698
22.868055,1.6807
22.869402,1.3238
22.870726,1.3131
22.872035,1.2979
22.873273,1.2163
22.874742,1.4461
22.876196,1.4355
22.877594,1.3729
22.878822,1.2171
22.880334,1.4900
22.881897,1.5397
22.883138,1.2187
22.884444,1.2847
22.885962,1.5024
22.887453,1.4690
22.888881,1.4045
22.890115,1.2118
22.891544,1.4065
22.892860,1.3038
22.894164,1.2821
22.895425,1.2444
22.896869,1.4311
22.898380,1.4897
22.899682,1.2614
22.901047,1.3525
22.902466,1.3954
22.903887,1.4051
22.905173,1.2632
22.911678,6.4867
22.917411,5.7210
22.918891,1.4621
22.920407,1.4937
22.921983,1.5564
22.923417,1.4169
22.924977,1.5396
22.926452,1.4541
22.928302,1.8273
22.929978,1.6580
22.931500,1.5006
22.932894,1.3788
22.933893,0.9818
22.935129,1.2181
22.936534,1.3827
22.938133,1.5855
22.939434,1.2766
22.940684,1.2281
22.942054,1.3450
22.943509,1.4307
22.944954,1.4235
22.946383,1.4070
22.947685,1.2626
22.948992,1.2955
22.950435,1.4191
22.951708,1.2589
22.953067,1.3415
22.954428,1.3394
22.955707,1.2672
22.956617,0.8990
22.957429,0.7999
22.958503,1.0694
22.959700,1.1858
22.961008,1.2828
22.962449,1.4166
22.963859,1.3868
22.965311,1.4311
22.966551,1.2157
22.968100,1.5375
22.968956,0.8351
22.970122,1.1478
22.971231,1.0844
22.972589,1.3356
22.973976,1.3765
22.975306,1.3044
22.976568,1.2431
22.977455,0.8757
22.978587,1.1235
22.979770,1.1801
22.980647,0.8721
22.981776,1.1253
22.983027,1.2447
22.984495,1.4628
22.985984,1.4753
22.987366,1.3628
22.988890,1.5072
22.990483,1.5695
22.991633,1.1362
22.992797,1.1509
22.994176,1.3589
22.995632,1.4354
22.997237,1.5904
22.998602,1.3411
23.000055,1.4386
23.001523,1.4442
23.002882,1.3453
23.004241,1.3414
23.005644,1.3845
23.007092,1.4282
23.008434,1.3201
23.009995,1.5402
23.011355,1.3387
23.012926,1.5521
23.014488,1.5365
23.016114,1.6034
23.017361,1.2238
23.018910,1.5305
23.020416,1.4855
23.021719,1.2887
23.022940,1.2001
23.024416,1.4640
23.025835,1.4096
23.026987,1.1427
23.028218,1.2254
23.029379,1.1563
23.030545,1.1630
23.031685,1.1377
23.032843,1.1523
23.034028,1.1811
23.035355,1.3222
23.036919,1.5087
23.038218,1.2761
23.039564,1.3217
23.041036,1.4593
23.042577,1.5079
23.043995,1.4062
23.045518,1.4991
23.046708,1.1775
23.048099,1.3795
23.049553,1.4316
23.050641,1.0759
23.051902,1.2358
23.053456,1.5469
23.054921,1.4526
23.056501,1.5571
23.057979,1.4557
23.059498,1.4955
23.060954,1.4346
23.062382,1.4103
23.063793,1.3787
23.065372,1.5571
23.066696,1.2882
23.067939,1.2214
23.069435,1.4755
23.071088,1.6309
23.072178,1.0665
23.073541,1.3432
23.075126,1.5719
23.076545,1.3970
23.077762,1.2037
23.079481,1.6974
23.080938,1.4366
23.082435,1.4745
23.083664,1.2120
23.084887,1.2104
23.086363,1.4541
23.087908,1.5031
23.089434,1.5033
23.090920,1.4648
23.092346,1.4085
23.093705,1.3407
23.094855,1.1303
23.095963,1.0889
23.096957,0.9751
23.098404,1.4240
23.099712,1.2852
23.101163,1.4283
23.102790,1.6049
23.104272,1.4584
23.105694,1.3975
23.107526,1.8197
23.109068,1.5251
23.110636,1.5434
23.112114,1.4642
23.113629,1.4913
23.114880,1.2375
23.116444,1.5429
23.118186,1.7290
23.119354,1.1453
23.120856,1.4797
23.122424,1.5461
23.123757,1.3093
23.125270,1.4934
23.126669,1.3782
23.128171,1.4897
23.129328,1.1302
23.130593,1.2434
23.131850,1.2431
23.133317,1.4598
23.134881,1.5441
23.136511,1.6059
23.137975,1.4509
23.139353,1.3541
23.140831,1.4563
23.141954,1.1045
23.143431,1.4585
23.144931,1.4758
23.146423,1.4672
23.147728,1.2875
23.149286,1.5342
23.151004,1.6948
23.152353,1.3247
23.153612,1.2361
23.154932,1.2998
23.156521,1.5657
23.157974,1.4400
23.159411,1.4134
23.160889,1.4541
23.162478,1.5657
23.163789,1.2970
23.165116,1.3099
23.166568,1.4327
23.167965,1.3848
23.169657,1.6684
23.170926,1.2560
23.172420,1.4716
23.173844,1.4013
23.175417,1.5527
23.176634,1.1959
23.177714,1.0665
23.178952,1.2120
23.180406,1.4479
23.182082,1.6537
23.183406,1.2999
23.184969,1.5370
23.186298,1.3090
23.187827,1.5108
23.189083,1.2370
23.190522,1.4213
23.192078,1.5433
23.193432,1.3294
23.194974,1.5290
23.196411,1.4213
23.198008,1.5834
23.199509,1.4778
23.200894,1.3613
23.202428,1.5125
23.203957,1.5142
23.205421,1.4462
23.206882,1.4445
23.208347,1.4401
23.210130,1.7614
23.211445,1.2911
23.213023,1.5596
23.214446,1.4017
23.215856,1.3894
23.217336,1.4571
23.218681,1.3224
23.219920,1.2205
23.221120,1.1919
23.222122,0.9965
23.223640,1.5121
23.224746,1.0800
23.225830,1.0645
23.227243,1.4060
23.228714,1.4485
23.230336,1.6013
23.231909,1.5490
23.233404,1.4784
23.234694,1.2683
23.236052,1.3446
23.237043,0.9691
23.238344,1.2928
23.239955,1.5858
23.241290,1.3121
23.242674,1.3574
23.244409,1.7214
23.245910,1.4886
23.247540,1.6053
23.248609,1.0557
23.249884,1.2617
23.251448,1.5409
23.252895,1.4324
23.254405,1.4849
23.255869,1.4432
23.257430,1.5380
23.258753,1.3090
23.260114,1.3407
23.261419,1.2880
23.263009,1.5756
23.264098,1.0641
23.265333,1.2160
23.266647,1.2961
23.268018,1.3583
23.269326,1.2838
23.270417,1.0730
23.271786,1.3520
23.273367,1.5617
23.275026,1.6209
23.276430,1.3812
23.277780,1.3367
23.279043,1.2400
23.280489,1.4232
23.281957,1.4558
23.283265,1.2890
23.284742,1.4568
23.286236,1.4700
23.287422,1.1630
23.288847,1.4117
23.290419,1.5497
23.291855,1.4135
23.293421,1.5466
23.294796,1.3611
23.296348,1.5299
23.297893,1.5229
23.299259,1.3414
23.300625,1.3416
23.301935,1.2965
23.303455,1.4993
23.305081,1.6128
23.306297,1.1978
23.307697,1.3826
23.308978,1.2626
23.310482,1.4817
23.312126,1.6315
23.313441,1.2987
23.314791,1.3371
23.316519,1.7059
23.317977,1.4453
23.319436,1.4368
23.320706,1.2575
23.322056,1.3316
23.323541,1.4640
23.324915,1.3601
23.326506,1.5691
23.327925,1.4069
23.329243,1.2996
23.330919,1.6592
23.332460,1.5183
23.333771,1.2916
23.335380,1.5894
23.336743,1.3292
23.338315,1.5479
23.339419,1.0824
23.340420,0.9821
23.341563,1.1389
23.342731,1.1647
23.343950,1.2122
23.345368,1.4128
23.346949,1.5375
23.348375,1.4046
23.349849,1.4422
23.351411,1.5430
23.352859,1.4327
23.354416,1.5390
23.356098,1.6639
23.357546,1.4275
23.359026,1.4661
23.360584,1.5360
23.362109,1.5101
23.363527,1.4000
23.364990,1.4492
23.366448,1.4380
23.368014,1.5483
23.369362,1.3262
23.370863,1.4813
23.372350,1.4652
23.373597,1.2290
23.374646,1.0349
23.375924,1.2638
23.377412,1.4814
23.378861,1.4355
23.380426,1.5435
23.381887,1.4469
23.383134,1.2245
23.384665,1.5254
23.386154,1.4751
23.387749,1.5757
23.388963,1.2006
23.390437,1.4683
23.391982,1.5315
23.393293,1.2881
23.394755,1.4378
23.396267,1.4900
23.397713,1.4236
23.399439,1.7036
23.400727,1.2625
23.402286,1.5418
23.403836,1.5285
23.405211,1.3528
23.406847,1.6144
23.408439,1.5704
23.409897,1.4360
23.411497,1.5773
23.412663,1.1525
23.413912,1.2359
23.415402,1.4711
23.416809,1.3849
23.418205,1.3733
23.419572,1.3508
23.420925,1.3413
23.422428,1.4800
23.423900,1.4497
23.425506,1.5836
23.426916,1.3942
23.428429,1.4912
23.430022,1.5787
23.431440,1.3950
23.432926,1.4701
23.434415,1.4668
23.435943,1.5140
23.437498,1.5313
23.438993,1.4813
23.440374,1.3588
23.441623,1.2179
23.442707,1.0614
23.443962,1.2351
23.445438,1.4696
23.446943,1.4899
23.448282,1.3173
23.449752,1.4535
23.451489,1.7147
23.452791,1.2843
23.453842,1.0320
23.455107,1.2445
23.456342,1.2129
23.457915,1.5643
23.459410,1.4740
23.460734,1.3099
23.462141,1.3850
23.463556,1.3985
23.464746,1.1770
23.465846,1.0931
23.467403,1.5393
23.468918,1.4963
23.470456,1.5153
23.472123,1.6514
23.473633,1.4921
23.474853,1.2068
23.476145,1.2745
23.477428,1.2634
23.478978,1.5317
23.480464,1.4633
23.482094,1.6086
23.483425,1.3092
23.484750,1.3096
23.486315,1.5432
23.487398,1.0603
23.488696,1.2794
23.489882,1.1685
23.491339,1.4494
23.492747,1.3914
23.494329,1.5616
23.495772,1.4188
23.497165,1.3722
23.498590,1.4031
23.499967,1.3646
23.501490,1.5060
23.502607,1.1041
23.504264,1.6435
23.505813,1.5251
23.507371,1.5343
23.508779,1.3734
23.510137,1.3392
23.511317,1.1632
23.512676,1.3498
23.513927,1.2387
23.515128,1.1941
23.516357,1.2232
23.517913,1.5512
23.519413,1.4784
23.520995,1.5584
23.522603,1.5897
23.523842,1.2244
23.525227,1.3785
23.526665,1.4104
23.528101,1.4218
23.529528,1.4200
23.530826,1.2838
23.532057,1.2240
23.533196,1.1337
23.534450,1.2484
23.535368,0.9027
23.536116,0.7428
23.536874,0.7514
23.537753,0.8738
23.539011,1.2527
23.540700,1.6834
23.542037,1.3134
23.543530,1.4851
23.544842,1.2960
23.546099,1.2500
23.547360,1.2550
23.548713,1.3477
23.549963,1.2300
23.551355,1.3849
23.552690,1.3299
23.553936,1.2245
23.555427,1.4852
23.556762,1.3133
23.558042,1.2577
23.559438,1.3881
23.561278,1.8231
23.562912,1.6149
23.564496,1.5637
23.565738,1.2262
23.567198,1.4405
23.568658,1.4380
23.570177,1.5040
23.571628,1.4320
23.573081,1.4384
23.574426,1.3223
23.575890,1.4466
23.577421,1.5076
23.578600,1.1589
23.579929,1.3147
23.581431,1.4950
23.582711,1.2652
23.583855,1.1380
23.585356,1.4953
23.586940,1.5623
23.588449,1.4879
23.589831,1.3661
23.591182,1.3317
23.592638,1.4337
23.594266,1.6139
23.595860,1.5715
23.597075,1.1957
23.598535,1.4535
23.599737,1.1820
23.600831,1.0872
23.601832,0.9962
23.603035,1.1962
23.604429,1.3889
23.606074,1.6236
23.607441,1.3438
23.608787,1.3284
23.610402,1.5947
23.612165,1.7473
23.613764,1.5797
23.615355,1.5708
23.617066,1.6897
23.618268,1.1848
23.619609,1.3337
23.620886,1.2627
23.622416,1.5228
23.623373,0.9358
23.624817,1.4370
23.626582,1.7520
23.627678,1.0844
23.628941,1.2514
23.630458,1.4958
23.632097,1.6198
23.633560,1.4268
23.634773,1.1972
23.636209,1.4078
23.637548,1.3178
23.638765,1.2071
23.645005,6.2184
23.647084,2.0613
23.649186,2.0803
23.653673,4.4674
23.656044,2.3569
23.660519,4.4533
23.662911,2.3762
23.665902,2.9691
23.669233,3.3111
23.672684,3.4289
23.676142,3.4391
23.678356,2.1934
23.683101,4.7216
23.685005,1.8811
23.689860,4.8322
23.693022,3.1415
23.695096,2.0549
23.699985,4.8625
23.702203,2.1958
23.705528,3.3023
23.709499,3.9513
23.713500,3.9806
23.717189,3.6684
23.718573,1.3616
23.720081,1.4877
23.725425,5.3205
23.728036,2.5874
23.733845,5.7866
23.735841,1.9748
23.740492,4.6275
23.743460,2.9458
23.748431,4.9505
23.750502,2.0476
23.755600,5.0783
23.758664,3.0433
23.762065,3.3805
23.765195,3.1073
23.766658,1.4394
23.771496,4.8179
23.774871,3.3510
23.779366,4.4736
23.781921,2.5154
23.783667,1.7228
23.788224,4.5367
23.791501,3.2526
23.793367,1.8436
23.798426,5.0247
23.800432,1.9854
23.805369,4.9143
23.808616,3.2053
23.814359,5.7232
23.816113,1.7320
23.819492,3.3588
23.823233,3.7204
23.825726,2.4706
23.829786,4.0372
23.832423,2.6147
23.834512,2.0690
23.840415,5.8831
23.843033,2.5982
23.847435,4.3784
23.849681,2.2243
23.854471,4.7702
23.857526,3.0340
23.860991,3.4455
23.864872,3.8552
23.868646,3.7506
23.873167,4.5009
23.876225,3.0336
23.880570,4.3229
23.884076,3.4861
23.889298,5.1985
23.891272,1.9518
23.896172,4.8753
23.898449,2.2547
23.903833,5.3599
23.906679,2.8247
23.911872,5.1722
23.913620,1.7258
23.917031,3.3905
23.920635,3.5807
23.923411,2.7550
23.927646,4.2145
23.930111,2.4461
23.933504,3.3680
23.937446,3.9225
23.939645,2.1788
23.944507,4.8428
23.946648,2.1214
23.948508,1.8394
23.953663,5.1350
23.956059,2.3768
23.961366,5.2836
23.963375,1.9710
23.968082,4.6673
23.971432,3.3278
23.973477,2.0248
23.978119,4.6207
23.980078,1.9344
23.985180,5.0771
23.987597,2.3941
23.992661,5.0440
23.995981,3.2993
23.999508,3.5066
24.001605,2.0765
24.003081,1.4560
24.004628,1.5224
24.005871,1.2206
24.007464,1.5710
24.008814,1.3291
24.010288,1.4502
24.011867,1.5553
24.013117,1.2314
24.014636,1.4949
24.015837,1.1857
24.017068,1.2110
24.018340,1.2525
24.020885,2.5215
24.022486,1.5798
24.027201,4.6985
24.028899,1.6772
24.030450,1.5315
24.035338,4.8723
24.038085,2.7242
24.039432,1.3268
24.044042,4.5911
24.045635,1.5726
24.047507,1.8523
24.052451,4.9227
24.054905,2.4338
24.057057,2.1295
24.062311,5.2309
24.064247,1.9126
24.066203,1.9332
24.071795,5.5682
24.073988,2.1705
24.077052,3.0397
24.080377,3.3010
24.082342,1.9275
24.087687,5.3231
24.090257,2.5495
24.092364,2.0832
24.097017,4.6150
24.098701,1.6613
24.100487,1.7654
24.105426,4.9157
24.108146,2.6976
24.113246,5.0778
24.115142,1.8730
24.117018,1.8517
24.121742,4.7023
24.123676,1.9085
24.125222,1.5253
24.130459,5.2140
24.132278,1.7989
24.134076,1.7754
24.139325,5.2232
24.141894,2.5449
24.147119,5.1919
24.149114,1.9699
24.150885,1.7466
24.155769,4.8604
24.158300,2.5096
24.163405,5.0814
24.165443,2.0170
24.169366,3.8972
24.173195,3.7800
24.175225,2.0059
24.180531,5.2840
24.182445,1.8932
24.188200,5.7346
24.190680,2.4567
24.194119,3.4181
24.197054,2.9123
24.198989,1.9147
24.202437,3.4259
24.205974,3.5143
24.208178,2.1816
24.213014,4.8042
24.214737,1.7017
24.216966,2.2041
24.220272,3.2843
24.223258,2.9633
24.225555,2.2745
24.227108,1.5330
24.231569,4.4381
24.233498,1.9091
24.235296,1.7713
24.240025,4.7067
24.242411,2.3639
24.244180,1.7466
24.249688,5.4846
24.251302,1.5932
24.256324,4.9989
24.259193,2.8467
24.261371,2.1551
24.266106,4.6958
24.268072,1.9433
24.269954,1.8574
24.275347,5.3692
24.277748,2.3777
24.279515,1.7458
24.284177,4.6416
24.286083,1.8820
24.291486,5.3799
24.294021,2.5153
24.297489,3.4463
24.300334,2.8222
24.302128,1.7711
24.307333,5.1822
24.310184,2.8279
24.315957,5.7507
24.318151,2.1710
24.322853,4.6785
24.324814,1.9395
24.327097,2.2604
24.330420,3.2986
24.333442,3.0023
24.335310,1.8480
24.340472,5.1407
24.343009,2.5155
24.345205,2.1724
24.349293,4.0659
24.351175,1.8587
24.354530,3.3328
24.358075,3.5218
24.360136,2.0384
24.365372,5.2118
24.367502,2.0877
24.369408,1.8827
24.373794,4.3635
24.376416,2.5991
24.378137,1.6971
24.383212,5.0550
24.385004,1.7678
24.386264,1.2352
24.391337,5.0527
24.393809,2.4478
24.395516,1.6845
24.400319,4.7826
24.402400,2.0572
24.404149,1.7265
24.409267,5.0940
24.411646,2.3564
24.415520,3.8540
24.418210,2.6682
24.420010,1.7760
24.425500,5.4686
24.428253,2.7333
24.433193,4.9162
24.435198,1.9831
24.438748,3.5264
24.442558,3.7869
24.445118,2.5403
24.449304,4.1623
24.451290,1.9631
24.456478,5.1639
24.458964,2.4650
24.460685,1.6973
24.465514,4.8087
24.467362,1.8254
24.469629,2.2278
24.474488,4.8391
24.476628,2.1191
24.480071,3.4236
24.483185,3.0922
24.485073,1.8646
24.490471,5.3755
24.493402,2.9078
24.496706,3.2803
24.500085,3.3594
24.501654,1.5454
24.502923,1.2491
24.507665,4.7215
24.509638,1.9522
24.511597,1.9387
24.516983,5.3664
24.518383,1.3802
24.520087,1.6798
24.524857,4.7475
24.527119,2.2378
24.529353,2.2127
24.534239,4.8608
24.536359,2.0961
24.537960,1.5781
24.542626,4.6429
24.544844,2.1987
24.546865,1.9984
24.552287,5.3977
24.553719,1.4082
24.555166,1.4257
24.561404,6.2158
24.563884,2.4595
24.568898,4.9919
24.570609,1.6886
24.574087,3.4572
24.577404,3.2953
24.580067,2.6408
24.585556,5.4650
24.587297,1.7183
24.589146,1.8343
24.595344,6.1751
24.597252,1.8858
24.602037,4.7625
24.603507,1.4472
24.605176,1.6485
24.607015,1.8173
24.611415,4.3773
24.614018,2.5818
24.615654,1.6149
24.620466,4.7919
24.621977,1.4879
24.623355,1.3573
24.629517,6.1396
24.631549,2.0119
24.633314,1.7445
24.637832,4.4945
24.639509,1.6522
24.641135,1.6056
24.646082,4.9220
24.648140,2.0364
24.649374,1.2100
24.654081,4.6736
24.656276,2.1709
24.657722,1.4234
24.662408,4.6649
24.664683,2.2506
24.666444,1.7406
24.671318,4.8535
24.673479,2.1381
24.676620,3.1209
24.679831,3.1921
24.682004,2.1499
24.683601,1.5731
24.688374,4.7523
24.690174,1.7582
24.693452,3.2539
24.697416,3.9435
24.699659,2.2185
24.704250,4.5708
24.706079,1.8046
24.707377,1.2754
24.712141,4.7279
24.714364,2.1987
24.716042,1.6301
24.720605,4.5404
24.722358,1.7315
24.726026,3.6460
24.728990,2.9399
24.731174,2.1608
24.732724,1.5270
24.737413,4.6663
24.739230,1.7970
24.742889,3.6371
24.746140,3.2315
24.748811,2.6471
24.753973,5.1358
24.755554,1.5568
24.756761,1.1873
24.757813,1.0298
24.762629,4.7930
24.764560,1.9103
24.766338,1.7702
24.771763,5.4015
24.773569,1.7820
24.775125,1.5346
24.779770,4.6231
24.782249,2.4579
24.784097,1.8238
24.788984,4.8635
24.790617,1.6113
24.792185,1.5473
24.796622,4.4182
24.798947,2.3059
24.800851,1.8791
24.806019,5.1452
24.807865,1.8260
24.809354,1.4663
24.814494,5.1186
24.816663,2.1455
24.819795,3.1103
24.823420,3.6010
24.825228,1.7860
24.830383,5.1322
24.832249,1.8300
24.834258,1.9845
24.838645,4.3635
24.840616,1.9515
24.842365,1.7295
24.847268,4.8663
24.849125,1.8341
24.850416,1.2693
24.855571,5.1351
24.857373,1.7785
24.858704,1.2893
24.863445,4.7159
24.865408,1.9428
24.867507,2.0796
24.872580,5.0557
24.874506,1.9000
24.878118,3.5927
24.881649,3.5059
24.883937,2.2678
24.887044,3.0846
24.889607,2.5391
24.891258,1.6294
24.894409,3.1281
24.898245,3.8119
24.900533,2.2687
24.905281,4.7275
24.907122,1.8195
24.909005,1.8584
24.913496,4.4678
24.915972,2.4564
24.918099,2.1072
24.922417,4.2934
24.923918,1.4803
24.925504,1.5622
24.930139,4.6147
24.932531,2.3710
24.935723,3.1716
24.938497,2.7533
24.940422,1.9030
24.946277,5.8311
24.948699,2.3988
24.953291,4.5711
24.955162,1.8474
24.958502,3.3156
24.962121,3.5993
24.964380,2.2357
24.967734,3.3079
24.971192,3.4375
24.972897,1.6819
24.977273,4.3535
24.980140,2.8452
24.983195,3.0303
24.986475,3.2552
24.988358,1.8623
24.993149,4.7691
24.995417,2.2457
24.998686,3.2454
25.001523,2.8163
25.003514,1.9706
25.009129,5.5909
25.011171,2.0177
25.016456,5.2618
25.018280,1.8043
25.021417,3.1132
25.025421,3.9976
25.027496,2.0667
25.032587,5.0715
25.034491,1.8941
25.039989,5.4833
25.042455,2.4439
25.047722,5.2478
25.049494,1.7541
25.053053,3.5395
25.056259,3.1815
25.058663,2.3814
25.063659,4.9754
25.065496,1.8145
25.069442,3.9261
25.072275,2.8109
25.074689,2.3904
25.079509,4.7948
25.081608,2.0787
25.083312,1.6790
25.088446,5.1098
25.091083,2.6175
25.094517,3.4110
25.097690,3.1520
25.099554,1.8430
25.102935,3.3611
25.106541,3.5854
25.109208,2.6469
25.114452,5.2188
25.116320,1.8474
25.120960,4.6149
25.123409,2.4252
25.125370,1.9397
25.130450,5.0314
25.132479,2.0072
25.137731,5.2302
25.139779,2.0277
25.141534,1.7346
25.147376,5.8215
25.149185,1.7653
25.155090,5.8832
25.157417,2.3051
25.162518,5.0809
25.164543,2.0019
25.169370,4.8065
25.172111,2.6991
25.173695,1.5591
25.178586,4.8702
25.180437,1.8314
25.184211,3.7495
25.187334,3.0997
25.189703,2.3456
25.193216,3.4923
25.195973,2.7342
25.197889,1.8925
25.202320,4.4090
25.204646,2.3028
25.206500,1.8333
25.211605,5.0851
25.213485,1.8543
25.217239,3.7338
25.220809,3.5468
25.222960,2.1271
25.228497,5.5130
25.230456,1.9372
25.235936,5.4597
25.238337,2.3794
25.242264,3.9015
25.245071,2.7846
25.246674,1.5805
25.251494,4.7990
25.253739,2.2255
25.255431,1.6714
25.260411,4.9590
25.262217,1.7842
25.263986,1.7442
25.268996,4.9863
25.271097,2.0776
25.272885,1.7653
25.277656,4.7486
25.279979,2.3020
25.281503,1.5019
25.287125,5.6012
25.289469,2.3208
25.293181,3.6885
25.295878,2.6731
25.297594,1.6923
25.300922,3.3080
25.304422,3.4757
25.306815,2.3698
25.308615,1.7789
25.313405,4.7655
25.315179,1.7489
25.318593,3.3899
25.322935,4.3169
25.325131,2.1752
25.328843,3.6901
25.331792,2.9266
25.333527,1.7114
25.337228,3.6804
25.340235,2.9849
25.342637,2.3769
25.347615,4.9565
25.349240,1.6053
25.350903,1.6408
25.356356,5.4311
25.359100,2.7196
25.364334,5.2116
25.366264,1.9061
25.370002,3.7144
25.372755,2.7289
25.375280,2.5014
25.380857,5.5521
25.382652,1.7749
25.384507,1.8347
25.389019,4.4917
25.391355,2.3124
25.393446,2.0662
25.398105,4.6384
25.399925,1.7963
25.403053,3.1054
25.406857,3.7784
25.409216,2.3352
25.412355,3.1134
25.415740,3.3628
25.417433,1.6694
25.419055,1.6023
25.424125,5.0501
25.426356,2.2066
25.428075,1.6960
25.432688,4.5897
25.434499,1.7916
25.436162,1.6373
25.441256,5.0717
25.444207,2.9337
25.449342,5.1124
25.451176,1.8138
25.452626,1.4272
25.458139,5.4936
25.460642,2.4807
25.465899,5.2369
25.467645,1.7245
25.469546,1.8804
25.474878,5.3122
25.477476,2.5749
25.482637,5.1407
25.484543,1.8860
25.487793,3.2296
25.491357,3.5411
25.493748,2.3680
25.499406,5.6361
25.501009,1.5828
25.502139,1.1073
25.503939,1.7789
25.509491,5.5285
25.511863,2.3513
25.517006,5.1204
25.518894,1.8653
25.522291,3.3742
25.526120,3.8073
25.528322,2.1796
25.530661,2.3158
25.532532,1.8504
25.534018,1.4664
25.535567,1.5416
25.537134,1.5469
25.538802,1.6455
25.540130,1.3062
25.541627,1.4900
25.543146,1.4998
25.544672,1.5038
25.546377,1.6867
25.547895,1.4831
25.549586,1.6708
25.550797,1.1950
25.552159,1.3388
25.553809,1.6429
25.555057,1.2260
25.556557,1.4919
25.557969,1.3957
25.559444,1.4676
25.560777,1.3136
25.561838,1.0384
25.563124,1.2797
25.564514,1.3705
25.565694,1.1592
25.566683,0.9834
25.567899,1.2122
25.569456,1.5520
25.570787,1.3093
25.572360,1.5658
25.573555,1.1739
25.574692,1.1318
25.575916,1.2125
25.577123,1.2021
25.578396,1.2674
25.579953,1.5498
25.581371,1.3966
25.583059,1.6503
25.584371,1.2896
25.585827,1.4173
25.587132,1.2860
25.588256,1.1164
25.589551,1.2900
25.590841,1.2691
25.592379,1.5298
25.594108,1.6976
25.595243,1.1169
25.596888,1.6368
25.598457,1.5494
25.600074,1.6013
25.601208,1.1119
25.602546,1.3306
25.603942,1.3812
25.605159,1.2100
25.606275,1.1106
25.607798,1.5042
25.609100,1.2843
25.610608,1.5006
25.612283,1.6602
25.613665,1.3630
25.614826,1.1382
25.616046,1.2134
25.617305,1.2533
25.618726,1.4158
25.620409,1.6604
25.622047,1.6175
25.623524,1.4556
25.624787,1.2465
25.626045,1.2510
25.627493,1.4420
25.629029,1.5160
25.630364,1.3159
25.631864,1.4797
25.633085,1.2034
25.634380,1.2869
25.635812,1.4138
25.636979,1.1460
25.638031,1.0446
25.639363,1.3258
25.640969,1.5856
25.642533,1.5428
25.644045,1.4963
25.645403,1.3343
25.646962,1.5449
25.648505,1.5214
25.649890,1.3700
25.651120,1.2231
25.652175,1.0497
25.653225,1.0443
25.654729,1.4989
25.655852,1.1019
25.657352,1.4933
25.658766,1.3900
25.660077,1.2912
25.661191,1.1068
25.662823,1.6144
25.664445,1.6008
25.665742,1.2787
25.667202,1.4415
25.668524,1.3152
25.669814,1.2741
25.671412,1.5915
25.672611,1.1792
25.673851,1.2246
25.675126,1.2676
25.676551,1.4203
25.677852,1.2812
25.679072,1.2118
25.680519,1.4418
25.681809,1.2727
25.683001,1.1849
25.684369,1.3629
25.686019,1.6185
25.686997,0.9554
25.688126,1.1217
25.689371,1.2386
25.690918,1.5421
25.692486,1.5467
25.693833,1.3290
25.695517,1.6653
25.697001,1.4685
25.698593,1.5709
25.700126,1.5168
25.701210,1.0617
25.702677,1.4583
25.703982,1.2898
25.705419,1.4298
25.706616,1.1760
25.707823,1.1910
25.709040,1.2106
25.710441,1.3953
25.712082,1.6247
25.713273,1.1721
25.714846,1.5663
25.716471,1.6046
25.717342,0.8551
25.718727,1.3799
25.720364,1.6183
25.721726,1.3267
25.723370,1.6240
25.724690,1.2794
25.725972,1.2742
25.727049,1.0710
25.728364,1.3096
25.729852,1.4466
25.731433,1.5583
25.733047,1.5932
25.734353,1.2848
25.735717,1.3573
25.737174,1.4384
25.738616,1.4198
25.739906,1.2745
25.741239,1.3263
25.742963,1.7188
25.744373,1.3875
25.745836,1.4323
25.747327,1.4705
25.748670,1.3222
25.749809,1.1243
25.750849,1.0333
25.752409,1.5539
25.753692,1.2601
25.754816,1.1181
25.756269,1.4470
25.757730,1.4381
25.759193,1.4420
25.760316,1.1159
25.761413,1.0891
25.762777,1.3489
25.764003,1.2194
25.765531,1.5227
25.767026,1.4797
25.768351,1.3044
25.769760,1.4017
25.771083,1.3045
25.772344,1.2539
25.773688,1.3384
25.775022,1.3163
25.776437,1.4085
25.777762,1.3052
25.779383,1.6003
25.780838,1.4207
25.782461,1.6014
25.784100,1.6167
25.785444,1.3224
25.786973,1.5129
25.788377,1.3817
25.789895,1.4910
25.791439,1.5260
25.792953,1.4959
25.794140,1.1630
25.795293,1.1466
25.796782,1.4709
25.798050,1.2507
25.799407,1.3504
25.800932,1.5052
25.802426,1.4721
25.803938,1.4981
25.805052,1.0901
25.806477,1.4079
25.808185,1.6876
25.809383,1.1751
25.810815,1.4004
25.812047,1.2119
25.813609,1.5554
25.815128,1.5032
25.816588,1.4385
25.817661,1.0590
25.818644,0.9783
25.819832,1.1834
25.821033,1.1967
25.822512,1.4728
25.823773,1.2452
25.825329,1.5345
25.826714,1.3638
25.828270,1.5353
25.829331,1.0541
25.831124,1.7710
25.832559,1.4140
25.833853,1.2788
25.835075,1.2157
25.836547,1.4668
25.838048,1.4854
25.839593,1.5235
25.841064,1.4563
25.842202,1.1193
25.843377,1.1685
25.844649,1.2659
25.845847,1.1939
25.847052,1.2016
25.848112,1.0552
25.849363,1.2451
25.851041,1.6736
25.852224,1.1626
25.853861,1.6170
25.855313,1.4293
25.856873,1.5403
25.858149,1.2545
25.859561,1.4049
25.861085,1.5075
25.862340,1.2334
25.863523,1.1739
25.864685,1.1586
25.865923,1.2347
25.867155,1.2269
25.868542,1.3820
25.869992,1.4302
25.871657,1.6436
25.873088,1.4139
25.874204,1.0968
25.875764,1.5383
25.877359,1.5728
25.878666,1.2842
25.880254,1.5733
25.881883,1.6095
25.883046,1.1447
25.884408,1.3544
25.885680,1.2563
25.886716,1.0216
25.887922,1.1980
25.889133,1.2059
25.890350,1.2124
25.891860,1.5041
25.893311,1.4285
25.895236,1.9180
25.896622,1.3623
25.897737,1.1091
25.898951,1.2094
25.900449,1.4922
25.901999,1.5222
25.903158,1.1356
25.904276,1.1108
25.905627,1.3459
25.906924,1.2708
25.908115,1.1847
25.909148,1.0269
25.910305,1.1512
25.911540,1.2301
25.912879,1.3333
25.914334,1.4496
25.915660,1.3213
25.916984,1.3061
25.918496,1.5046
25.919705,1.1906
25.921297,1.5702
25.922696,1.3764
25.924032,1.3125
25.925537,1.4986
25.926684,1.1270
25.927883,1.1923
25.929102,1.2136
25.930168,1.0601
25.931584,1.4116
25.932865,1.2626
25.934111,1.2399
25.935216,1.0991
25.936438,1.2171
25.937620,1.1766
25.938845,1.2204
25.940083,1.2332
25.941206,1.1180
25.942384,1.1567
25.943951,1.5287
25.945519,1.5463
25.947078,1.5401
25.948439,1.3394
25.949686,1.2253
25.950876,1.1845
25.952404,1.5228
25.953877,1.4534
25.955493,1.5955
25.957064,1.5538
25.958688,1.6022
25.959975,1.2702
25.961491,1.5087
25.963044,1.5371
25.964171,1.1042
25.965627,1.4363
25.966841,1.1989
25.968609,1.7603
25.969893,1.2686
25.971379,1.4796
25.972789,1.3963
25.974115,1.3075
25.975098,0.9757
25.976140,1.0355
25.977410,1.2639
25.978654,1.2352
25.980056,1.3976
25.981469,1.4077
25.982688,1.2016
25.983962,1.2527
25.985176,1.2072
25.986168,0.9852
25.987519,1.3452
25.989089,1.5509
25.990275,1.1665
25.991379,1.0973
25.992712,1.3003
25.994007,1.2720
25.995218,1.2042
25.996372,1.1488
25.997384,1.0069
25.998603,1.2039
25.999781,1.1745
26.001006,1.2194
26.002111,1.1004
26.003614,1.4770
26.004961,1.3293
26.006101,1.1328
26.007318,1.2117
26.008692,1.3686
26.010038,1.3237
26.011737,1.6919
26.013011,1.2507
26.014367,1.3499
26.015917,1.5042
26.017538,1.6019
26.018956,1.4026
26.020404,1.4304
26.021930,1.5034
26.023416,1.4646
26.024879,1.4437
26.026305,1.4079
26.028296,1.9733
26.029486,1.1783
26.030513,1.0231
26.031567,1.0521
26.032588,1.0182
26.033762,1.1715
26.035128,1.3605
26.036269,1.1354
26.037644,1.3702
26.038908,1.2470
26.040103,1.1866
26.041427,1.3184
26.042297,0.8584
26.043326,1.0235
26.044627,1.2936
26.045958,1.3183
26.047453,1.4726
26.048742,1.2759
26.050127,1.3615
26.052000,1.8496
26.053197,1.1735
26.054552,1.3331
26.055891,1.3269
26.057273,1.3571
26.058590,1.2960
26.059941,1.3393
26.061374,1.4106
26.062864,1.4468
26.064038,1.1516
26.065173,1.1159
26.066580,1.3858
26.067852,1.2594
26.069205,1.3315
26.070587,1.3589
26.071995,1.3968
26.073480,1.4599
26.074612,1.1190
26.075951,1.3270
26.077417,1.4440
26.078727,1.2902
26.080310,1.5585
26.081902,1.5683
26.083517,1.5883
26.084878,1.3494
26.086427,1.5261
26.087957,1.5178
26.089383,1.4070
26.090892,1.4679
26.092417,1.5021
26.093746,1.3061
26.095157,1.3909
26.096996,1.8167
26.098602,1.5839
26.099879,1.2643
26.100997,1.1109
26.102431,1.4288
26.104006,1.5609
26.105246,1.2167
26.106514,1.2611
26.107955,1.4276
26.109221,1.2428
26.110512,1.2840
26.111788,1.2532
26.113032,1.2367
26.114211,1.1728
26.115899,1.6832
26.117466,1.5447
26.118760,1.2794
26.120294,1.5113
26.121887,1.5727
26.123135,1.2298
26.124556,1.4135
26.125863,1.2926
26.127447,1.5765
26.128719,1.2572
26.130045,1.3034
26.131433,1.3810
26.132788,1.3370
26.134219,1.4092
26.135609,1.3720
26.136853,1.2293
26.138382,1.5223
26.139900,1.4771
26.141604,1.6822
26.142777,1.1579
26.143982,1.1977
26.145453,1.4657
26.146827,1.3593
26.148091,1.2441
26.149246,1.1472
26.150451,1.1993
26.151655,1.1987
26.152838,1.1794
26.153849,1.0069
26.155041,1.1869
26.156450,1.4040
26.157732,1.2648
26.159066,1.3120
26.160379,1.3055
26.161889,1.4929
26.163619,1.7093
26.164662,1.0263
26.165502,0.8338
26.166725,1.2182
26.167948,1.2183
26.169173,1.2202
26.170307,1.1290
26.171626,1.3137
26.172980,1.3295
26.174197,1.2109
26.175395,1.1921
26.176337,0.9355
26.177912,1.5706
26.179514,1.5806
26.180710,1.1779
26.182112,1.3946
26.183145,1.0282
26.184297,1.1471
26.185558,1.2554
26.186740,1.1766
26.187902,1.1566
26.189434,1.5264
26.190989,1.5305
26.192161,1.1495
26.193267,1.0989
26.194644,1.3712
26.195930,1.2672
26.197499,1.5616
26.198518,1.0005
26.199392,0.8679
26.200858,1.4609
26.202210,1.3461
26.203831,1.6156
26.205199,1.3422
26.206405,1.1985
26.207934,1.5200
26.209418,1.4634
26.211159,1.7235
26.212630,1.4449
26.213892,1.2459
26.215364,1.4649
26.216966,1.5823
26.218498,1.5093
26.219964,1.4497
26.221222,1.2390
26.222338,1.0977
26.223794,1.4342
26.225244,1.4292
26.226590,1.3384
26.228087,1.4793
26.229141,1.0276
26.230542,1.3936
26.231819,1.2625
26.233072,1.2313
26.234526,1.4463
26.235899,1.3595
26.237172,1.2549
26.238365,1.1716
26.239913,1.5108
26.241504,1.5672
26.242859,1.3343
26.244446,1.5623
26.245916,1.4572
26.247242,1.3026
26.249095,1.8456
26.250592,1.4746
26.252070,1.4637
26.253507,1.4146
26.254713,1.1910
26.255961,1.2289
26.257098,1.1303
26.258631,1.5271
26.259888,1.2426
26.261425,1.5304
26.262929,1.4827
26.264461,1.5090
26.265836,1.3594
26.266926,1.0706
26.268462,1.5185
26.270176,1.6993
26.271437,1.2388
26.272737,1.2858
26.273929,1.1851
26.275141,1.2059
26.276365,1.2192
26.277650,1.2800
26.278696,1.0279
26.279962,1.2591
26.281201,1.2338
26.282355,1.1484
26.283576,1.2137
26.285012,1.4197
26.286147,1.1287
26.287424,1.2707
26.289026,1.5854
26.290170,1.1254
26.291091,0.9020
26.292011,0.9135
26.293273,1.2573
26.294578,1.2996
26.295872,1.2787
26.297061,1.1828
26.298434,1.3671
26.299722,1.2722
26.300905,1.1752
26.302130,1.2187
26.303353,1.2177
26.304691,1.3326
26.306047,1.3365
26.307457,1.4039
26.308970,1.4964
26.310253,1.2595
26.311555,1.2949
26.312823,1.2513
26.314399,1.5538
26.315698,1.2780
26.316931,1.2177
26.318470,1.5315
26.319806,1.3208
26.321291,1.4664
26.322814,1.5160
26.323930,1.0981
26.325477,1.5389
26.327022,1.5307
26.328181,1.1379
26.329233,1.0430
26.330568,1.3301
26.331758,1.1866
26.333204,1.4411
26.334210,1.0017
26.335270,1.0560
26.336427,1.1518
26.337593,1.1608
26.338840,1.2434
26.339989,1.1447
26.341286,1.2919
26.342868,1.5582
26.344382,1.4932
26.345837,1.4171
26.347188,1.3286
26.348539,1.3444
26.349880,1.3235
26.351079,1.1921
26.352266,1.1808
26.353863,1.5774
26.355127,1.2445
26.356072,0.9378
26.357381,1.3025
26.358937,1.5227
26.360052,1.0942
26.361522,1.4624
26.362746,1.2069
26.364330,1.5762
26.365862,1.5112
26.367212,1.3277
26.368188,0.9569
26.369443,1.2452
26.370935,1.4771
26.372299,1.3400
26.373529,1.2229
26.374644,1.1089
26.375847,1.1969
26.377233,1.3819
26.378752,1.4966
26.380065,1.2944
26.381591,1.5060
26.382808,1.2011
26.384046,1.2304
26.385312,1.2444
26.386719,1.3997
26.387904,1.1656
26.389059,1.1483
26.390363,1.2984
26.391956,1.5727
26.393364,1.3868
26.394859,1.4753
26.396056,1.1802
26.397632,1.5679
26.399094,1.4473
26.400540,1.4266
26.401914,1.3523
26.403171,1.2333
26.404530,1.3520
26.405976,1.4308
26.407195,1.2124
26.408677,1.4767
26.409891,1.1988
26.411137,1.2391
26.412199,1.0473
26.413137,0.9318
26.414415,1.2717
26.415678,1.2565
26.416726,1.0444
26.417918,1.1869
26.419122,1.1981
26.420308,1.1805
26.421374,1.0611
26.422822,1.4393
26.424341,1.4964
26.425813,1.4505
26.427098,1.2649
26.428142,1.0367
26.429230,1.0825
26.430524,1.2883
26.431845,1.2985
26.433265,1.4126
26.434563,1.2818
26.435808,1.2404
26.437060,1.2461
26.438197,1.1318
26.439370,1.1679
26.440689,1.2899
26.442024,1.3292
26.443510,1.4812
26.444920,1.3923
26.446539,1.5961
26.447687,1.1313
26.448931,1.2372
26.450271,1.3346
26.451596,1.3203
26.453100,1.4847
26.454657,1.5354
26.456408,1.7358
26.457913,1.4875
26.459366,1.4358
26.460930,1.5296
26.462143,1.1918
26.463442,1.2916
26.464880,1.4229
26.466451,1.5515
26.468111,1.6403
26.469281,1.1481
26.470789,1.5003
26.472084,1.2751
26.473366,1.2600
26.474765,1.3921
26.476265,1.4776
26.477710,1.4236
26.478928,1.2020
26.480200,1.2648
26.481211,0.9941
26.482160,0.9268
26.483114,0.9455
26.484264,1.1446
26.485424,1.1384
26.486668,1.2281
26.487877,1.2027
26.489502,1.6191
26.491049,1.5323
26.492198,1.1258
26.493547,1.3423
26.494881,1.3100
26.496162,1.2734
26.497529,1.3603
26.498874,1.3221
26.500371,1.4893
26.501893,1.4859
26.503301,1.3844
26.504688,1.3654
26.505988,1.2840
26.507294,1.2997
26.508582,1.2726
26.509735,1.1482
26.510928,1.1873
26.512351,1.4180
26.513500,1.1443
26.514508,0.9902
26.515693,1.1796
26.516962,1.2637
26.518536,1.5683
26.519848,1.2950
26.521307,1.4517
26.522928,1.5993
26.524486,1.5363
26.525627,1.1249
26.526892,1.2496
26.528093,1.1943
26.529312,1.2131
26.530592,1.2746
26.532115,1.5023
26.533351,1.2292
26.534804,1.4468
26.536213,1.3893
26.537266,1.0328
26.538763,1.4741
26.540419,1.6361
26.541825,1.3847
26.543034,1.1859
26.544548,1.5071
26.545986,1.4223
26.547430,1.4230
26.549039,1.5817
26.550412,1.3516
26.551885,1.4565
26.553399,1.4926
26.554905,1.4997
26.556429,1.5024
26.557768,1.3230
26.559072,1.2823
26.560188,1.1003
26.561365,1.1701
26.562988,1.6176
26.564370,1.3538
26.565807,1.4032
26.567078,1.2486
26.568534,1.4494
26.570020,1.4649
26.571428,1.3872
26.573088,1.6366
26.574287,1.1776
26.575620,1.3267
26.577231,1.5962
26.578426,1.1726
26.579634,1.2033
26.580866,1.2264
26.581922,1.0504
26.583424,1.4973
26.584931,1.4901
26.586488,1.5355
26.587958,1.4552
26.589263,1.2832
26.590601,1.3155
26.591827,1.2102
26.592850,1.0169
26.593970,1.1137
26.595425,1.4498
26.597217,1.7769
26.598638,1.3993
26.600136,1.4829
26.601487,1.3442
26.602807,1.3037
26.603936,1.1102
26.605149,1.2051
26.606273,1.1187
26.607639,1.3607
26.609131,1.4759
26.610406,1.2535
26.611611,1.1942
26.612810,1.1833
26.613833,1.0168
26.615198,1.3597
26.616511,1.2914
26.617796,1.2650
26.618993,1.1798
26.620313,1.3132
26.621905,1.5741
26.623365,1.4398
26.624958,1.5762
26.626443,1.4669
26.627861,1.3994
26.629147,1.2649
26.630312,1.1462
26.631800,1.4655
26.633141,1.3279
26.634427,1.2719
26.635583,1.1435
26.636521,0.9244
26.637707,1.1796
26.639054,1.3416
26.640433,1.3736
26.642102,1.6486
26.643243,1.1190
26.644573,1.3160
26.645825,1.2396
26.646856,1.0232
26.647888,1.0273
26.648996,1.1025
26.649921,0.9208
26.651016,1.0887
26.652489,1.4678
26.653918,1.4122
26.655298,1.3573
26.656737,1.4173
26.657915,1.1554
26.659195,1.2590
26.660608,1.3918
26.661757,1.1348
26.662871,1.1067
26.664004,1.1279
26.665044,1.0342
26.666570,1.5213
26.667851,1.2654
26.669165,1.3065
26.670568,1.3832
26.671807,1.2226
26.673052,1.2377
26.674421,1.3645
26.676075,1.6375
26.677238,1.1412
26.678599,1.3544
26.680289,1.6734
26.681652,1.3443
26.682831,1.1649
26.683980,1.1421
26.685479,1.4930
26.686905,1.4106
26.688442,1.5181
26.689836,1.3723
26.691064,1.2091
26.692502,1.4303
26.693954,1.4309
26.695302,1.3264
26.696683,1.3613
26.697929,1.2307
26.699172,1.2367
26.700599,1.4214
26.701695,1.0813
26.702848,1.1460
26.704372,1.5193
26.705843,1.4340
26.707064,1.1978
26.708382,1.3110
26.709793,1.3842
26.711419,1.6056
26.712999,1.5579
26.714412,1.3922
26.715963,1.5364
26.717336,1.3514
26.718801,1.4443
26.720403,1.5803
26.721767,1.3404
26.723298,1.5137
26.724895,1.5728
26.726175,1.2612
26.727535,1.3378
26.728703,1.1475
26.729930,1.2198
26.731249,1.3133
26.732547,1.2925
26.733811,1.2506
26.734906,1.0875
26.736017,1.1047
26.737370,1.3485
26.738874,1.4658
26.740225,1.3296
26.741540,1.3072
26.742852,1.2919
26.744422,1.5629
26.745799,1.3573
26.747205,1.3838
26.748675,1.4530
26.749985,1.2892
26.751043,1.0513
26.752438,1.3893
26.753963,1.5084
26.755374,1.3908
26.756761,1.3557
26.758026,1.2413
26.759404,1.3599
26.760992,1.5746
26.762421,1.4061
26.763954,1.5117
26.765375,1.3968
26.767008,1.5968
26.768786,1.7560
26.769887,1.0840
26.771270,1.3628
26.772653,1.3609
26.773928,1.2613
26.775364,1.4292
26.776943,1.5621
26.778449,1.4844
26.779799,1.3333
26.781165,1.3450
26.782861,1.6786
26.784019,1.1361
26.785444,1.4182
26.786750,1.2923
26.788318,1.5456
26.789684,1.3451
26.790906,1.2074
26.792032,1.1191
26.793376,1.3390
26.794708,1.2943
26.795970,1.2390
26.797417,1.4402
26.798994,1.5574
26.800352,1.3379
26.801947,1.5762
26.803301,1.3305
26.804685,1.3662
26.805923,1.2239
26.807073,1.1426
26.808416,1.3378
26.809778,1.3418
26.811409,1.6080
26.812693,1.2669
26.813918,1.2060
26.815085,1.1602
26.816154,1.0635
26.817401,1.2258
26.818873,1.4627
26.820335,1.4420
26.821765,1.4081
26.823476,1.6885
26.824945,1.4475
26.826414,1.4493
26.827923,1.4943
26.829311,1.3649
26.830858,1.5298
26.832156,1.2759
26.833657,1.4945
26.834881,1.2093
26.836074,1.1863
26.837466,1.3725
26.838951,1.4696
26.840428,1.4568
26.841747,1.2969
26.843369,1.6055
26.844595,1.1843
26.845756,1.1566
26.846740,0.9789
26.847662,0.9153
26.848889,1.2236
26.850303,1.4087
26.851855,1.5285
26.853295,1.4186
26.854879,1.5642
26.856424,1.5234
26.857653,1.2140
26.858624,0.9661
26.859939,1.3107
26.861437,1.4930
26.862768,1.3096
26.863909,1.1350
26.865224,1.2890
26.866576,1.3455
26.867829,1.2334
26.869418,1.5813
26.870597,1.1634
26.872048,1.4358
26.873280,1.2106
26.874651,1.3575
26.876250,1.5841
26.877647,1.3763
26.878942,1.2804
26.880402,1.4531
26.881609,1.1822
26.882600,0.9771
26.883959,1.3440
26.885480,1.4990
26.887048,1.5432
26.888399,1.3301
26.889649,1.2263
26.890768,1.1054
26.892093,1.3054
26.893313,1.1963
26.894672,1.3373
26.896171,1.4867
26.897540,1.3469
26.898876,1.3240
26.900287,1.3939
26.901534,1.2235
26.902859,1.3124
26.903657,0.7793
26.904897,1.2350
26.906234,1.3305
26.907728,1.4680
26.909444,1.6914
26.910921,1.4617
26.912422,1.4801
26.913683,1.2463
26.915155,1.4482
26.916428,1.2505
26.917791,1.3505
26.919356,1.5399
26.920719,1.3394
26.921906,1.1605
26.923442,1.5143
26.924896,1.4409
26.926128,1.2078
26.927418,1.2707
26.928883,1.4528
26.930101,1.1928
26.931441,1.3203
26.932845,1.3777
26.934020,1.1509
26.935375,1.3313
26.936674,1.2717
26.937625,0.9390
26.938585,0.9478
26.939970,1.3741
26.941412,1.4183
26.942700,1.2690
26.944011,1.2865
26.945384,1.3518
26.946868,1.4424
26.948365,1.4708
26.949369,0.9695
26.950647,1.2478
26.952233,1.5744
26.953545,1.2926
26.955090,1.5336
26.956451,1.3395
26.957707,1.2329
26.959104,1.3726
26.960532,1.4059
26.961658,1.1044
26.962640,0.9710
26.963799,1.1470
26.965132,1.3124
26.966406,1.2532
26.967859,1.4347
26.969357,1.4744
26.970550,1.1710
26.972067,1.5049
26.973097,1.0050
26.974317,1.2032
26.975715,1.3744
26.977126,1.3867
26.978439,1.2895
26.979650,1.2001
26.980979,1.3175
26.982418,1.4165
26.983845,1.4110
26.984711,0.8446
26.985638,0.9051
26.986967,1.3187
26.988346,1.3555
26.989605,1.2346
26.990942,1.3143
26.992371,1.4107
26.994022,1.6120
26.995472,1.4258
26.996331,0.8477
26.997283,0.9390
26.998583,1.2785
26.999936,1.3306
27.001411,1.4552
27.002620,1.1897
27.003957,1.3257
27.005416,1.4364
27.006834,1.3983
27.008251,1.3937
27.009604,1.3291
27.010896,1.2806
27.012360,1.4457
27.013590,1.1870
27.014660,1.0587
27.016324,1.6522
27.017619,1.2749
27.019005,1.3637
27.020451,1.4226
27.021732,1.2626
27.023093,1.3393
27.024494,1.3772
27.026072,1.5632
27.027496,1.4028
27.028886,1.3784
27.030053,1.1427
27.031135,1.0636
27.032448,1.2981
27.033744,1.2822
27.035408,1.6444
27.037064,1.6404
27.038641,1.5582
27.039977,1.3250
27.041434,1.4362
27.042434,0.9891
27.043933,1.4888
27.045373,1.4181
27.046419,0.9998
27.047407,0.9746
27.048775,1.3528
27.050374,1.5781
27.051803,1.3921
27.053456,1.6280
27.054982,1.5110
27.056417,1.4123
27.058225,1.7918
27.059612,1.3639
27.061068,1.4433
27.062583,1.4927
27.063810,1.2147
27.065011,1.1932
27.066383,1.3665
27.067751,1.3378
27.068939,1.1673
27.070462,1.5160
27.071900,1.4159
27.073434,1.5097
27.074825,1.3696
27.076400,1.5526
27.077692,1.2725
27.079091,1.3854
27.080421,1.3101
27.081797,1.3672
27.083001,1.1983
27.084444,1.4377
27.085905,1.4433
27.087189,1.2656
27.088687,1.4752
27.090306,1.5997
27.091766,1.4364
27.093008,1.2244
27.094414,1.3987
27.095966,1.5377
27.097375,1.3896
27.098663,1.2589
27.099840,1.1626
27.101056,1.2087
27.102610,1.5472
27.103997,1.3719
27.105624,1.6054
27.106990,1.3507
27.108497,1.4845
27.109846,1.3271
27.111055,1.1912
27.112352,1.2752
27.113671,1.3028
27.114863,1.1787
27.116288,1.4010
27.117619,1.3087
27.118985,1.3538
27.120452,1.4439
27.121617,1.1521
27.122423,0.7930
27.123657,1.2287
27.125278,1.6085
27.126628,1.3283
27.128013,1.3721
27.129433,1.3959
27.130764,1.3089
27.132083,1.2980
27.133461,1.3541
27.135087,1.6132
27.136513,1.3998
27.137707,1.1815
27.139052,1.3332
27.140551,1.4770
27.141806,1.2414
27.143294,1.4644
27.144897,1.5856
27.146522,1.6078
27.148014,1.4801
27.149415,1.3845
27.150739,1.3069
27.152057,1.2941
27.153463,1.3819
27.154909,1.4341
27.155949,1.0171
27.157171,1.2033
27.158594,1.4012
27.159707,1.1007
27.161102,1.3733
27.162613,1.4865
27.164006,1.3816
27.165265,1.2385
27.166681,1.3980
27.167652,0.9593
27.168658,0.9933
27.170074,1.4055
27.171449,1.3524
27.172763,1.2973
27.174124,1.3392
27.175520,1.3717
27.176865,1.3330
27.178139,1.2571
27.180094,1.9336
27.181434,1.3193
27.182529,1.0829
27.183820,1.2789
27.185354,1.5126
27.186881,1.5040
27.188186,1.2849
27.190073,1.8616
27.191159,1.0652
27.192439,1.2618
27.193779,1.3277
27.195075,1.2748
27.196429,1.3311
27.197729,1.2877
27.199111,1.3577
27.200432,1.2929
27.201646,1.2023
27.202585,0.9273
27.203377,0.7805
27.204674,1.2915
27.206027,1.3341
27.207431,1.3817
27.208965,1.5116
27.210438,1.4522
27.211743,1.2928
27.213195,1.4294
27.214499,1.2842
27.216082,1.5710
27.217383,1.2829
27.218713,1.2937
27.219880,1.1558
27.221450,1.5494
27.222914,1.4521
27.224331,1.3938
27.225763,1.4089
27.227142,1.3573
27.228562,1.3960
27.229759,1.1848
27.231015,1.2349
27.232519,1.4851
27.233568,1.0352
27.234723,1.1517
27.235898,1.1692
27.237092,1.1895
27.238270,1.1726
27.239657,1.3828
27.241258,1.5857
27.242637,1.3564
27.244042,1.3914
27.245178,1.1308
27.246230,1.0471
27.247359,1.1230
27.248844,1.4621
27.250146,1.2785
27.251323,1.1702
27.252677,1.3473
27.253932,1.2406
27.255112,1.1737
27.256331,1.2131
27.257592,1.2559
27.258747,1.1413
27.259959,1.2047
27.261100,1.1362
27.262203,1.0977
27.263620,1.4121
27.264916,1.2800
27.266458,1.5352
27.267907,1.4332
27.269401,1.4721
27.270622,1.2062
27.271916,1.2786
27.273585,1.6615
27.274806,1.2047
27.276012,1.1828
27.277445,1.4260
27.278805,1.3435
27.280328,1.4995
27.281609,1.2588
27.282661,1.0369
27.283837,1.1724
27.284963,1.1201
27.286739,1.7709
27.288103,1.3416
27.289554,1.4289
27.290719,1.1510
27.291973,1.2456
27.293057,1.0785
27.294373,1.3115
27.295828,1.4119
27.297338,1.4882
27.298782,1.4232
27.299979,1.1749
27.301338,1.3517
27.302379,1.0189
27.303623,1.2191
27.304548,0.9204
27.305948,1.3939
27.307167,1.2140
27.308572,1.3990
27.309885,1.2886
27.311280,1.3869
27.312652,1.3506
27.313927,1.2598
27.315235,1.3008
27.316229,0.9751
27.317579,1.3280
27.318879,1.2860
27.320406,1.5200
27.321997,1.5765
27.323442,1.4234
27.324925,1.4676
27.326590,1.6440
27.327764,1.1549
27.329418,1.6366
27.330835,1.4023
27.332060,1.2060
27.333531,1.4633
27.335079,1.5336
27.336360,1.2621
27.337663,1.2959
27.338931,1.2475
27.340216,1.2776
27.341667,1.4302
27.342895,1.2127
27.344408,1.5054
27.345950,1.5205
27.347298,1.3300
27.349023,1.7035
27.350384,1.3391
27.351677,1.2557
27.352958,1.2668
27.354150,1.1862
27.355513,1.3571
27.357116,1.5888
27.358575,1.4363
27.359839,1.2491
27.360955,1.1082
27.362108,1.1473
27.363131,1.0185
27.364331,1.1949
27.365752,1.4164
27.367152,1.3779
27.368575,1.3996
27.369800,1.2035
27.371027,1.2203
27.372508,1.4753
27.373937,1.4087
27.375238,1.2788
27.376646,1.4007
27.378187,1.5252
27.379615,1.4071
27.380907,1.2765
27.382332,1.4180
27.384046,1.6923
27.385042,0.9762
27.386412,1.3605
27.387868,1.4336
27.389383,1.4929
27.390887,1.4697
27.392383,1.4778
27.394081,1.6617
27.395299,1.1941
27.396301,0.9957
27.397567,1.2576
27.398877,1.2919
27.400021,1.1370
27.401548,1.5214
27.403033,1.4683
27.404250,1.1959
27.405636,1.3786
27.407081,1.4225
27.408202,1.1001
27.409311,1.1014
27.410400,1.0826
27.411303,0.8939
27.412621,1.3153
27.413808,1.1821
27.415014,1.2013
27.416132,1.1128
27.417530,1.3924
27.418536,0.9889
27.419407,0.8639
27.420688,1.2729
27.421851,1.1567
27.423139,1.2829
27.424589,1.4450
27.426030,1.4227
27.427429,1.3913
27.428997,1.5487
27.430339,1.3213
27.431820,1.4592
27.433074,1.2346
27.434599,1.5181
27.436113,1.4972
27.437421,1.2850
27.438967,1.5248
27.440374,1.3882
27.441957,1.5489
27.443406,1.4271
27.445265,1.8389
27.446665,1.3772
27.447840,1.1597
27.449072,1.2248
27.450413,1.3363
27.452086,1.6577
27.453610,1.5007
27.454892,1.2664
27.456126,1.2273
27.457260,1.1282
27.458658,1.3929
27.459723,1.0613
27.460925,1.1989
27.462066,1.1358
27.463263,1.1921
27.464495,1.2109
27.465803,1.2905
27.467050,1.2406
27.468416,1.3604
27.469708,1.2745
27.471233,1.5177
27.472733,1.4797
27.473985,1.2334
27.475223,1.2316
27.476570,1.3416
27.477918,1.3307
27.479326,1.4007
27.480710,1.3793
27.481919,1.1869
27.483464,1.5376
27.485041,1.5575
27.486502,1.4405
27.488288,1.7676
27.489879,1.5691
27.491490,1.5872
27.492852,1.3463
27.494167,1.2937
27.495154,0.9799
27.496380,1.2192
27.498043,1.6341
27.499638,1.5740
27.500823,1.1693
27.502067,1.2360
27.503364,1.2750
27.504786,1.4149
27.506409,1.6033
27.507956,1.5318
27.509425,1.4509
27.511002,1.5559
27.512356,1.3347
27.513672,1.2983
27.514909,1.2228
27.516366,1.4503
27.517905,1.5059
27.519254,1.3269
27.520556,1.2851
27.521798,1.2281
27.523002,1.1906
27.524330,1.3224
27.525891,1.5423
27.527177,1.2638
27.528316,1.1321
27.529597,1.2762
27.530799,1.1967
27.532024,1.2180
27.533436,1.4074
27.534940,1.4877
27.536284,1.3226
27.537854,1.5491
27.539470,1.5948
27.540717,1.2306
27.542006,1.2705
27.543717,1.6901
27.545216,1.4792
27.546668,1.4344
27.548050,1.3669
27.549541,1.4677
27.550519,0.9629
27.551585,1.0599
27.552707,1.1184
27.553894,1.1839
27.555058,1.1590
27.556515,1.4523
27.558031,1.4985
27.559162,1.1071
27.560625,1.4558
27.562122,1.4807
27.563568,1.4256
27.564849,1.2625
27.566451,1.5948
27.567942,1.4744
27.574207,6.2435
27.575369,1.1404
27.577040,1.6282
27.578625,1.5641
27.580305,1.6626
27.581804,1.4771
27.583060,1.2319
27.584789,1.7224
27.586466,1.6585
27.587826,1.3432
27.589037,1.1912
27.590279,1.2343
27.591866,1.5810
27.593500,1.6138
27.595035,1.5149
27.596729,1.6717
27.597998,1.2471
27.599418,1.4122
27.601100,1.6639
27.602602,1.4803
27.604203,1.5856
27.605636,1.4107
27.606885,1.2337
27.608506,1.6139
27.609984,1.4630
27.611516,1.5088
27.613086,1.5543
27.614580,1.4754
27.616092,1.4967
27.617344,1.2302
27.618669,1.3176
27.619961,1.2750
27.621446,1.4787
27.622964,1.5025
27.624332,1.3501
27.625870,1.5139
27.627515,1.6239
27.628924,1.3940
27.630194,1.2483
27.631418,1.2067
27.632916,1.4770
27.634361,1.4273
27.635767,1.3851
27.637057,1.2684
27.638396,1.3171
27.639705,1.2949
27.641040,1.3151
27.642361,1.3009
27.643641,1.2605
27.644976,1.3218
27.646466,1.4686
27.647771,1.2808
27.649020,1.2274
27.650441,1.3970
27.651751,1.2975
27.653100,1.3263
27.654544,1.4203
27.655751,1.1835
27.657173,1.3964
27.658658,1.4612
27.659848,1.1788
27.661316,1.4444
27.662543,1.2056
27.663428,0.8737
27.664274,0.8409
27.665166,0.8884
27.666604,1.4331
27.667894,1.2777
27.669366,1.4487
27.670619,1.2352
27.671684,1.0523
27.673043,1.3466
27.674432,1.3679
27.675431,0.9850
27.676316,0.8740
27.677732,1.4025
27.679076,1.3256
27.680509,1.4097
27.681750,1.2299
27.683147,1.3760
27.684516,1.3461
27.685764,1.2356
27.687146,1.3591
27.688364,1.1943
27.689623,1.2508
27.691087,1.4535
27.692120,1.0249
27.693599,1.4770
27.694920,1.3070
27.696350,1.4084
27.697529,1.1617
27.698278,0.7377
27.699110,0.8270
27.700401,1.2706
27.701787,1.3642
27.703037,1.2284
27.704481,1.4228
27.705780,1.2776
27.707336,1.5347
27.708664,1.3058
27.709728,1.0520
27.710616,0.8651
27.711410,0.7816
27.712483,1.0661
27.713596,1.1064
27.714586,0.9843
27.715644,1.0559
27.716940,1.2907
27.718449,1.4794
27.719796,1.3270
27.721135,1.3183
27.722109,0.9556
27.723076,0.9478
27.724308,1.2132
27.725655,1.3223
27.726799,1.1282
27.728157,1.3415
27.729565,1.3909
27.730804,1.2267
27.732421,1.5937
27.733713,1.2753
27.734857,1.1322
27.736093,1.2143
27.737426,1.3127
27.738885,1.4479
27.740450,1.5428
27.741765,1.2985
27.742897,1.1099
27.744373,1.4496
27.745652,1.2447
27.746563,0.8995
27.747340,0.7653
27.748575,1.2300
27.749777,1.1907
27.751079,1.2793
27.752372,1.2764
27.753728,1.3285
27.755042,1.3025
27.756413,1.3492
27.757639,1.2038
27.759056,1.4057
27.760449,1.3715
27.761734,1.2629
27.763118,1.3631
27.764846,1.7031
27.766033,1.1631
27.767498,1.4443
27.768872,1.3633
27.770300,1.4034
27.772030,1.7061
27.773451,1.3950
27.774909,1.4444
27.776424,1.4908
27.777783,1.3466
27.779171,1.3623
27.780288,1.0920
27.781373,1.0649
27.782282,0.8757
27.783328,1.0264
27.784660,1.3126
27.785803,1.1322
27.787159,1.3348
27.788454,1.2705
27.789771,1.2926
27.791183,1.3885
27.792502,1.2961
27.794028,1.5148
27.795406,1.3541
27.796821,1.3980
27.798020,1.1774
27.799442,1.4003
27.800913,1.4457
27.802114,1.1766
27.803356,1.2184
27.804678,1.3021
27.805914,1.2254
27.807435,1.4999
27.808843,1.3910
27.810189,1.3265
27.811308,1.0968
27.812863,1.5358
27.814434,1.5476
27.815780,1.3337
27.817227,1.4230
27.818870,1.6278
27.820370,1.4793
27.821686,1.2831
27.823041,1.3430
27.824378,1.3176
27.825629,1.2160
27.826907,1.2667
27.828405,1.4744
27.829520,1.0966
27.830407,0.8752
27.831701,1.2838
27.833010,1.2896
27.834408,1.3745
27.835778,1.3440
27.837448,1.6462
27.838789,1.3219
27.840276,1.4623
27.841742,1.4432
27.843119,1.3629
27.844651,1.5098
27.845922,1.2594
27.847117,1.1709
27.848429,1.2883
27.849666,1.2140
27.851039,1.3628
27.852491,1.4261
27.854067,1.5646
27.855374,1.2846
27.857056,1.4478
27.858710,1.6312
27.859677,0.9465
27.861066,1.3789
27.862370,1.2821
27.863652,1.2511
27.864904,1.2421
27.866281,1.3506
27.867675,1.3717
27.869044,1.3474
27.870373,1.3052
27.871931,1.5231
27.873408,1.4524
27.874859,1.4393
27.876153,1.2712
27.877598,1.4207
27.878889,1.2808
27.880323,1.4106
27.881771,1.4247
27.882620,0.8293
27.883422,0.7904
27.884515,1.0886
27.885906,1.3802
27.887418,1.4857
27.888967,1.5338
27.890468,1.4811
27.891742,1.2623
27.892893,1.1290
27.894313,1.3963
27.895532,1.1948
27.896896,1.3437
27.898401,1.4826
27.899613,1.1928
27.901222,1.5974
27.902532,1.2860
27.903718,1.1741
27.905074,1.3356
27.906410,1.3102
27.907754,1.3322
27.909058,1.2839
27.910420,1.3421
27.911695,1.2536
27.913068,1.3496
27.914498,1.4056
27.915836,1.3256
27.916960,1.1051
27.918429,1.4468
27.919713,1.2716
27.921297,1.5621
27.922576,1.2599
27.923881,1.2944
27.925186,1.2826
27.926304,1.0966
27.927145,0.8225
27.928063,0.8998
27.929566,1.4788
27.930947,1.3694
27.932440,1.4698
27.933906,1.4557
27.935382,1.4547
27.936898,1.4753
27.938336,1.4150
27.939403,1.0444
27.940910,1.4869
27.942495,1.5631
27.944261,1.7436
27.945807,1.5237
27.947351,1.5210
27.948683,1.3071
27.950017,1.3223
27.951434,1.3940
27.952626,1.1787
27.953781,1.1428
27.955356,1.5519
27.956665,1.2863
27.957983,1.3063
27.959471,1.4661
27.960922,1.4331
27.961812,0.8689
27.962929,1.0982
27.964513,1.5624
27.965811,1.2820
27.967407,1.5739
27.968853,1.4242
27.970425,1.5481
27.971781,1.3369
27.973012,1.2086
27.974317,1.2863
27.975568,1.2278
27.976860,1.2810
27.978328,1.4461
27.979660,1.3083
27.981052,1.3799
27.982412,1.3381
27.983699,1.2707
27.984694,0.9770
27.985688,0.9800
27.987072,1.3720
27.988441,1.3458
27.989882,1.4293
27.991402,1.4980
27.992920,1.5026
27.994337,1.3956
27.995681,1.3226
27.996596,0.8961
27.997376,0.7679
27.998705,1.3248
28.000413,1.6866
28.001863,1.4295
28.003361,1.4743
28.004752,1.3691
28.006232,1.4579
28.007828,1.5740
28.009416,1.5663
28.010882,1.4468
28.012066,1.1600
28.013406,1.3212
28.014655,1.2314
28.015809,1.1417
28.017440,1.6148
28.018663,1.1970
28.019586,0.9119
28.020377,0.7789
28.021643,1.2607
28.023049,1.3945
28.024499,1.4264
28.026091,1.5755
28.027364,1.2499
28.028635,1.2327
28.030048,1.4014
28.031424,1.3536
28.032828,1.3925
28.034345,1.5010
28.035675,1.3070
28.037086,1.3969
28.038361,1.2508
28.039710,1.3306
28.041333,1.5994
28.042824,1.4693
28.044068,1.2266
28.045401,1.3100
28.046649,1.2359
28.047836,1.1760
28.049324,1.4660
28.051131,1.7853
28.052651,1.4954
28.054035,1.3717
28.055373,1.3142
28.056908,1.5042
28.058380,1.4472
28.059772,1.3610
28.061462,1.6654
28.062853,1.3667
28.064012,1.1348
28.065340,1.3074
28.066587,1.2229
28.067730,1.1328
28.069146,1.3965
28.070622,1.4533
28.072005,1.3721
28.073414,1.3879
28.074715,1.2852
28.075572,0.8388
28.076360,0.7761
28.077499,1.1350
28.078818,1.3083
28.080093,1.2524
28.081433,1.3152
28.082428,0.9758
28.083630,1.1921
28.084937,1.2955
28.086506,1.5453
28.087753,1.2359
28.089102,1.3277
28.090526,1.4001
28.091774,1.2369
28.093306,1.5159
28.094590,1.2762
28.095833,1.2313
28.097059,1.2184
28.098317,1.2529
28.099806,1.4726
28.101068,1.2381
28.102636,1.5610
28.104073,1.4227
28.105420,1.3244
28.106861,1.4304
28.108445,1.5786
28.109860,1.3883
28.111228,1.3461
28.112760,1.5249
28.114374,1.5922
28.115754,1.3412
28.117036,1.2591
28.118523,1.4797
28.119951,1.4129
28.121060,1.0885
28.122419,1.3517
28.123996,1.5582
28.125491,1.4742
28.126833,1.3272
28.128457,1.6086
28.129933,1.4614
28.131063,1.1088
28.131957,0.8757
28.133148,1.1733
28.134651,1.4810
28.136043,1.3800
28.137373,1.3053
28.138850,1.4435
28.140363,1.4910
28.141747,1.3524
28.143274,1.5056
28.144657,1.3591
28.146044,1.3752
28.147537,1.4724
28.148865,1.3158
28.150267,1.3805
28.151897,1.6062
28.153321,1.3994
28.154553,1.2077
28.156036,1.4706
28.157335,1.2750
28.158825,1.4672
28.160342,1.4951
28.161697,1.3314
28.163067,1.3570
28.164303,1.2155
28.165339,1.0203
28.166199,0.8412
28.167494,1.2758
28.168928,1.4227
28.170140,1.1893
28.171783,1.6235
28.173360,1.5580
28.174763,1.3797
28.176061,1.2705
28.177384,1.2983
28.178359,0.9429
28.179680,1.3072
28.181262,1.5645
28.182588,1.3043
28.183818,1.2179
28.185115,1.2731
28.186438,1.2996
28.187708,1.2559
28.189044,1.3105
28.190492,1.4238
28.191959,1.4467
28.193379,1.4025
28.195025,1.6056
28.196490,1.4407
28.197903,1.4009
28.199414,1.4970
28.200432,0.9964
28.201421,0.9782
28.202632,1.1991
28.203805,1.1617
28.205271,1.4431
28.206563,1.2733
28.207749,1.1749
28.209107,1.3338
28.210371,1.2463
28.211618,1.2146
28.212609,0.9801
28.213912,1.2911
28.215498,1.5634
28.216911,1.4013
28.218372,1.4371
28.219618,1.2060
28.220946,1.3166
28.222420,1.4496
28.223666,1.2355
28.224575,0.8967
28.225363,0.7764
28.226544,1.1757
28.227671,1.1161
28.229054,1.3724
28.230312,1.2340
28.231726,1.3931
28.233060,1.3089
28.234496,1.4130
28.236022,1.5143
28.237489,1.4497
28.238887,1.3858
28.239999,1.0883
28.241376,1.3531
28.242622,1.2060
28.243804,1.1694
28.245290,1.4628
28.246410,1.0967
28.247284,0.8568
28.248578,1.2810
28.249783,1.1938
28.251178,1.3733
28.252407,1.2052
28.253663,1.2449
28.254832,1.1579
28.255785,0.9292
28.257039,1.2282
28.258402,1.3404
28.259685,1.2717
28.260989,1.2925
28.262473,1.4610
28.263791,1.3079
28.265349,1.5346
28.266640,1.2715
28.267935,1.2830
28.269333,1.3758
28.270378,1.0232
28.271668,1.2517
28.273071,1.3916
28.274932,1.8385
28.276345,1.3907
28.277773,1.4063
28.279218,1.4224
28.280670,1.4305
28.282027,1.3447
28.283314,1.2732
28.284735,1.4027
28.286136,1.3784
28.287646,1.4881
28.289005,1.3476
28.290495,1.4724
28.291727,1.2151
28.293422,1.6799
28.294620,1.1861
28.295518,0.8857
28.296931,1.4000
28.298415,1.4610
28.299651,1.2224
28.300947,1.2842
28.302414,1.4436
28.303414,0.9887
28.304431,0.9947
28.305866,1.4247
28.307351,1.4609
28.308634,1.2594
28.309959,1.3144
28.311380,1.4004
28.312582,1.1660
28.313777,1.1842
28.315210,1.4092
28.316425,1.1905
28.318075,1.6390
28.319523,1.4240
28.321076,1.5410
28.322543,1.4418
28.323881,1.3270
28.325330,1.4336
28.326337,0.9825
28.327951,1.5952
28.329410,1.4339
28.330793,1.3666
28.332309,1.4947
28.333627,1.2943
28.334937,1.2975
28.336379,1.4190
28.337842,1.4268
28.339419,1.5526
28.340834,1.3975
28.341997,1.1421
28.343285,1.2661
28.344705,1.3985
28.345908,1.1903
28.347374,1.4444
28.348373,0.9657
28.349357,0.9578
28.350597,1.2203
28.351937,1.3284
28.353384,1.4233
28.354922,1.5109
28.356370,1.4258
28.357721,1.3150
28.358987,1.2418
28.360380,1.3699
28.361641,1.2215
28.362412,0.7592
28.363672,1.2489
28.364541,0.8579
28.365290,0.7381
28.366441,1.1458
28.367565,1.1129
28.368927,1.3509
28.370497,1.5439
28.371715,1.2074
28.372943,1.2033
28.374422,1.4533
28.375757,1.3120
28.377066,1.2865
28.378458,1.3678
28.379663,1.1917
28.380573,0.8985
28.381511,0.9258
28.382294,0.7719
28.383153,0.8543
28.384270,1.0967
28.385315,1.0213
28.386276,0.9533
28.387608,1.3121
28.388923,1.3048
28.390419,1.4708
28.391658,1.2170
28.392989,1.3199
28.394219,1.2061
28.395322,1.0853
28.396574,1.2281
28.397874,1.2892
28.399372,1.4790
28.400803,1.3844
28.402291,1.4671
28.403282,0.9686
28.404600,1.2965
28.405554,0.9416
28.406337,0.7712
28.407607,1.2659
28.408919,1.3011
28.410356,1.4153
28.411637,1.2625
28.412934,1.2725
28.414403,1.4479
28.415684,1.2579
28.417044,1.3447
28.418509,1.4406
28.419674,1.1500
28.421051,1.3564
28.422503,1.4278
28.423838,1.3135
28.425248,1.3851
28.426496,1.2265
28.427711,1.2038
28.428716,0.9894
28.429620,0.8922
28.430760,1.1288
28.431965,1.1852
28.433311,1.3229
28.434607,1.2771
28.435682,1.0641
28.436950,1.2576
28.438428,1.4532
28.440129,1.6759
28.441229,1.0744
28.442474,1.2355
28.443964,1.4678
28.445336,1.3499
28.446689,1.3306
28.447934,1.2332
28.449425,1.4686
28.451170,1.7264
28.452512,1.3235
28.454140,1.6057
28.455422,1.2583
28.456635,1.1999
28.457925,1.2806
28.459403,1.4525
28.460789,1.3611
28.462302,1.4902
28.463532,1.2082
28.464746,1.2026
28.465943,1.1897
28.467398,1.4499
28.468810,1.3887
28.469986,1.1541
28.471587,1.5932
28.472888,1.2893
28.474080,1.1833
28.475510,1.4239
28.476715,1.1919
28.477977,1.2548
28.479380,1.3970
28.480797,1.3851
28.482205,1.3843
28.483695,1.4656
28.485166,1.4488
28.486713,1.5273
28.487872,1.1365
28.489487,1.6080
28.490792,1.2767
28.491908,1.1088
28.493415,1.5018
28.494654,1.2234
28.495737,1.0785
28.496891,1.1494
28.498011,1.1143
28.499412,1.3954
28.500696,1.2634
28.501994,1.2912
28.503346,1.3476
28.504894,1.5288
28.506378,1.4652
28.507658,1.2462
28.508682,1.0084
28.509917,1.2275
28.511288,1.3661
28.512698,1.3913
28.514319,1.5995
28.515910,1.5735
28.516998,1.0655
28.518174,1.1539
28.519272,1.0912
28.520422,1.1301
28.521931,1.4923
28.523423,1.4771
28.524975,1.5300
28.526184,1.1879
28.527358,1.1670
28.528936,1.5568
28.530315,1.3574
28.531767,1.4332
28.533300,1.5110
28.534536,1.2143
28.535760,1.2107
28.537088,1.3205
28.538440,1.3469
28.539992,1.5346
28.541479,1.4655
28.542644,1.1473
28.543861,1.2029
28.545101,1.2324
28.546591,1.4837
28.548098,1.4917
28.549319,1.2011
28.550604,1.2778
28.551874,1.2490
28.552954,1.0737
28.554210,1.2504
28.555511,1.2810
28.556812,1.2861
28.558182,1.3476
28.559521,1.3309
28.560877,1.3342
28.562431,1.5324
28.563918,1.4669
28.564937,0.9996
28.566419,1.4745
28.567744,1.3103
28.568921,1.1556
28.570442,1.5146
28.571790,1.3302
28.573371,1.5591
28.574660,1.2579
28.575941,1.2668
28.577300,1.3527
28.578587,1.2672
28.580051,1.4496
28.581370,1.3116
28.583278,1.8757
28.584859,1.5592
28.586441,1.5592
28.587359,0.9012
28.588661,1.2964
28.589880,1.2040
28.591070,1.1835
28.592623,1.5469
28.594109,1.4708
28.595209,1.0822
28.596630,1.4129
28.597770,1.1246
28.598834,1.0570
28.600061,1.2224
28.601595,1.5290
28.603330,1.7192
28.604689,1.3366
28.605981,1.2759
28.607336,1.3474
28.608753,1.3982
28.610289,1.5140
28.611719,1.4053
28.613022,1.2800
28.614348,1.3196
28.615921,1.5541
28.617382,1.4393
28.618888,1.4722
28.620040,1.1306
28.621287,1.2287
28.622797,1.4926
28.624173,1.3544
28.625577,1.3975
28.627136,1.5444
28.628873,1.7134
28.630438,1.5449
28.631668,1.2083
28.632818,1.1432
28.634011,1.1870
28.635337,1.3204
28.636913,1.5568
28.638486,1.5524
28.639840,1.3389
28.641449,1.5865
28.642672,1.2013
28.643695,1.0093
28.644854,1.1524
28.646495,1.6357
28.648228,1.7142
28.649610,1.3606
28.650812,1.1867
28.652338,1.5184
28.653743,1.3834
28.655055,1.2891
28.656192,1.1155
28.657562,1.3626
28.658825,1.2487
28.659980,1.1481
28.661315,1.3304
28.662752,1.4181
28.664160,1.3868
28.665262,1.0956
28.666419,1.1357
28.667884,1.4508
28.668988,1.0974
28.670476,1.4827
28.671957,1.4605
28.673495,1.5169
28.674865,1.3510
28.676440,1.5507
28.678046,1.5840
28.679426,1.3593
28.680881,1.4350
28.682427,1.5243
28.683639,1.1905
28.684850,1.1967
28.686323,1.4661
28.687663,1.3180
28.688888,1.2115
28.690379,1.4843
28.692062,1.6515
28.693358,1.2737
28.694645,1.2807
28.695848,1.1880
28.697298,1.4433
28.698735,1.4159
28.699818,1.0617
28.700991,1.1661
28.702156,1.1590
28.703195,1.0339
28.704659,1.4589
28.706180,1.5059
28.707811,1.6089
28.709379,1.5460
28.710431,1.0128
28.711636,1.1852
28.712832,1.1914
28.714000,1.1632
28.715213,1.2080
28.716567,1.3491
28.717930,1.3454
28.719136,1.1845
28.720374,1.2309
28.721926,1.5229
28.723431,1.4825
28.724893,1.4475
28.726312,1.3975
28.727884,1.5519
28.729122,1.2169
28.730084,0.9542
28.731242,1.1508
28.732310,1.0632
28.734027,1.6937
28.735339,1.2890
28.736765,1.4198
28.738050,1.2634
28.739445,1.3882
28.740928,1.4623
28.742284,1.3347
28.743628,1.3232
28.744918,1.2759
28.746114,1.1896
28.747233,1.1129
28.748393,1.1558
28.749696,1.2928
28.750999,1.2827
28.752238,1.2311
28.753961,1.7184
28.755430,1.4476
28.756990,1.5399
28.758430,1.4179
28.759866,1.4203
28.761093,1.2043
28.762264,1.1644
28.763628,1.3580
28.764847,1.2036
28.766131,1.2768
28.767944,1.7922
28.769405,1.4394
28.771057,1.6350
28.772301,1.2253
28.773595,1.2874
28.774977,1.3771
28.776231,1.2490
28.777635,1.3848
28.779096,1.4458
28.780369,1.2547
28.781959,1.5586
28.783428,1.4463
28.785030,1.5844
28.786403,1.3494
28.788008,1.5886
28.789382,1.3523
28.790893,1.4827
28.792093,1.1780
28.793431,1.3307
28.794902,1.4486
28.796441,1.5169
28.797916,1.4518
28.799184,1.2490
28.800384,1.1849
28.801565,1.1578
28.802668,1.0998
28.803879,1.2077
28.805027,1.1429
28.806410,1.3786
28.807727,1.2992
28.809253,1.5109
28.810325,1.0657
28.811859,1.5117
28.813450,1.5705
28.814511,1.0396
28.815780,1.2530
28.817082,1.2659
28.818649,1.5486
28.820005,1.3423
28.821660,1.6325
28.823065,1.3913
28.824495,1.4058
28.825897,1.3884
28.827314,1.3955
28.828631,1.2955
28.829956,1.3126
28.831491,1.5119
28.832587,1.0832
28.833397,0.7974
28.834657,1.2523
28.836055,1.3848
28.837540,1.4632
28.839208,1.6515
28.840573,1.3435
28.841944,1.3578
28.843460,1.4946
28.844927,1.4502
28.846362,1.4137
28.847648,1.2636
28.849146,1.4856
28.850546,1.3792
28.851790,1.2317
28.853086,1.2721
28.854430,1.3207
28.855838,1.3959
28.857255,1.3977
28.858526,1.2503
28.859726,1.1875
28.861187,1.4394
28.862919,1.7108
28.864372,1.4289
28.865972,1.5489
28.867462,1.4678
28.868934,1.4566
28.870423,1.4658
28.871738,1.2935
28.873173,1.4124
28.874537,1.3412
28.876041,1.4915
28.877406,1.3409
28.878770,1.3455
28.880042,1.2500
28.881411,1.3464
28.882944,1.5202
28.884475,1.5067
28.886060,1.5733
28.887444,1.3605
28.888883,1.4272
28.889888,0.9868
28.891164,1.2569
28.892565,1.3792
28.893685,1.1079
28.895061,1.3585
28.896412,1.3316
28.898093,1.6698
28.899310,1.1945
28.900933,1.6047
28.902212,1.2564
28.903738,1.5071
28.905159,1.3978
28.906432,1.2514
28.908041,1.5965
28.909419,1.3557
28.910877,1.4339
28.912281,1.3819
28.913846,1.5449
28.915182,1.3116
28.916583,1.3787
28.917960,1.3648
28.919383,1.4009
28.920840,1.4223
28.922277,1.4147
28.923688,1.3892
28.925083,1.3806
28.926525,1.4206
28.927995,1.4583
28.929498,1.4810
28.930778,1.2688
28.932148,1.3475
28.933527,1.3577
28.934571,1.0316
28.935615,1.0319
28.936966,1.3393
28.938371,1.3810
28.939716,1.3051
28.941079,1.3411
28.942653,1.5505
28.944025,1.3602
28.945494,1.4468
28.946634,1.1241
28.947717,1.0712
28.949035,1.2960
28.950494,1.4366
28.952232,1.7216
28.953585,1.3315
28.954802,1.2052
28.956255,1.4296
28.957611,1.3387
28.958558,0.9353
28.959347,0.7767
28.960647,1.2957
28.962225,1.5657
28.963625,1.3784
28.965163,1.5265
28.966353,1.1686
28.967755,1.3837
28.969181,1.4044
28.970556,1.3532
28.972063,1.4941
28.973404,1.3192
28.974730,1.3136
28.976062,1.3177
28.977409,1.3295
28.978699,1.2783
28.980057,1.3358
28.981239,1.1610
28.982210,0.9514
28.983518,1.2837
28.985134,1.6046
28.986372,1.2162
28.987793,1.3889
28.989377,1.5613
28.990687,1.2739
28.992058,1.3595
28.993163,1.0856
28.994478,1.2930
28.995936,1.4425
28.997498,1.5375
28.998735,1.2249
29.000053,1.2960
29.001455,1.3809
29.002783,1.3039
29.003998,1.1926
29.005244,1.2305
29.006661,1.3950
29.008245,1.5726
29.009604,1.3372
29.010958,1.3421
29.012308,1.3306
29.013892,1.5621
29.015292,1.3780
29.016350,1.0376
29.017817,1.4440
29.019103,1.2644
29.020435,1.3136
29.021885,1.4301
29.023482,1.5746
29.024875,1.3771
29.026210,1.3189
29.027613,1.3763
29.029243,1.6179
29.030613,1.3487
29.031971,1.3461
29.033131,1.1403
29.034339,1.1863
29.035620,1.2586
29.036658,1.0267
29.037948,1.2782
29.039125,1.1533
29.040420,1.2758
29.041721,1.2844
29.042841,1.0955
29.044121,1.2576
29.045429,1.2863
29.046752,1.3118
29.048462,1.6883
29.049617,1.1391
29.050434,0.8052
29.051638,1.1938
29.053034,1.3849
29.054433,1.3767
29.055897,1.4445
29.057201,1.2820
29.058569,1.3469
29.059930,1.3489
29.061190,1.2379
29.062495,1.2835
29.063596,1.0765
29.065090,1.4835
29.066523,1.4096
29.067737,1.2036
29.069075,1.3179
29.070601,1.5046
29.071803,1.1908
29.072993,1.1672
29.074264,1.2518
29.075615,1.3315
29.076966,1.3400
29.078410,1.4200
29.079771,1.3450
29.081195,1.4016
29.082822,1.6044
29.083999,1.1532
29.084875,0.8542
29.085820,0.9218
29.086891,1.0472
29.088240,1.3257
29.089964,1.7020
29.091448,1.4618
29.093104,1.6342
29.094401,1.2750
29.095432,1.0168
29.096423,0.9804
29.097953,1.5203
29.099366,1.3909
29.100679,1.2765
29.101933,1.2434
29.103432,1.4752
29.104873,1.4232
29.106416,1.5207
29.107957,1.5192
29.109357,1.3792
29.110587,1.2058
29.111963,1.3649
29.113470,1.4854
29.114896,1.4136
29.116296,1.3784
29.117932,1.6147
29.118989,1.0343
29.120203,1.1952
29.121598,1.3736
29.122868,1.2577
29.124307,1.4175
29.125923,1.5948
29.127427,1.4821
29.128676,1.2338
29.129776,1.0886
29.130875,1.0796
29.132063,1.1692
29.133764,1.6796
29.135149,1.3691
29.136647,1.4776
29.138024,1.3653
29.139494,1.4454
29.140750,1.2444
29.142159,1.3865
29.143686,1.5039
29.145111,1.3931
29.146413,1.2782
29.147868,1.4425
29.149349,1.4567
29.150791,1.4177
29.152246,1.4334
29.153638,1.3753
29.154816,1.1661
29.156343,1.5035
29.157847,1.4806
29.159331,1.4616
29.160602,1.2464
29.161947,1.3330
29.163520,1.5495
29.164723,1.1904
29.165594,0.8497
29.166402,0.7959
29.167596,1.1862
29.168786,1.1782
29.170156,1.3462
29.171440,1.2599
29.172640,1.1887
29.173957,1.3061
29.175412,1.4346
29.177053,1.6284
29.178314,1.2377
29.179592,1.2573
29.180856,1.2523
29.182371,1.4922
29.183669,1.2633
29.185002,1.3210
29.186492,1.4660
29.187702,1.1950
29.188587,0.8660
29.189361,0.7626
29.190551,1.1845
29.191787,1.2248
29.193215,1.4029
29.194565,1.3293
29.195964,1.3875
29.197419,1.4341
29.198860,1.4220
29.200333,1.4517
29.201845,1.4879
29.203332,1.4626
29.204614,1.2587
29.205951,1.3250
29.207408,1.4331
29.208889,1.4586
29.210000,1.0889
29.211420,1.4011
29.212919,1.4759
29.214282,1.3432
29.215312,1.0082
29.216542,1.2126
29.217611,1.0576
29.219093,1.4704
29.220432,1.3078
29.221637,1.1912
29.222941,1.2932
29.224329,1.3671
29.225550,1.1978
29.226888,1.3258
29.228408,1.4967
29.229705,1.2748
29.231051,1.3219
29.232509,1.4338
29.233630,1.0979
29.234567,0.9256
29.235880,1.3014
29.237266,1.3642
29.238630,1.3448
29.240069,1.4282
29.241506,1.4136
29.242752,1.2348
29.244102,1.3304
29.245149,1.0224
29.246274,1.1054
29.247849,1.5565
29.249446,1.5726
29.250601,1.1423
29.251402,0.7899
29.252798,1.3872
29.254439,1.6191
29.256003,1.5488
29.257459,1.4320
29.258975,1.4934
29.260414,1.4152
29.262213,1.7875
29.263641,1.4023
29.264854,1.2009
29.266442,1.5815
29.267959,1.4968
29.269428,1.4466
29.270741,1.2980
29.272207,1.4448
29.273615,1.3861
29.274894,1.2660
29.276495,1.5934
29.277870,1.3536
29.279070,1.1769
29.280412,1.3353
29.281837,1.4110
29.283348,1.4883
29.284694,1.3229
29.286099,1.3861
29.287586,1.4792
29.288704,1.1041
29.289758,1.0473
29.290726,0.9631
29.291894,1.1613
29.293046,1.1469
29.294310,1.2591
29.295863,1.5323
29.297143,1.2592
29.298492,1.3409
29.299953,1.4399
29.301162,1.1876
29.302378,1.1960
29.303685,1.2874
29.305014,1.3070
29.306426,1.4055
29.307845,1.3976
29.309056,1.1896
29.310504,1.4401
29.311856,1.3369
29.312942,1.0676
29.314112,1.1622
29.315617,1.4998
29.316910,1.2769
29.318353,1.4356
29.319715,1.3575
29.320929,1.1978
29.322444,1.5082
29.323767,1.3015
29.325082,1.2930
29.326527,1.4375
29.327963,1.4205
29.329136,1.1538
29.330199,1.0560
29.331434,1.2294
29.332683,1.2436
29.333871,1.1822
29.335096,1.2206
29.336062,0.9611
29.337312,1.2442
29.338478,1.1598
29.339682,1.1985
29.340744,1.0574
29.341971,1.2223
29.343512,1.5352
29.345067,1.5371
29.346230,1.1418
29.347619,1.3693
29.348896,1.2604
29.350425,1.5212
29.351801,1.3565
29.353410,1.5892
29.354988,1.5565
29.356346,1.3359
29.357851,1.4841
29.359428,1.5566
29.361142,1.6943
29.362249,1.0846
29.363629,1.3706
29.364999,1.3550
29.366421,1.4035
29.367886,1.4507
29.369369,1.4614
29.370953,1.5535
29.372252,1.2762
29.373844,1.5713
29.375420,1.5542
29.376644,1.2097
29.377922,1.2643
29.378932,1.0036
29.380210,1.2723
29.381418,1.1903
29.382562,1.1273
29.383830,1.2605
29.385055,1.2201
29.386431,1.3705
29.387849,1.3970
29.389410,1.5420
29.391043,1.6173
29.392141,1.0740
29.393017,0.8680
29.394072,1.0485
29.395443,1.3648
29.396560,1.0941
29.397584,1.0186
29.398935,1.3476
29.400428,1.4878
29.401709,1.2752
29.402946,1.2320
29.404319,1.3686
29.405964,1.6230
29.407441,1.4547
29.409024,1.5649
29.410350,1.3050
29.411710,1.3534
29.412891,1.1634
29.414419,1.5213
29.415813,1.3777
29.417436,1.5999
29.418931,1.4727
29.420431,1.4775
29.421763,1.3139
29.422876,1.0952
29.424008,1.1249
29.425508,1.4937
29.427066,1.5433
29.428224,1.1355
29.429404,1.1738
29.430538,1.1253
29.431752,1.2100
29.432961,1.2042
29.434062,1.0961
29.435418,1.3506
29.436873,1.4379
29.438454,1.5612
29.439729,1.2556
29.440994,1.2442
29.442282,1.2814
29.444201,1.8958
29.445203,0.9809
29.446696,1.4839
29.448139,1.4221
29.449282,1.1201
29.450505,1.2142
29.451913,1.3931
29.453448,1.5288
29.454950,1.4860
29.456087,1.1150
29.457113,1.0028
29.458487,1.3545
29.459854,1.3482
29.461345,1.4677
29.462867,1.4997
29.464502,1.6121
29.465887,1.3711
29.467241,1.3218
29.468422,1.1731
29.469754,1.3157
29.470792,1.0194
29.471726,0.9264
29.472907,1.1756
29.474425,1.5121
29.476068,1.6208
29.477178,1.0899
29.478564,1.3785
29.479850,1.2634
29.481417,1.5605
29.482915,1.4754
29.484128,1.1923
29.485541,1.4061
29.487019,1.4568
29.488498,1.4717
29.489980,1.4622
29.491380,1.3801
29.492926,1.5036
29.494419,1.4718
29.495829,1.3921
29.497131,1.2810
29.498204,1.0658
29.499345,1.1348
29.500804,1.4532
29.501776,0.9520
29.502815,1.0310
29.504212,1.3921
29.505799,1.5629
29.507359,1.5351
29.508957,1.5776
29.510433,1.4548
29.511988,1.5365
29.513141,1.1317
29.514315,1.1550
29.515673,1.3491
29.516954,1.2670
29.518143,1.1823
29.519529,1.3803
29.520651,1.1071
29.521818,1.1618
29.523004,1.1814
29.524124,1.1145
29.525170,1.0413
29.526380,1.2048
29.527893,1.5003
29.529381,1.4685
29.530903,1.5052
29.532449,1.5242
29.533786,1.3158
29.535021,1.2139
29.536453,1.4246
29.537849,1.3788
29.539107,1.2368
29.540259,1.1451
29.541653,1.3888
29.542841,1.1715
29.544258,1.4098
29.545660,1.3838
29.546644,0.9686
29.547829,1.1799
29.549216,1.3823
29.550411,1.1887
29.551522,1.1046
29.552725,1.1988
29.553905,1.1753
29.555125,1.2152
29.556547,1.4168
29.557738,1.1682
29.558877,1.1315
29.560193,1.3112
29.561400,1.2015
29.562837,1.4298
29.564459,1.5982
29.565989,1.5099
29.567329,1.3166
29.568326,0.9899
29.569626,1.2940
29.570992,1.3613
29.572233,1.2361
29.573667,1.4130
29.574927,1.2416
29.576158,1.2245
29.577537,1.3738
29.578813,1.2564
29.580082,1.2608
29.581287,1.1994
29.582578,1.2859
29.584142,1.5456
29.585439,1.2896
29.586909,1.4515
29.588477,1.5457
29.589842,1.3480
29.591274,1.4099
29.592668,1.3734
29.594103,1.4141
29.595329,1.2178
29.596621,1.2868
29.597828,1.2016
29.599058,1.2250
29.600441,1.3777
29.601900,1.4397
29.603273,1.3496
29.604675,1.3949
29.605929,1.2360
29.607377,1.4406
29.608934,1.5190
29.610183,1.2265
29.611619,1.4279
29.613004,1.3670
29.614426,1.4150
29.615899,1.4563
29.617425,1.5065
29.618832,1.3899
29.620374,1.5204
29.622044,1.6374
29.623453,1.3878
29.624674,1.2052
29.625892,1.2025
29.627412,1.5125
29.629126,1.6992
29.630592,1.4457
29.631599,0.9912
29.632710,1.0963
29.633863,1.1459
29.635170,1.3010
29.636254,1.0789
29.637295,1.0190
29.638604,1.2866
29.639806,1.1880
29.641125,1.3121
29.642432,1.2774
29.643664,1.2182
29.645059,1.3816
29.646478,1.3964
29.647616,1.1240
29.648596,0.9666
29.650018,1.4087
29.651455,1.4146
29.652933,1.4603
29.654442,1.4866
29.656038,1.5728
29.657339,1.2789
29.658938,1.5769
29.660139,1.1765
29.661553,1.3898
29.662629,1.0642
29.664057,1.4170
29.665435,1.3592
29.666891,1.4444
29.668497,1.5838
29.669848,1.3268
29.671465,1.5938
29.672885,1.4084
29.674182,1.2733
29.675574,1.3686
29.676953,1.3674
29.678406,1.4274
29.679861,1.4420
29.681116,1.2308
29.682418,1.2809
29.683858,1.4290
29.685255,1.3732
29.686831,1.5529
29.688406,1.5511
29.689682,1.2608
29.690769,1.0750
29.692132,1.3427
29.693449,1.2926
29.694956,1.4911
29.696421,1.4421
29.697707,1.2731
29.699046,1.3181
29.700467,1.3961
29.701739,1.2602
29.702848,1.0882
29.703701,0.8326
29.704648,0.9295
29.705877,1.2176
29.707345,1.4473
29.708912,1.5478
29.710300,1.3679
29.711557,1.2328
29.712927,1.3592
29.714499,1.5514
29.715363,0.8442
29.716357,0.9802
29.717624,1.2473
29.718672,1.0366
29.720231,1.5482
29.721552,1.2996
29.722763,1.2003
29.724135,1.3522
29.725562,1.4003
29.726838,1.2652
29.728044,1.1865
29.729437,1.3711
29.730706,1.2547
29.731955,1.2377
29.733369,1.3884
29.734611,1.2160
29.735948,1.3259
29.737233,1.2658
29.738218,0.9633
29.739052,0.8181
29.740341,1.2706
29.741896,1.5315
29.743280,1.3601
29.744606,1.3025
29.745887,1.2688
29.747157,1.2471
29.748525,1.3461
29.749780,1.2447
29.750773,0.9696
29.752080,1.2796
29.753424,1.3258
29.754655,1.2188
29.755962,1.2964
29.757399,1.4133
29.758639,1.2245
29.759859,1.2090
29.761505,1.6255
29.762296,0.7681
29.763510,1.2087
29.764709,1.1873
29.766055,1.3330
29.767427,1.3481
29.768793,1.3548
29.770206,1.3930
29.771426,1.2016
29.772893,1.4494
29.773991,1.0783
29.775139,1.1284
29.776352,1.1868
29.777600,1.2293
29.778960,1.3348
29.780435,1.4534
29.781905,1.4477
29.783323,1.3984
29.784899,1.5497
29.785766,0.8457
29.786717,0.9292
29.788032,1.2891
29.789513,1.4608
29.790809,1.2841
29.792214,1.3812
29.793906,1.6683
29.795260,1.3310
29.796878,1.5959
29.797764,0.8633
29.798730,0.9463
29.800047,1.2960
29.801415,1.3435
29.802694,1.2670
29.803955,1.2373
29.805444,1.4645
29.806415,0.9452
29.807298,0.8689
29.808611,1.2994
29.809399,0.7761
29.810121,0.7147
29.811422,1.2975
29.812877,1.4286
29.814517,1.6161
29.816073,1.5446
29.817242,1.1487
29.818554,1.2918
29.819788,1.2223
29.821141,1.3312
29.822026,0.8645
29.823454,1.4054
29.824690,1.2206
29.826082,1.3690
29.827487,1.3805
29.828795,1.2928
29.830083,1.2641
29.831486,1.3795
29.832706,1.2074
29.833804,1.0768
29.834869,1.0431
29.836374,1.4814
29.837719,1.3133
29.839090,1.3469
29.840491,1.3771
29.841905,1.4030
29.843226,1.2966
29.844598,1.3481
29.845408,0.7976
29.846219,0.7985
29.847473,1.2402
29.849034,1.5461
29.850431,1.3758
29.851667,1.2114
29.852889,1.2107
29.854403,1.4897
29.856048,1.6340
29.857192,1.1175
29.858473,1.2620
29.859874,1.3854
29.861226,1.3277
29.862598,1.3479
29.863869,1.2597
29.865245,1.3524
29.866600,1.3330
29.867664,1.0515
29.868607,0.9309
29.869367,0.7485
29.870589,1.2175
29.871852,1.2397
29.873079,1.2071
29.874676,1.5742
29.875895,1.1995
29.877323,1.4036
29.878587,1.2459
29.879886,1.2872
29.881192,1.2878
29.882365,1.1519
29.883658,1.2741
29.884619,0.9504
29.885604,0.9727
29.886877,1.2618
29.888352,1.4530
29.889890,1.5141
29.890952,1.0380
29.891813,0.8423
29.893121,1.2869
29.894507,1.3673
29.895699,1.1809
29.897073,1.3591
29.898563,1.4659
29.899873,1.2991
29.901205,1.3089
29.902418,1.1891
29.903402,0.9639
29.904252,0.8346
29.905367,1.1015
29.906662,1.2650
29.907968,1.2952
29.909416,1.4277
29.910873,1.4393
29.912321,1.4286
29.913683,1.3377
29.915359,1.6538
29.916608,1.2305
29.917932,1.3126
29.919243,1.2902
29.920431,1.1683
29.921774,1.3326
29.923197,1.4022
29.924640,1.4199
29.925910,1.2579
29.927370,1.4408
29.928589,1.1867
29.929792,1.1918
29.931303,1.4881
29.932487,1.1594
29.933635,1.1366
29.935104,1.4572
29.936503,1.3750
29.937832,1.3175
29.938939,1.0878
29.940449,1.4842
29.941722,1.2546
29.943049,1.3014
29.944503,1.4300
29.945658,1.1424
29.946985,1.3154
29.948377,1.3713
29.949635,1.2237
29.950560,0.9133
29.951872,1.3006
29.953307,1.4115
29.954525,1.1917
29.955899,1.3626
29.957516,1.5929
29.958903,1.3758
29.960328,1.4005
29.961338,0.9859
29.962603,1.2458
29.963998,1.3834
29.965221,1.2041
29.966422,1.1814
29.967845,1.4115
29.969337,1.4678
29.970694,1.3336
29.971946,1.2397
29.973400,1.4339
29.974816,1.4048
29.976323,1.4867
29.977938,1.5919
29.979410,1.4515
29.980855,1.4245
29.982340,1.4638
29.983350,0.9866
29.984623,1.2521
29.985960,1.3254
29.987432,1.4458
29.988899,1.4556
29.990427,1.5076
29.991677,1.2254
29.993292,1.5949
29.994741,1.4277
29.995922,1.1574
29.997341,1.3923
29.998344,0.9797
29.999817,1.4521
30.001260,1.4193
